event_id,user_id,event_type,product_id,event_time
1,783,visit,,2025-09-25 19:55:00
2,783,product_view,1067.0,2025-09-25 19:57:00
3,783,add_to_cart,1067.0,2025-09-25 19:59:00
4,783,checkout,1067.0,2025-09-25 20:01:00
5,675,visit,,2025-09-08 04:13:00
6,675,product_view,1058.0,2025-09-08 04:18:00
7,675,add_to_cart,1058.0,2025-09-08 04:20:00
8,633,visit,,2025-09-29 16:58:00
9,633,product_view,1089.0,2025-09-29 17:00:00
10,1157,visit,,2025-07-21 10:04:00
11,1157,product_view,1118.0,2025-07-21 10:05:00
12,1157,add_to_cart,1118.0,2025-07-21 10:07:00
13,653,visit,,2025-08-22 13:19:00
14,653,product_view,1113.0,2025-08-22 13:22:00
15,653,add_to_cart,1113.0,2025-08-22 13:24:00
16,653,checkout,1113.0,2025-08-22 13:25:00
17,653,purchase,1113.0,2025-08-22 13:28:00
18,547,visit,,2025-09-11 19:14:00
19,547,product_view,1078.0,2025-09-11 19:16:00
20,736,visit,,2025-09-27 15:08:00
21,736,product_view,1011.0,2025-09-27 15:13:00
22,736,add_to_cart,1011.0,2025-09-27 15:16:00
23,736,checkout,1011.0,2025-09-27 15:18:00
24,736,purchase,1011.0,2025-09-27 15:19:00
25,396,visit,,2025-07-05 13:48:00
26,553,visit,,2025-07-29 23:42:00
27,419,visit,,2025-07-23 14:55:00
28,419,product_view,1009.0,2025-07-23 14:58:00
29,506,visit,,2025-08-21 01:38:00
30,506,product_view,1055.0,2025-08-21 01:42:00
31,808,visit,,2025-09-12 19:34:00
32,808,product_view,1079.0,2025-09-12 19:35:00
33,808,add_to_cart,1079.0,2025-09-12 19:39:00
34,808,checkout,1079.0,2025-09-12 19:40:00
35,504,visit,,2025-09-07 12:47:00
36,504,product_view,1067.0,2025-09-07 12:51:00
37,504,add_to_cart,1067.0,2025-09-07 12:52:00
38,504,checkout,1067.0,2025-09-07 12:54:00
39,504,purchase,1067.0,2025-09-07 12:56:00
40,945,visit,,2025-08-24 09:39:00
41,1414,visit,,2025-07-19 14:53:00
42,1414,product_view,1067.0,2025-07-19 14:54:00
43,232,visit,,2025-09-13 22:34:00
44,232,product_view,1024.0,2025-09-13 22:38:00
45,232,add_to_cart,1024.0,2025-09-13 22:39:00
46,232,checkout,1024.0,2025-09-13 22:42:00
47,414,visit,,2025-08-28 02:16:00
48,414,product_view,1113.0,2025-08-28 02:18:00
49,254,visit,,2025-07-15 22:28:00
50,254,product_view,1012.0,2025-07-15 22:29:00
51,254,add_to_cart,1012.0,2025-07-15 22:33:00
52,1048,visit,,2025-07-21 12:35:00
53,1048,product_view,1079.0,2025-07-21 12:37:00
54,1159,visit,,2025-09-23 04:10:00
55,367,visit,,2025-07-07 13:19:00
56,367,product_view,1099.0,2025-07-07 13:23:00
57,367,add_to_cart,1099.0,2025-07-07 13:25:00
58,367,checkout,1099.0,2025-07-07 13:26:00
59,8,visit,,2025-08-02 00:29:00
60,8,product_view,1080.0,2025-08-02 00:33:00
61,8,add_to_cart,1080.0,2025-08-02 00:34:00
62,8,checkout,1080.0,2025-08-02 00:36:00
63,8,purchase,1080.0,2025-08-02 00:39:00
64,975,visit,,2025-08-22 14:05:00
65,975,product_view,1059.0,2025-08-22 14:06:00
66,975,add_to_cart,1059.0,2025-08-22 14:09:00
67,975,checkout,1059.0,2025-08-22 14:12:00
68,426,visit,,2025-07-24 04:03:00
69,426,product_view,1007.0,2025-07-24 04:04:00
70,426,add_to_cart,1007.0,2025-07-24 04:05:00
71,1236,visit,,2025-08-12 02:03:00
72,1236,product_view,1039.0,2025-08-12 02:05:00
73,1236,add_to_cart,1039.0,2025-08-12 02:08:00
74,1236,checkout,1039.0,2025-08-12 02:11:00
75,1236,purchase,1039.0,2025-08-12 02:14:00
76,364,visit,,2025-09-13 11:59:00
77,364,product_view,1059.0,2025-09-13 12:02:00
78,364,add_to_cart,1059.0,2025-09-13 12:06:00
79,876,visit,,2025-09-09 02:18:00
80,876,product_view,1108.0,2025-09-09 02:19:00
81,563,visit,,2025-09-06 13:33:00
82,563,product_view,1043.0,2025-09-06 13:35:00
83,224,visit,,2025-09-19 16:05:00
84,224,product_view,1074.0,2025-09-19 16:10:00
85,1448,visit,,2025-08-24 19:54:00
86,1448,product_view,1037.0,2025-08-24 19:59:00
87,1277,visit,,2025-07-17 19:36:00
88,1277,product_view,1046.0,2025-07-17 19:40:00
89,1277,add_to_cart,1046.0,2025-07-17 19:42:00
90,477,visit,,2025-08-07 06:00:00
91,477,product_view,1091.0,2025-08-07 06:04:00
92,242,visit,,2025-07-27 19:26:00
93,242,product_view,1095.0,2025-07-27 19:29:00
94,242,add_to_cart,1095.0,2025-07-27 19:31:00
95,242,checkout,1095.0,2025-07-27 19:32:00
96,242,purchase,1095.0,2025-07-27 19:34:00
97,631,visit,,2025-09-03 17:20:00
98,631,product_view,1039.0,2025-09-03 17:21:00
99,700,visit,,2025-09-11 19:01:00
100,700,product_view,1051.0,2025-09-11 19:03:00
101,700,add_to_cart,1051.0,2025-09-11 19:06:00
102,982,visit,,2025-08-30 01:41:00
103,982,product_view,1118.0,2025-08-30 01:43:00
104,1100,visit,,2025-08-12 14:50:00
105,1100,product_view,1115.0,2025-08-12 14:51:00
106,614,visit,,2025-09-25 10:35:00
107,614,product_view,1073.0,2025-09-25 10:37:00
108,680,visit,,2025-08-15 02:09:00
109,680,product_view,1103.0,2025-08-15 02:10:00
110,680,add_to_cart,1103.0,2025-08-15 02:14:00
111,680,checkout,1103.0,2025-08-15 02:15:00
112,680,purchase,1103.0,2025-08-15 02:17:00
113,1219,visit,,2025-08-09 22:54:00
114,1219,product_view,1015.0,2025-08-09 22:55:00
115,1219,add_to_cart,1015.0,2025-08-09 22:56:00
116,1219,checkout,1015.0,2025-08-09 22:57:00
117,1219,purchase,1015.0,2025-08-09 22:59:00
118,1076,visit,,2025-07-23 03:23:00
119,1076,product_view,1039.0,2025-07-23 03:25:00
120,909,visit,,2025-07-04 15:57:00
121,909,product_view,1065.0,2025-07-04 15:59:00
122,909,add_to_cart,1065.0,2025-07-04 16:03:00
123,1073,visit,,2025-08-11 04:49:00
124,1058,visit,,2025-07-17 06:46:00
125,1058,product_view,1087.0,2025-07-17 06:50:00
126,1070,visit,,2025-07-01 09:59:00
127,1070,product_view,1015.0,2025-07-01 10:04:00
128,683,visit,,2025-07-06 03:33:00
129,683,product_view,1060.0,2025-07-06 03:36:00
130,683,add_to_cart,1060.0,2025-07-06 03:39:00
131,683,checkout,1060.0,2025-07-06 03:40:00
132,683,purchase,1060.0,2025-07-06 03:41:00
133,567,visit,,2025-08-10 14:42:00
134,567,product_view,1069.0,2025-08-10 14:44:00
135,567,add_to_cart,1069.0,2025-08-10 14:45:00
136,567,checkout,1069.0,2025-08-10 14:48:00
137,567,purchase,1069.0,2025-08-10 14:49:00
138,1112,visit,,2025-09-09 10:17:00
139,1112,product_view,1045.0,2025-09-09 10:20:00
140,351,visit,,2025-08-09 19:57:00
141,351,product_view,1010.0,2025-08-09 20:01:00
142,351,add_to_cart,1010.0,2025-08-09 20:02:00
143,351,checkout,1010.0,2025-08-09 20:05:00
144,351,purchase,1010.0,2025-08-09 20:07:00
145,177,visit,,2025-08-20 05:45:00
146,177,product_view,1055.0,2025-08-20 05:50:00
147,1414,visit,,2025-08-27 19:22:00
148,1414,product_view,1090.0,2025-08-27 19:24:00
149,1374,visit,,2025-09-07 02:59:00
150,1374,product_view,1104.0,2025-09-07 03:03:00
151,191,visit,,2025-09-28 14:06:00
152,191,product_view,1105.0,2025-09-28 14:10:00
153,191,add_to_cart,1105.0,2025-09-28 14:12:00
154,191,checkout,1105.0,2025-09-28 14:15:00
155,191,purchase,1105.0,2025-09-28 14:17:00
156,376,visit,,2025-09-24 10:50:00
157,666,visit,,2025-09-01 00:04:00
158,666,product_view,1059.0,2025-09-01 00:07:00
159,666,add_to_cart,1059.0,2025-09-01 00:09:00
160,666,checkout,1059.0,2025-09-01 00:11:00
161,666,purchase,1059.0,2025-09-01 00:12:00
162,211,visit,,2025-07-14 10:35:00
163,211,product_view,1052.0,2025-07-14 10:38:00
164,211,add_to_cart,1052.0,2025-07-14 10:42:00
165,211,checkout,1052.0,2025-07-14 10:43:00
166,211,purchase,1052.0,2025-07-14 10:46:00
167,988,visit,,2025-07-09 10:13:00
168,988,product_view,1050.0,2025-07-09 10:18:00
169,988,add_to_cart,1050.0,2025-07-09 10:22:00
170,988,checkout,1050.0,2025-07-09 10:24:00
171,988,purchase,1050.0,2025-07-09 10:25:00
172,1358,visit,,2025-07-10 23:59:00
173,1358,product_view,1086.0,2025-07-11 00:03:00
174,1358,add_to_cart,1086.0,2025-07-11 00:07:00
175,1358,checkout,1086.0,2025-07-11 00:08:00
176,361,visit,,2025-08-21 02:38:00
177,361,product_view,1040.0,2025-08-21 02:43:00
178,777,visit,,2025-09-02 20:42:00
179,777,product_view,1042.0,2025-09-02 20:44:00
180,1190,visit,,2025-09-20 00:48:00
181,1190,product_view,1116.0,2025-09-20 00:50:00
182,1190,add_to_cart,1116.0,2025-09-20 00:53:00
183,1190,checkout,1116.0,2025-09-20 00:56:00
184,1190,purchase,1116.0,2025-09-20 00:57:00
185,649,visit,,2025-09-11 21:19:00
186,891,visit,,2025-08-14 02:37:00
187,891,product_view,1092.0,2025-08-14 02:42:00
188,891,add_to_cart,1092.0,2025-08-14 02:44:00
189,128,visit,,2025-09-09 01:00:00
190,128,product_view,1048.0,2025-09-09 01:03:00
191,128,add_to_cart,1048.0,2025-09-09 01:06:00
192,482,visit,,2025-09-28 18:25:00
193,482,product_view,1056.0,2025-09-28 18:29:00
194,482,add_to_cart,1056.0,2025-09-28 18:33:00
195,482,checkout,1056.0,2025-09-28 18:36:00
196,482,purchase,1056.0,2025-09-28 18:37:00
197,1138,visit,,2025-08-16 13:09:00
198,1138,product_view,1050.0,2025-08-16 13:11:00
199,1138,add_to_cart,1050.0,2025-08-16 13:12:00
200,1138,checkout,1050.0,2025-08-16 13:13:00
201,997,visit,,2025-08-25 04:05:00
202,997,product_view,1085.0,2025-08-25 04:09:00
203,1425,visit,,2025-08-24 19:11:00
204,1425,product_view,1078.0,2025-08-24 19:15:00
205,922,visit,,2025-08-15 07:11:00
206,922,product_view,1050.0,2025-08-15 07:12:00
207,1497,visit,,2025-09-03 08:26:00
208,1181,visit,,2025-07-05 01:36:00
209,1181,product_view,1047.0,2025-07-05 01:39:00
210,1181,add_to_cart,1047.0,2025-07-05 01:43:00
211,164,visit,,2025-09-06 08:29:00
212,164,product_view,1019.0,2025-09-06 08:34:00
213,182,visit,,2025-08-30 20:47:00
214,182,product_view,1032.0,2025-08-30 20:48:00
215,1105,visit,,2025-09-13 09:39:00
216,1105,product_view,1103.0,2025-09-13 09:42:00
217,1105,add_to_cart,1103.0,2025-09-13 09:43:00
218,1105,checkout,1103.0,2025-09-13 09:46:00
219,1176,visit,,2025-08-12 13:22:00
220,604,visit,,2025-07-22 01:44:00
221,623,visit,,2025-09-11 08:03:00
222,623,product_view,1094.0,2025-09-11 08:08:00
223,623,add_to_cart,1094.0,2025-09-11 08:09:00
224,598,visit,,2025-09-18 00:18:00
225,598,product_view,1104.0,2025-09-18 00:20:00
226,598,add_to_cart,1104.0,2025-09-18 00:23:00
227,598,checkout,1104.0,2025-09-18 00:26:00
228,598,purchase,1104.0,2025-09-18 00:28:00
229,229,visit,,2025-07-23 18:47:00
230,229,product_view,1078.0,2025-07-23 18:51:00
231,229,add_to_cart,1078.0,2025-07-23 18:53:00
232,229,checkout,1078.0,2025-07-23 18:56:00
233,229,purchase,1078.0,2025-07-23 18:57:00
234,68,visit,,2025-07-11 04:38:00
235,316,visit,,2025-09-02 13:49:00
236,316,product_view,1108.0,2025-09-02 13:53:00
237,343,visit,,2025-09-12 23:53:00
238,343,product_view,1027.0,2025-09-12 23:56:00
239,238,visit,,2025-07-22 14:25:00
240,238,product_view,1007.0,2025-07-22 14:29:00
241,1091,visit,,2025-08-18 21:45:00
242,1091,product_view,1030.0,2025-08-18 21:48:00
243,1091,add_to_cart,1030.0,2025-08-18 21:52:00
244,1091,checkout,1030.0,2025-08-18 21:54:00
245,1091,purchase,1030.0,2025-08-18 21:56:00
246,1399,visit,,2025-07-13 17:40:00
247,1399,product_view,1006.0,2025-07-13 17:44:00
248,1336,visit,,2025-08-04 10:17:00
249,1336,product_view,1110.0,2025-08-04 10:18:00
250,1336,add_to_cart,1110.0,2025-08-04 10:22:00
251,1336,checkout,1110.0,2025-08-04 10:25:00
252,1377,visit,,2025-07-25 16:21:00
253,1377,product_view,1076.0,2025-07-25 16:23:00
254,1377,add_to_cart,1076.0,2025-07-25 16:24:00
255,140,visit,,2025-08-22 03:33:00
256,140,product_view,1002.0,2025-08-22 03:37:00
257,140,add_to_cart,1002.0,2025-08-22 03:40:00
258,140,checkout,1002.0,2025-08-22 03:41:00
259,140,purchase,1002.0,2025-08-22 03:42:00
260,1217,visit,,2025-07-28 19:40:00
261,1217,product_view,1085.0,2025-07-28 19:41:00
262,1217,add_to_cart,1085.0,2025-07-28 19:43:00
263,1217,checkout,1085.0,2025-07-28 19:46:00
264,1217,purchase,1085.0,2025-07-28 19:47:00
265,1425,visit,,2025-08-02 09:29:00
266,1425,product_view,1024.0,2025-08-02 09:30:00
267,567,visit,,2025-08-24 22:57:00
268,567,product_view,1099.0,2025-08-24 23:00:00
269,567,add_to_cart,1099.0,2025-08-24 23:01:00
270,567,checkout,1099.0,2025-08-24 23:02:00
271,567,purchase,1099.0,2025-08-24 23:04:00
272,529,visit,,2025-08-03 05:28:00
273,529,product_view,1105.0,2025-08-03 05:30:00
274,366,visit,,2025-09-01 03:09:00
275,366,product_view,1083.0,2025-09-01 03:13:00
276,366,add_to_cart,1083.0,2025-09-01 03:14:00
277,1466,visit,,2025-07-14 01:04:00
278,1466,product_view,1034.0,2025-07-14 01:07:00
279,39,visit,,2025-09-02 04:41:00
280,39,product_view,1115.0,2025-09-02 04:42:00
281,546,visit,,2025-09-28 10:57:00
282,546,product_view,1020.0,2025-09-28 10:58:00
283,546,add_to_cart,1020.0,2025-09-28 11:02:00
284,546,checkout,1020.0,2025-09-28 11:04:00
285,144,visit,,2025-07-29 00:24:00
286,988,visit,,2025-09-11 17:59:00
287,683,visit,,2025-08-08 12:03:00
288,683,product_view,1088.0,2025-08-08 12:04:00
289,683,add_to_cart,1088.0,2025-08-08 12:07:00
290,683,checkout,1088.0,2025-08-08 12:09:00
291,594,visit,,2025-07-26 05:35:00
292,594,product_view,1083.0,2025-07-26 05:39:00
293,613,visit,,2025-08-19 03:40:00
294,613,product_view,1090.0,2025-08-19 03:44:00
295,613,add_to_cart,1090.0,2025-08-19 03:48:00
296,287,visit,,2025-07-25 00:46:00
297,489,visit,,2025-08-19 02:50:00
298,489,product_view,1063.0,2025-08-19 02:53:00
299,489,add_to_cart,1063.0,2025-08-19 02:57:00
300,34,visit,,2025-08-13 01:21:00
301,34,product_view,1005.0,2025-08-13 01:22:00
302,34,add_to_cart,1005.0,2025-08-13 01:24:00
303,1367,visit,,2025-08-28 21:55:00
304,306,visit,,2025-09-13 07:59:00
305,306,product_view,1095.0,2025-09-13 08:01:00
306,306,add_to_cart,1095.0,2025-09-13 08:02:00
307,306,checkout,1095.0,2025-09-13 08:05:00
308,306,purchase,1095.0,2025-09-13 08:08:00
309,268,visit,,2025-07-23 20:03:00
310,200,visit,,2025-09-17 05:53:00
311,200,product_view,1059.0,2025-09-17 05:54:00
312,200,add_to_cart,1059.0,2025-09-17 05:56:00
313,200,checkout,1059.0,2025-09-17 05:57:00
314,200,purchase,1059.0,2025-09-17 06:00:00
315,824,visit,,2025-07-16 21:36:00
316,824,product_view,1042.0,2025-07-16 21:39:00
317,437,visit,,2025-07-06 18:11:00
318,437,product_view,1098.0,2025-07-06 18:12:00
319,437,add_to_cart,1098.0,2025-07-06 18:16:00
320,437,checkout,1098.0,2025-07-06 18:18:00
321,437,purchase,1098.0,2025-07-06 18:20:00
322,1192,visit,,2025-07-18 03:50:00
323,1192,product_view,1006.0,2025-07-18 03:55:00
324,1192,add_to_cart,1006.0,2025-07-18 03:57:00
325,1192,checkout,1006.0,2025-07-18 03:59:00
326,1192,purchase,1006.0,2025-07-18 04:00:00
327,183,visit,,2025-09-22 18:56:00
328,183,product_view,1091.0,2025-09-22 19:00:00
329,423,visit,,2025-09-20 08:33:00
330,423,product_view,1019.0,2025-09-20 08:35:00
331,1251,visit,,2025-07-05 19:11:00
332,1251,product_view,1089.0,2025-07-05 19:16:00
333,1285,visit,,2025-08-08 11:26:00
334,1285,product_view,1106.0,2025-08-08 11:28:00
335,1285,add_to_cart,1106.0,2025-08-08 11:29:00
336,1285,checkout,1106.0,2025-08-08 11:32:00
337,1285,purchase,1106.0,2025-08-08 11:34:00
338,1351,visit,,2025-08-05 01:12:00
339,1351,product_view,1027.0,2025-08-05 01:14:00
340,972,visit,,2025-07-23 05:42:00
341,111,visit,,2025-08-16 09:13:00
342,111,product_view,1083.0,2025-08-16 09:16:00
343,929,visit,,2025-07-14 23:03:00
344,361,visit,,2025-07-04 15:32:00
345,361,product_view,1021.0,2025-07-04 15:34:00
346,1214,visit,,2025-08-11 13:12:00
347,1214,product_view,1075.0,2025-08-11 13:15:00
348,1214,add_to_cart,1075.0,2025-08-11 13:16:00
349,1214,checkout,1075.0,2025-08-11 13:17:00
350,1214,purchase,1075.0,2025-08-11 13:19:00
351,770,visit,,2025-07-29 02:30:00
352,770,product_view,1115.0,2025-07-29 02:31:00
353,297,visit,,2025-09-17 14:11:00
354,297,product_view,1028.0,2025-09-17 14:13:00
355,297,add_to_cart,1028.0,2025-09-17 14:15:00
356,297,checkout,1028.0,2025-09-17 14:17:00
357,297,purchase,1028.0,2025-09-17 14:18:00
358,1418,visit,,2025-07-08 08:08:00
359,1418,product_view,1073.0,2025-07-08 08:12:00
360,1418,add_to_cart,1073.0,2025-07-08 08:14:00
361,451,visit,,2025-08-07 19:10:00
362,451,product_view,1114.0,2025-08-07 19:15:00
363,1184,visit,,2025-07-30 02:26:00
364,1002,visit,,2025-07-28 18:30:00
365,1002,product_view,1111.0,2025-07-28 18:33:00
366,1002,add_to_cart,1111.0,2025-07-28 18:37:00
367,506,visit,,2025-08-11 13:37:00
368,506,product_view,1032.0,2025-08-11 13:42:00
369,1175,visit,,2025-07-01 13:02:00
370,1175,product_view,1115.0,2025-07-01 13:06:00
371,1033,visit,,2025-08-24 16:25:00
372,1033,product_view,1005.0,2025-08-24 16:26:00
373,1033,add_to_cart,1005.0,2025-08-24 16:28:00
374,1033,checkout,1005.0,2025-08-24 16:29:00
375,1033,purchase,1005.0,2025-08-24 16:31:00
376,272,visit,,2025-08-07 07:41:00
377,33,visit,,2025-09-24 09:10:00
378,33,product_view,1062.0,2025-09-24 09:15:00
379,50,visit,,2025-08-29 04:55:00
380,50,product_view,1059.0,2025-08-29 04:57:00
381,759,visit,,2025-08-29 22:40:00
382,759,product_view,1081.0,2025-08-29 22:41:00
383,759,add_to_cart,1081.0,2025-08-29 22:44:00
384,759,checkout,1081.0,2025-08-29 22:46:00
385,759,purchase,1081.0,2025-08-29 22:48:00
386,1255,visit,,2025-09-12 06:50:00
387,1255,product_view,1070.0,2025-09-12 06:55:00
388,113,visit,,2025-09-25 11:56:00
389,113,product_view,1066.0,2025-09-25 12:00:00
390,113,add_to_cart,1066.0,2025-09-25 12:01:00
391,113,checkout,1066.0,2025-09-25 12:02:00
392,113,purchase,1066.0,2025-09-25 12:05:00
393,1149,visit,,2025-07-27 04:21:00
394,1149,product_view,1091.0,2025-07-27 04:22:00
395,1189,visit,,2025-09-28 06:48:00
396,1189,product_view,1112.0,2025-09-28 06:50:00
397,1189,add_to_cart,1112.0,2025-09-28 06:53:00
398,1189,checkout,1112.0,2025-09-28 06:55:00
399,1189,purchase,1112.0,2025-09-28 06:56:00
400,708,visit,,2025-09-01 16:33:00
401,708,product_view,1058.0,2025-09-01 16:37:00
402,1390,visit,,2025-09-07 09:28:00
403,1390,product_view,1106.0,2025-09-07 09:29:00
404,1390,add_to_cart,1106.0,2025-09-07 09:33:00
405,1390,checkout,1106.0,2025-09-07 09:35:00
406,591,visit,,2025-07-14 05:17:00
407,591,product_view,1010.0,2025-07-14 05:19:00
408,591,add_to_cart,1010.0,2025-07-14 05:21:00
409,591,checkout,1010.0,2025-07-14 05:24:00
410,591,purchase,1010.0,2025-07-14 05:26:00
411,1109,visit,,2025-07-17 15:22:00
412,1109,product_view,1120.0,2025-07-17 15:23:00
413,1109,add_to_cart,1120.0,2025-07-17 15:24:00
414,1109,checkout,1120.0,2025-07-17 15:25:00
415,1065,visit,,2025-08-12 13:37:00
416,1065,product_view,1083.0,2025-08-12 13:40:00
417,1065,add_to_cart,1083.0,2025-08-12 13:44:00
418,1065,checkout,1083.0,2025-08-12 13:47:00
419,1065,purchase,1083.0,2025-08-12 13:49:00
420,533,visit,,2025-08-31 11:18:00
421,533,product_view,1030.0,2025-08-31 11:19:00
422,533,add_to_cart,1030.0,2025-08-31 11:22:00
423,533,checkout,1030.0,2025-08-31 11:23:00
424,533,purchase,1030.0,2025-08-31 11:24:00
425,1097,visit,,2025-07-24 05:53:00
426,1097,product_view,1037.0,2025-07-24 05:55:00
427,1097,add_to_cart,1037.0,2025-07-24 05:56:00
428,1097,checkout,1037.0,2025-07-24 05:58:00
429,1097,purchase,1037.0,2025-07-24 06:00:00
430,758,visit,,2025-07-27 17:45:00
431,758,product_view,1024.0,2025-07-27 17:48:00
432,303,visit,,2025-08-27 17:10:00
433,303,product_view,1048.0,2025-08-27 17:11:00
434,829,visit,,2025-09-02 04:29:00
435,320,visit,,2025-09-08 16:21:00
436,320,product_view,1001.0,2025-09-08 16:24:00
437,320,add_to_cart,1001.0,2025-09-08 16:27:00
438,1175,visit,,2025-07-19 18:46:00
439,906,visit,,2025-09-27 03:46:00
440,906,product_view,1044.0,2025-09-27 03:47:00
441,906,add_to_cart,1044.0,2025-09-27 03:48:00
442,906,checkout,1044.0,2025-09-27 03:50:00
443,906,purchase,1044.0,2025-09-27 03:51:00
444,732,visit,,2025-08-11 01:38:00
445,732,product_view,1012.0,2025-08-11 01:43:00
446,732,add_to_cart,1012.0,2025-08-11 01:46:00
447,732,checkout,1012.0,2025-08-11 01:47:00
448,732,purchase,1012.0,2025-08-11 01:49:00
449,1376,visit,,2025-09-04 12:12:00
450,1376,product_view,1012.0,2025-09-04 12:17:00
451,115,visit,,2025-09-24 11:25:00
452,115,product_view,1117.0,2025-09-24 11:29:00
453,115,add_to_cart,1117.0,2025-09-24 11:32:00
454,115,checkout,1117.0,2025-09-24 11:34:00
455,115,purchase,1117.0,2025-09-24 11:36:00
456,180,visit,,2025-08-26 23:26:00
457,180,product_view,1028.0,2025-08-26 23:29:00
458,180,add_to_cart,1028.0,2025-08-26 23:33:00
459,849,visit,,2025-09-14 19:05:00
460,849,product_view,1018.0,2025-09-14 19:08:00
461,849,add_to_cart,1018.0,2025-09-14 19:11:00
462,849,checkout,1018.0,2025-09-14 19:14:00
463,182,visit,,2025-08-22 20:58:00
464,182,product_view,1001.0,2025-08-22 21:00:00
465,1455,visit,,2025-07-18 06:11:00
466,1455,product_view,1073.0,2025-07-18 06:14:00
467,87,visit,,2025-08-08 18:19:00
468,87,product_view,1106.0,2025-08-08 18:23:00
469,87,add_to_cart,1106.0,2025-08-08 18:24:00
470,87,checkout,1106.0,2025-08-08 18:26:00
471,1304,visit,,2025-07-16 20:42:00
472,855,visit,,2025-09-01 22:41:00
473,855,product_view,1023.0,2025-09-01 22:42:00
474,1010,visit,,2025-09-15 23:23:00
475,1010,product_view,1009.0,2025-09-15 23:28:00
476,1010,add_to_cart,1009.0,2025-09-15 23:31:00
477,1010,checkout,1009.0,2025-09-15 23:33:00
478,245,visit,,2025-09-04 23:36:00
479,245,product_view,1048.0,2025-09-04 23:39:00
480,245,add_to_cart,1048.0,2025-09-04 23:40:00
481,245,checkout,1048.0,2025-09-04 23:42:00
482,278,visit,,2025-07-21 01:17:00
483,278,product_view,1046.0,2025-07-21 01:20:00
484,278,add_to_cart,1046.0,2025-07-21 01:23:00
485,278,checkout,1046.0,2025-07-21 01:24:00
486,278,purchase,1046.0,2025-07-21 01:27:00
487,194,visit,,2025-07-22 17:20:00
488,1403,visit,,2025-08-08 08:43:00
489,1403,product_view,1103.0,2025-08-08 08:46:00
490,1403,add_to_cart,1103.0,2025-08-08 08:49:00
491,27,visit,,2025-09-05 09:23:00
492,27,product_view,1018.0,2025-09-05 09:27:00
493,27,add_to_cart,1018.0,2025-09-05 09:29:00
494,27,checkout,1018.0,2025-09-05 09:30:00
495,27,purchase,1018.0,2025-09-05 09:31:00
496,1257,visit,,2025-09-06 17:45:00
497,1257,product_view,1089.0,2025-09-06 17:46:00
498,1257,add_to_cart,1089.0,2025-09-06 17:47:00
499,1257,checkout,1089.0,2025-09-06 17:48:00
500,983,visit,,2025-08-09 22:23:00
501,983,product_view,1045.0,2025-08-09 22:27:00
502,1224,visit,,2025-08-13 05:45:00
503,1224,product_view,1067.0,2025-08-13 05:46:00
504,1224,add_to_cart,1067.0,2025-08-13 05:48:00
505,630,visit,,2025-07-27 04:05:00
506,630,product_view,1017.0,2025-07-27 04:06:00
507,630,add_to_cart,1017.0,2025-07-27 04:10:00
508,88,visit,,2025-07-14 01:50:00
509,88,product_view,1026.0,2025-07-14 01:55:00
510,88,add_to_cart,1026.0,2025-07-14 01:56:00
511,89,visit,,2025-08-08 21:00:00
512,89,product_view,1009.0,2025-08-08 21:01:00
513,421,visit,,2025-07-26 05:42:00
514,421,product_view,1076.0,2025-07-26 05:43:00
515,421,add_to_cart,1076.0,2025-07-26 05:46:00
516,713,visit,,2025-07-21 16:49:00
517,713,product_view,1046.0,2025-07-21 16:51:00
518,713,add_to_cart,1046.0,2025-07-21 16:52:00
519,713,checkout,1046.0,2025-07-21 16:55:00
520,1084,visit,,2025-07-25 09:10:00
521,1101,visit,,2025-07-13 06:58:00
522,1101,product_view,1001.0,2025-07-13 07:02:00
523,1101,add_to_cart,1001.0,2025-07-13 07:04:00
524,1101,checkout,1001.0,2025-07-13 07:05:00
525,1101,purchase,1001.0,2025-07-13 07:07:00
526,869,visit,,2025-09-04 07:26:00
527,869,product_view,1028.0,2025-09-04 07:29:00
528,869,add_to_cart,1028.0,2025-09-04 07:30:00
529,869,checkout,1028.0,2025-09-04 07:32:00
530,1444,visit,,2025-09-10 23:02:00
531,1444,product_view,1037.0,2025-09-10 23:06:00
532,1444,add_to_cart,1037.0,2025-09-10 23:09:00
533,1444,checkout,1037.0,2025-09-10 23:12:00
534,1444,purchase,1037.0,2025-09-10 23:14:00
535,1135,visit,,2025-08-07 13:12:00
536,975,visit,,2025-08-17 05:00:00
537,1007,visit,,2025-07-14 12:28:00
538,1007,product_view,1087.0,2025-07-14 12:29:00
539,1007,add_to_cart,1087.0,2025-07-14 12:33:00
540,1007,checkout,1087.0,2025-07-14 12:36:00
541,346,visit,,2025-08-16 06:21:00
542,346,product_view,1009.0,2025-08-16 06:25:00
543,346,add_to_cart,1009.0,2025-08-16 06:29:00
544,571,visit,,2025-09-13 18:17:00
545,571,product_view,1098.0,2025-09-13 18:21:00
546,571,add_to_cart,1098.0,2025-09-13 18:25:00
547,1048,visit,,2025-07-19 14:06:00
548,1048,product_view,1036.0,2025-07-19 14:10:00
549,1048,add_to_cart,1036.0,2025-07-19 14:12:00
550,1048,checkout,1036.0,2025-07-19 14:15:00
551,1048,purchase,1036.0,2025-07-19 14:16:00
552,1389,visit,,2025-07-23 12:38:00
553,1389,product_view,1004.0,2025-07-23 12:40:00
554,1389,add_to_cart,1004.0,2025-07-23 12:41:00
555,1354,visit,,2025-09-05 15:50:00
556,1354,product_view,1097.0,2025-09-05 15:53:00
557,1005,visit,,2025-08-03 17:21:00
558,1005,product_view,1065.0,2025-08-03 17:26:00
559,1005,add_to_cart,1065.0,2025-08-03 17:27:00
560,244,visit,,2025-08-27 10:54:00
561,244,product_view,1050.0,2025-08-27 10:58:00
562,244,add_to_cart,1050.0,2025-08-27 11:00:00
563,244,checkout,1050.0,2025-08-27 11:02:00
564,337,visit,,2025-08-25 04:19:00
565,337,product_view,1063.0,2025-08-25 04:23:00
566,1166,visit,,2025-09-01 21:35:00
567,1166,product_view,1087.0,2025-09-01 21:40:00
568,1166,add_to_cart,1087.0,2025-09-01 21:42:00
569,1166,checkout,1087.0,2025-09-01 21:44:00
570,1166,purchase,1087.0,2025-09-01 21:47:00
571,1264,visit,,2025-08-15 09:20:00
572,1264,product_view,1087.0,2025-08-15 09:25:00
573,1264,add_to_cart,1087.0,2025-08-15 09:28:00
574,1264,checkout,1087.0,2025-08-15 09:31:00
575,1264,purchase,1087.0,2025-08-15 09:34:00
576,780,visit,,2025-08-24 11:22:00
577,780,product_view,1013.0,2025-08-24 11:23:00
578,508,visit,,2025-09-21 09:37:00
579,508,product_view,1031.0,2025-09-21 09:38:00
580,235,visit,,2025-07-22 00:34:00
581,235,product_view,1044.0,2025-07-22 00:38:00
582,866,visit,,2025-09-04 13:17:00
583,866,product_view,1073.0,2025-09-04 13:21:00
584,649,visit,,2025-09-12 12:20:00
585,649,product_view,1049.0,2025-09-12 12:24:00
586,649,add_to_cart,1049.0,2025-09-12 12:26:00
587,649,checkout,1049.0,2025-09-12 12:29:00
588,1367,visit,,2025-07-22 19:19:00
589,1367,product_view,1044.0,2025-07-22 19:23:00
590,1367,add_to_cart,1044.0,2025-07-22 19:24:00
591,1098,visit,,2025-08-06 08:03:00
592,1098,product_view,1028.0,2025-08-06 08:08:00
593,1098,add_to_cart,1028.0,2025-08-06 08:10:00
594,1098,checkout,1028.0,2025-08-06 08:11:00
595,1185,visit,,2025-09-14 10:17:00
596,1185,product_view,1013.0,2025-09-14 10:22:00
597,1185,add_to_cart,1013.0,2025-09-14 10:24:00
598,1185,checkout,1013.0,2025-09-14 10:25:00
599,1185,purchase,1013.0,2025-09-14 10:27:00
600,615,visit,,2025-09-23 17:20:00
601,615,product_view,1056.0,2025-09-23 17:24:00
602,615,add_to_cart,1056.0,2025-09-23 17:28:00
603,1122,visit,,2025-07-03 20:45:00
604,1122,product_view,1024.0,2025-07-03 20:47:00
605,437,visit,,2025-08-29 08:59:00
606,437,product_view,1085.0,2025-08-29 09:04:00
607,889,visit,,2025-09-11 23:40:00
608,889,product_view,1120.0,2025-09-11 23:42:00
609,889,add_to_cart,1120.0,2025-09-11 23:44:00
610,889,checkout,1120.0,2025-09-11 23:47:00
611,889,purchase,1120.0,2025-09-11 23:49:00
612,841,visit,,2025-07-09 20:13:00
613,841,product_view,1041.0,2025-07-09 20:16:00
614,1324,visit,,2025-08-02 21:38:00
615,1324,product_view,1021.0,2025-08-02 21:40:00
616,1324,add_to_cart,1021.0,2025-08-02 21:42:00
617,1324,checkout,1021.0,2025-08-02 21:44:00
618,1324,purchase,1021.0,2025-08-02 21:47:00
619,865,visit,,2025-07-05 06:10:00
620,865,product_view,1083.0,2025-07-05 06:11:00
621,865,add_to_cart,1083.0,2025-07-05 06:14:00
622,361,visit,,2025-07-06 23:31:00
623,361,product_view,1083.0,2025-07-06 23:32:00
624,172,visit,,2025-09-16 09:55:00
625,172,product_view,1041.0,2025-09-16 09:59:00
626,1376,visit,,2025-07-12 12:53:00
627,1376,product_view,1085.0,2025-07-12 12:55:00
628,1376,add_to_cart,1085.0,2025-07-12 12:56:00
629,1376,checkout,1085.0,2025-07-12 12:59:00
630,1076,visit,,2025-09-02 02:15:00
631,1076,product_view,1033.0,2025-09-02 02:18:00
632,1076,add_to_cart,1033.0,2025-09-02 02:22:00
633,484,visit,,2025-08-24 06:09:00
634,484,product_view,1120.0,2025-08-24 06:11:00
635,901,visit,,2025-08-02 18:03:00
636,901,product_view,1053.0,2025-08-02 18:06:00
637,232,visit,,2025-09-08 13:30:00
638,232,product_view,1041.0,2025-09-08 13:33:00
639,297,visit,,2025-08-30 22:23:00
640,297,product_view,1047.0,2025-08-30 22:24:00
641,1241,visit,,2025-09-23 01:44:00
642,1376,visit,,2025-08-02 17:24:00
643,1376,product_view,1031.0,2025-08-02 17:27:00
644,1404,visit,,2025-09-07 07:54:00
645,1404,product_view,1016.0,2025-09-07 07:55:00
646,805,visit,,2025-08-02 09:05:00
647,483,visit,,2025-07-27 05:58:00
648,483,product_view,1039.0,2025-07-27 06:01:00
649,1320,visit,,2025-07-05 08:55:00
650,1320,product_view,1053.0,2025-07-05 08:59:00
651,1320,add_to_cart,1053.0,2025-07-05 09:03:00
652,682,visit,,2025-08-24 03:52:00
653,682,product_view,1092.0,2025-08-24 03:55:00
654,682,add_to_cart,1092.0,2025-08-24 03:58:00
655,682,checkout,1092.0,2025-08-24 04:01:00
656,670,visit,,2025-09-27 00:48:00
657,670,product_view,1059.0,2025-09-27 00:50:00
658,1313,visit,,2025-07-01 12:12:00
659,1313,product_view,1018.0,2025-07-01 12:15:00
660,227,visit,,2025-08-01 16:45:00
661,1330,visit,,2025-07-17 19:43:00
662,1330,product_view,1098.0,2025-07-17 19:46:00
663,1330,add_to_cart,1098.0,2025-07-17 19:48:00
664,1330,checkout,1098.0,2025-07-17 19:51:00
665,1330,purchase,1098.0,2025-07-17 19:53:00
666,407,visit,,2025-08-23 11:11:00
667,407,product_view,1011.0,2025-08-23 11:15:00
668,1169,visit,,2025-07-03 00:59:00
669,1169,product_view,1029.0,2025-07-03 01:04:00
670,183,visit,,2025-07-26 08:44:00
671,102,visit,,2025-09-18 13:38:00
672,102,product_view,1052.0,2025-09-18 13:39:00
673,349,visit,,2025-07-16 00:45:00
674,349,product_view,1073.0,2025-07-16 00:49:00
675,1013,visit,,2025-07-29 22:13:00
676,1013,product_view,1016.0,2025-07-29 22:16:00
677,1013,add_to_cart,1016.0,2025-07-29 22:20:00
678,1013,checkout,1016.0,2025-07-29 22:22:00
679,1229,visit,,2025-08-06 23:43:00
680,1229,product_view,1028.0,2025-08-06 23:45:00
681,1229,add_to_cart,1028.0,2025-08-06 23:47:00
682,1229,checkout,1028.0,2025-08-06 23:49:00
683,1229,purchase,1028.0,2025-08-06 23:51:00
684,758,visit,,2025-09-26 20:29:00
685,758,product_view,1075.0,2025-09-26 20:33:00
686,758,add_to_cart,1075.0,2025-09-26 20:36:00
687,815,visit,,2025-07-28 22:24:00
688,815,product_view,1088.0,2025-07-28 22:29:00
689,815,add_to_cart,1088.0,2025-07-28 22:30:00
690,815,checkout,1088.0,2025-07-28 22:31:00
691,815,purchase,1088.0,2025-07-28 22:32:00
692,726,visit,,2025-09-24 19:45:00
693,726,product_view,1078.0,2025-09-24 19:46:00
694,726,add_to_cart,1078.0,2025-09-24 19:50:00
695,726,checkout,1078.0,2025-09-24 19:52:00
696,726,purchase,1078.0,2025-09-24 19:53:00
697,85,visit,,2025-07-23 08:10:00
698,85,product_view,1075.0,2025-07-23 08:13:00
699,271,visit,,2025-08-10 22:33:00
700,271,product_view,1012.0,2025-08-10 22:36:00
701,271,add_to_cart,1012.0,2025-08-10 22:37:00
702,1023,visit,,2025-08-05 23:23:00
703,580,visit,,2025-08-03 19:53:00
704,580,product_view,1116.0,2025-08-03 19:56:00
705,580,add_to_cart,1116.0,2025-08-03 20:00:00
706,647,visit,,2025-09-01 04:35:00
707,1347,visit,,2025-08-26 01:12:00
708,1347,product_view,1082.0,2025-08-26 01:14:00
709,1347,add_to_cart,1082.0,2025-08-26 01:18:00
710,1347,checkout,1082.0,2025-08-26 01:21:00
711,1347,purchase,1082.0,2025-08-26 01:22:00
712,84,visit,,2025-08-15 22:35:00
713,84,product_view,1057.0,2025-08-15 22:39:00
714,84,add_to_cart,1057.0,2025-08-15 22:41:00
715,84,checkout,1057.0,2025-08-15 22:42:00
716,84,purchase,1057.0,2025-08-15 22:44:00
717,345,visit,,2025-09-04 08:36:00
718,1200,visit,,2025-09-13 00:33:00
719,1200,product_view,1028.0,2025-09-13 00:35:00
720,1200,add_to_cart,1028.0,2025-09-13 00:36:00
721,1200,checkout,1028.0,2025-09-13 00:38:00
722,1200,purchase,1028.0,2025-09-13 00:40:00
723,583,visit,,2025-09-26 03:25:00
724,583,product_view,1088.0,2025-09-26 03:26:00
725,315,visit,,2025-07-11 14:53:00
726,315,product_view,1004.0,2025-07-11 14:57:00
727,315,add_to_cart,1004.0,2025-07-11 15:00:00
728,315,checkout,1004.0,2025-07-11 15:01:00
729,315,purchase,1004.0,2025-07-11 15:02:00
730,1275,visit,,2025-08-11 23:46:00
731,1166,visit,,2025-07-28 01:51:00
732,1166,product_view,1017.0,2025-07-28 01:54:00
733,145,visit,,2025-09-16 12:05:00
734,145,product_view,1071.0,2025-09-16 12:07:00
735,145,add_to_cart,1071.0,2025-09-16 12:11:00
736,145,checkout,1071.0,2025-09-16 12:12:00
737,145,purchase,1071.0,2025-09-16 12:14:00
738,1326,visit,,2025-09-22 04:07:00
739,1326,product_view,1097.0,2025-09-22 04:11:00
740,636,visit,,2025-09-26 19:08:00
741,636,product_view,1116.0,2025-09-26 19:09:00
742,1050,visit,,2025-09-01 14:56:00
743,1050,product_view,1026.0,2025-09-01 14:59:00
744,867,visit,,2025-08-24 11:39:00
745,867,product_view,1012.0,2025-08-24 11:43:00
746,867,add_to_cart,1012.0,2025-08-24 11:46:00
747,1386,visit,,2025-09-21 21:45:00
748,1386,product_view,1029.0,2025-09-21 21:49:00
749,1386,add_to_cart,1029.0,2025-09-21 21:50:00
750,1386,checkout,1029.0,2025-09-21 21:52:00
751,1386,purchase,1029.0,2025-09-21 21:54:00
752,305,visit,,2025-09-26 09:53:00
753,305,product_view,1017.0,2025-09-26 09:57:00
754,305,add_to_cart,1017.0,2025-09-26 09:58:00
755,305,checkout,1017.0,2025-09-26 09:59:00
756,305,purchase,1017.0,2025-09-26 10:02:00
757,846,visit,,2025-08-29 21:46:00
758,846,product_view,1013.0,2025-08-29 21:49:00
759,846,add_to_cart,1013.0,2025-08-29 21:50:00
760,34,visit,,2025-09-23 14:11:00
761,34,product_view,1015.0,2025-09-23 14:15:00
762,34,add_to_cart,1015.0,2025-09-23 14:19:00
763,610,visit,,2025-09-14 23:29:00
764,610,product_view,1041.0,2025-09-14 23:33:00
765,543,visit,,2025-07-24 06:11:00
766,543,product_view,1044.0,2025-07-24 06:16:00
767,543,add_to_cart,1044.0,2025-07-24 06:17:00
768,543,checkout,1044.0,2025-07-24 06:18:00
769,543,purchase,1044.0,2025-07-24 06:19:00
770,352,visit,,2025-08-31 14:44:00
771,352,product_view,1084.0,2025-08-31 14:49:00
772,621,visit,,2025-09-17 11:44:00
773,621,product_view,1080.0,2025-09-17 11:48:00
774,180,visit,,2025-07-18 00:12:00
775,180,product_view,1017.0,2025-07-18 00:13:00
776,386,visit,,2025-07-04 06:30:00
777,386,product_view,1110.0,2025-07-04 06:32:00
778,386,add_to_cart,1110.0,2025-07-04 06:34:00
779,386,checkout,1110.0,2025-07-04 06:36:00
780,386,purchase,1110.0,2025-07-04 06:38:00
781,239,visit,,2025-07-20 23:44:00
782,239,product_view,1022.0,2025-07-20 23:48:00
783,239,add_to_cart,1022.0,2025-07-20 23:52:00
784,239,checkout,1022.0,2025-07-20 23:53:00
785,239,purchase,1022.0,2025-07-20 23:55:00
786,684,visit,,2025-07-14 20:54:00
787,684,product_view,1002.0,2025-07-14 20:58:00
788,1186,visit,,2025-09-09 09:02:00
789,1186,product_view,1077.0,2025-09-09 09:06:00
790,1186,add_to_cart,1077.0,2025-09-09 09:10:00
791,1186,checkout,1077.0,2025-09-09 09:11:00
792,1186,purchase,1077.0,2025-09-09 09:13:00
793,647,visit,,2025-07-09 08:57:00
794,647,product_view,1071.0,2025-07-09 09:01:00
795,647,add_to_cart,1071.0,2025-07-09 09:04:00
796,647,checkout,1071.0,2025-07-09 09:06:00
797,647,purchase,1071.0,2025-07-09 09:08:00
798,394,visit,,2025-08-14 14:14:00
799,394,product_view,1061.0,2025-08-14 14:19:00
800,695,visit,,2025-09-16 22:42:00
801,695,product_view,1118.0,2025-09-16 22:45:00
802,800,visit,,2025-09-25 20:47:00
803,800,product_view,1054.0,2025-09-25 20:51:00
804,332,visit,,2025-07-27 09:44:00
805,332,product_view,1080.0,2025-07-27 09:48:00
806,332,add_to_cart,1080.0,2025-07-27 09:50:00
807,332,checkout,1080.0,2025-07-27 09:52:00
808,332,purchase,1080.0,2025-07-27 09:54:00
809,622,visit,,2025-07-27 17:03:00
810,735,visit,,2025-08-03 11:43:00
811,735,product_view,1113.0,2025-08-03 11:48:00
812,735,add_to_cart,1113.0,2025-08-03 11:49:00
813,735,checkout,1113.0,2025-08-03 11:50:00
814,735,purchase,1113.0,2025-08-03 11:51:00
815,459,visit,,2025-08-03 10:50:00
816,459,product_view,1063.0,2025-08-03 10:51:00
817,1141,visit,,2025-07-20 22:55:00
818,1141,product_view,1035.0,2025-07-20 22:56:00
819,897,visit,,2025-08-28 03:06:00
820,897,product_view,1103.0,2025-08-28 03:11:00
821,209,visit,,2025-09-10 01:32:00
822,209,product_view,1106.0,2025-09-10 01:33:00
823,741,visit,,2025-08-07 22:28:00
824,741,product_view,1021.0,2025-08-07 22:32:00
825,204,visit,,2025-09-21 11:21:00
826,204,product_view,1020.0,2025-09-21 11:22:00
827,900,visit,,2025-07-01 07:53:00
828,900,product_view,1054.0,2025-07-01 07:56:00
829,900,add_to_cart,1054.0,2025-07-01 07:58:00
830,900,checkout,1054.0,2025-07-01 08:00:00
831,850,visit,,2025-09-19 21:15:00
832,850,product_view,1047.0,2025-09-19 21:20:00
833,850,add_to_cart,1047.0,2025-09-19 21:22:00
834,850,checkout,1047.0,2025-09-19 21:24:00
835,850,purchase,1047.0,2025-09-19 21:26:00
836,1058,visit,,2025-09-26 11:01:00
837,1058,product_view,1102.0,2025-09-26 11:02:00
838,1060,visit,,2025-07-11 10:20:00
839,1060,product_view,1009.0,2025-07-11 10:22:00
840,1060,add_to_cart,1009.0,2025-07-11 10:26:00
841,1353,visit,,2025-09-21 04:57:00
842,1353,product_view,1119.0,2025-09-21 05:02:00
843,859,visit,,2025-09-26 22:35:00
844,1478,visit,,2025-08-10 11:00:00
845,1478,product_view,1096.0,2025-08-10 11:05:00
846,301,visit,,2025-08-21 14:41:00
847,301,product_view,1090.0,2025-08-21 14:46:00
848,1267,visit,,2025-08-26 22:22:00
849,1329,visit,,2025-07-26 09:05:00
850,1329,product_view,1052.0,2025-07-26 09:08:00
851,1329,add_to_cart,1052.0,2025-07-26 09:10:00
852,1329,checkout,1052.0,2025-07-26 09:13:00
853,1329,purchase,1052.0,2025-07-26 09:14:00
854,1131,visit,,2025-09-05 10:48:00
855,1131,product_view,1040.0,2025-09-05 10:49:00
856,1131,add_to_cart,1040.0,2025-09-05 10:52:00
857,1131,checkout,1040.0,2025-09-05 10:54:00
858,1035,visit,,2025-07-08 11:16:00
859,1035,product_view,1015.0,2025-07-08 11:19:00
860,1035,add_to_cart,1015.0,2025-07-08 11:20:00
861,1035,checkout,1015.0,2025-07-08 11:23:00
862,929,visit,,2025-07-31 23:37:00
863,929,product_view,1044.0,2025-07-31 23:42:00
864,479,visit,,2025-08-08 09:42:00
865,479,product_view,1045.0,2025-08-08 09:47:00
866,1463,visit,,2025-09-05 23:15:00
867,1463,product_view,1049.0,2025-09-05 23:20:00
868,740,visit,,2025-07-13 04:45:00
869,740,product_view,1059.0,2025-07-13 04:49:00
870,740,add_to_cart,1059.0,2025-07-13 04:50:00
871,740,checkout,1059.0,2025-07-13 04:51:00
872,740,purchase,1059.0,2025-07-13 04:53:00
873,757,visit,,2025-09-06 12:37:00
874,757,product_view,1087.0,2025-09-06 12:41:00
875,1197,visit,,2025-09-20 13:28:00
876,1197,product_view,1064.0,2025-09-20 13:32:00
877,854,visit,,2025-07-21 04:32:00
878,854,product_view,1106.0,2025-07-21 04:36:00
879,854,add_to_cart,1106.0,2025-07-21 04:37:00
880,933,visit,,2025-07-05 23:10:00
881,757,visit,,2025-07-16 19:54:00
882,757,product_view,1118.0,2025-07-16 19:55:00
883,757,add_to_cart,1118.0,2025-07-16 19:58:00
884,757,checkout,1118.0,2025-07-16 19:59:00
885,757,purchase,1118.0,2025-07-16 20:01:00
886,622,visit,,2025-09-01 00:50:00
887,622,product_view,1038.0,2025-09-01 00:55:00
888,622,add_to_cart,1038.0,2025-09-01 00:58:00
889,442,visit,,2025-09-01 00:07:00
890,442,product_view,1024.0,2025-09-01 00:08:00
891,856,visit,,2025-09-12 09:36:00
892,856,product_view,1062.0,2025-09-12 09:39:00
893,974,visit,,2025-09-16 04:48:00
894,974,product_view,1107.0,2025-09-16 04:52:00
895,1367,visit,,2025-07-20 23:20:00
896,1367,product_view,1058.0,2025-07-20 23:25:00
897,839,visit,,2025-07-30 12:21:00
898,839,product_view,1050.0,2025-07-30 12:25:00
899,1323,visit,,2025-07-22 22:01:00
900,1323,product_view,1012.0,2025-07-22 22:04:00
901,254,visit,,2025-09-10 02:12:00
902,1110,visit,,2025-07-07 18:33:00
903,1110,product_view,1074.0,2025-07-07 18:37:00
904,1110,add_to_cart,1074.0,2025-07-07 18:38:00
905,1110,checkout,1074.0,2025-07-07 18:41:00
906,1110,purchase,1074.0,2025-07-07 18:42:00
907,422,visit,,2025-09-29 18:28:00
908,422,product_view,1032.0,2025-09-29 18:33:00
909,823,visit,,2025-07-06 15:55:00
910,697,visit,,2025-07-24 13:01:00
911,650,visit,,2025-08-02 02:07:00
912,1110,visit,,2025-08-06 04:11:00
913,1110,product_view,1022.0,2025-08-06 04:12:00
914,1110,add_to_cart,1022.0,2025-08-06 04:16:00
915,121,visit,,2025-08-11 05:01:00
916,121,product_view,1079.0,2025-08-11 05:04:00
917,121,add_to_cart,1079.0,2025-08-11 05:07:00
918,121,checkout,1079.0,2025-08-11 05:09:00
919,121,purchase,1079.0,2025-08-11 05:10:00
920,415,visit,,2025-09-15 18:15:00
921,415,product_view,1031.0,2025-09-15 18:20:00
922,415,add_to_cart,1031.0,2025-09-15 18:21:00
923,415,checkout,1031.0,2025-09-15 18:23:00
924,415,purchase,1031.0,2025-09-15 18:25:00
925,992,visit,,2025-08-22 20:14:00
926,39,visit,,2025-09-09 18:43:00
927,39,product_view,1035.0,2025-09-09 18:48:00
928,258,visit,,2025-09-11 13:28:00
929,258,product_view,1039.0,2025-09-11 13:33:00
930,258,add_to_cart,1039.0,2025-09-11 13:35:00
931,258,checkout,1039.0,2025-09-11 13:36:00
932,1101,visit,,2025-09-10 14:02:00
933,1101,product_view,1055.0,2025-09-10 14:06:00
934,1272,visit,,2025-09-22 05:00:00
935,1272,product_view,1038.0,2025-09-22 05:04:00
936,1272,add_to_cart,1038.0,2025-09-22 05:07:00
937,779,visit,,2025-09-19 06:37:00
938,779,product_view,1045.0,2025-09-19 06:40:00
939,779,add_to_cart,1045.0,2025-09-19 06:41:00
940,779,checkout,1045.0,2025-09-19 06:43:00
941,779,purchase,1045.0,2025-09-19 06:44:00
942,1140,visit,,2025-08-25 06:39:00
943,1140,product_view,1036.0,2025-08-25 06:42:00
944,702,visit,,2025-08-03 22:28:00
945,702,product_view,1082.0,2025-08-03 22:31:00
946,702,add_to_cart,1082.0,2025-08-03 22:35:00
947,673,visit,,2025-09-27 04:41:00
948,1247,visit,,2025-07-01 00:43:00
949,1247,product_view,1061.0,2025-07-01 00:48:00
950,1441,visit,,2025-08-20 17:05:00
951,1441,product_view,1063.0,2025-08-20 17:06:00
952,1441,add_to_cart,1063.0,2025-08-20 17:10:00
953,723,visit,,2025-08-18 19:22:00
954,723,product_view,1105.0,2025-08-18 19:23:00
955,723,add_to_cart,1105.0,2025-08-18 19:26:00
956,911,visit,,2025-07-29 23:01:00
957,911,product_view,1002.0,2025-07-29 23:04:00
958,911,add_to_cart,1002.0,2025-07-29 23:07:00
959,453,visit,,2025-09-02 11:02:00
960,453,product_view,1030.0,2025-09-02 11:07:00
961,453,add_to_cart,1030.0,2025-09-02 11:09:00
962,1308,visit,,2025-07-15 08:36:00
963,1308,product_view,1051.0,2025-07-15 08:38:00
964,1352,visit,,2025-09-11 21:43:00
965,1352,product_view,1095.0,2025-09-11 21:45:00
966,1352,add_to_cart,1095.0,2025-09-11 21:47:00
967,261,visit,,2025-09-11 07:56:00
968,261,product_view,1034.0,2025-09-11 07:59:00
969,261,add_to_cart,1034.0,2025-09-11 08:00:00
970,1420,visit,,2025-09-07 19:16:00
971,1420,product_view,1087.0,2025-09-07 19:20:00
972,1420,add_to_cart,1087.0,2025-09-07 19:24:00
973,1420,checkout,1087.0,2025-09-07 19:27:00
974,1420,purchase,1087.0,2025-09-07 19:29:00
975,834,visit,,2025-07-16 21:33:00
976,834,product_view,1036.0,2025-07-16 21:36:00
977,834,add_to_cart,1036.0,2025-07-16 21:37:00
978,460,visit,,2025-08-05 13:34:00
979,460,product_view,1007.0,2025-08-05 13:35:00
980,460,add_to_cart,1007.0,2025-08-05 13:38:00
981,460,checkout,1007.0,2025-08-05 13:41:00
982,463,visit,,2025-08-24 02:58:00
983,463,product_view,1089.0,2025-08-24 03:00:00
984,463,add_to_cart,1089.0,2025-08-24 03:01:00
985,463,checkout,1089.0,2025-08-24 03:02:00
986,463,purchase,1089.0,2025-08-24 03:04:00
987,1214,visit,,2025-09-19 10:53:00
988,1214,product_view,1103.0,2025-09-19 10:54:00
989,1214,add_to_cart,1103.0,2025-09-19 10:57:00
990,684,visit,,2025-07-31 02:49:00
991,684,product_view,1067.0,2025-07-31 02:53:00
992,1281,visit,,2025-09-13 03:05:00
993,69,visit,,2025-08-10 22:04:00
994,69,product_view,1049.0,2025-08-10 22:05:00
995,906,visit,,2025-08-08 19:40:00
996,906,product_view,1008.0,2025-08-08 19:41:00
997,1146,visit,,2025-08-07 12:25:00
998,1146,product_view,1007.0,2025-08-07 12:29:00
999,1146,add_to_cart,1007.0,2025-08-07 12:30:00
1000,1146,checkout,1007.0,2025-08-07 12:32:00
1001,1271,visit,,2025-07-13 10:41:00
1002,54,visit,,2025-09-05 10:37:00
1003,54,product_view,1059.0,2025-09-05 10:38:00
1004,54,add_to_cart,1059.0,2025-09-05 10:39:00
1005,54,checkout,1059.0,2025-09-05 10:40:00
1006,259,visit,,2025-09-04 08:22:00
1007,259,product_view,1082.0,2025-09-04 08:27:00
1008,259,add_to_cart,1082.0,2025-09-04 08:29:00
1009,259,checkout,1082.0,2025-09-04 08:30:00
1010,259,purchase,1082.0,2025-09-04 08:32:00
1011,893,visit,,2025-09-22 11:19:00
1012,893,product_view,1066.0,2025-09-22 11:24:00
1013,302,visit,,2025-08-09 19:21:00
1014,302,product_view,1061.0,2025-08-09 19:22:00
1015,302,add_to_cart,1061.0,2025-08-09 19:24:00
1016,302,checkout,1061.0,2025-08-09 19:27:00
1017,1146,visit,,2025-07-07 13:22:00
1018,1146,product_view,1110.0,2025-07-07 13:24:00
1019,413,visit,,2025-07-09 10:12:00
1020,413,product_view,1101.0,2025-07-09 10:16:00
1021,679,visit,,2025-09-13 18:21:00
1022,679,product_view,1110.0,2025-09-13 18:25:00
1023,679,add_to_cart,1110.0,2025-09-13 18:26:00
1024,679,checkout,1110.0,2025-09-13 18:27:00
1025,679,purchase,1110.0,2025-09-13 18:28:00
1026,457,visit,,2025-07-30 14:39:00
1027,457,product_view,1089.0,2025-07-30 14:43:00
1028,679,visit,,2025-08-18 06:25:00
1029,679,product_view,1104.0,2025-08-18 06:26:00
1030,679,add_to_cart,1104.0,2025-08-18 06:27:00
1031,679,checkout,1104.0,2025-08-18 06:30:00
1032,679,purchase,1104.0,2025-08-18 06:32:00
1033,399,visit,,2025-09-13 11:02:00
1034,408,visit,,2025-08-06 05:14:00
1035,1473,visit,,2025-08-13 17:15:00
1036,1473,product_view,1023.0,2025-08-13 17:16:00
1037,1473,add_to_cart,1023.0,2025-08-13 17:19:00
1038,43,visit,,2025-09-25 04:24:00
1039,43,product_view,1107.0,2025-09-25 04:25:00
1040,43,add_to_cart,1107.0,2025-09-25 04:27:00
1041,43,checkout,1107.0,2025-09-25 04:28:00
1042,43,purchase,1107.0,2025-09-25 04:30:00
1043,351,visit,,2025-09-18 13:56:00
1044,351,product_view,1068.0,2025-09-18 13:57:00
1045,351,add_to_cart,1068.0,2025-09-18 13:59:00
1046,393,visit,,2025-08-18 22:23:00
1047,393,product_view,1069.0,2025-08-18 22:27:00
1048,501,visit,,2025-07-06 19:37:00
1049,501,product_view,1118.0,2025-07-06 19:42:00
1050,501,add_to_cart,1118.0,2025-07-06 19:44:00
1051,501,checkout,1118.0,2025-07-06 19:45:00
1052,501,purchase,1118.0,2025-07-06 19:47:00
1053,1041,visit,,2025-09-01 06:46:00
1054,1041,product_view,1075.0,2025-09-01 06:50:00
1055,1260,visit,,2025-07-22 16:24:00
1056,1260,product_view,1009.0,2025-07-22 16:29:00
1057,1260,add_to_cart,1009.0,2025-07-22 16:33:00
1058,1260,checkout,1009.0,2025-07-22 16:36:00
1059,1260,purchase,1009.0,2025-07-22 16:39:00
1060,1466,visit,,2025-08-30 08:37:00
1061,1466,product_view,1064.0,2025-08-30 08:42:00
1062,425,visit,,2025-07-26 14:55:00
1063,425,product_view,1029.0,2025-07-26 14:57:00
1064,425,add_to_cart,1029.0,2025-07-26 15:01:00
1065,425,checkout,1029.0,2025-07-26 15:03:00
1066,425,purchase,1029.0,2025-07-26 15:04:00
1067,173,visit,,2025-08-26 16:22:00
1068,173,product_view,1038.0,2025-08-26 16:23:00
1069,173,add_to_cart,1038.0,2025-08-26 16:26:00
1070,173,checkout,1038.0,2025-08-26 16:28:00
1071,173,purchase,1038.0,2025-08-26 16:30:00
1072,650,visit,,2025-08-18 00:11:00
1073,650,product_view,1035.0,2025-08-18 00:14:00
1074,736,visit,,2025-07-11 09:53:00
1075,736,product_view,1116.0,2025-07-11 09:58:00
1076,567,visit,,2025-07-30 03:07:00
1077,567,product_view,1119.0,2025-07-30 03:08:00
1078,567,add_to_cart,1119.0,2025-07-30 03:11:00
1079,567,checkout,1119.0,2025-07-30 03:13:00
1080,567,purchase,1119.0,2025-07-30 03:16:00
1081,563,visit,,2025-09-29 19:08:00
1082,1467,visit,,2025-09-08 08:00:00
1083,1467,product_view,1095.0,2025-09-08 08:03:00
1084,828,visit,,2025-09-13 20:00:00
1085,828,product_view,1052.0,2025-09-13 20:05:00
1086,306,visit,,2025-08-20 07:14:00
1087,306,product_view,1111.0,2025-08-20 07:16:00
1088,306,add_to_cart,1111.0,2025-08-20 07:20:00
1089,945,visit,,2025-07-11 10:54:00
1090,945,product_view,1044.0,2025-07-11 10:58:00
1091,945,add_to_cart,1044.0,2025-07-11 11:02:00
1092,62,visit,,2025-07-18 18:55:00
1093,62,product_view,1048.0,2025-07-18 18:56:00
1094,62,add_to_cart,1048.0,2025-07-18 18:59:00
1095,62,checkout,1048.0,2025-07-18 19:01:00
1096,62,purchase,1048.0,2025-07-18 19:03:00
1097,1102,visit,,2025-08-11 18:01:00
1098,1102,product_view,1039.0,2025-08-11 18:02:00
1099,315,visit,,2025-09-11 20:51:00
1100,315,product_view,1043.0,2025-09-11 20:56:00
1101,801,visit,,2025-07-27 12:04:00
1102,801,product_view,1049.0,2025-07-27 12:06:00
1103,801,add_to_cart,1049.0,2025-07-27 12:09:00
1104,801,checkout,1049.0,2025-07-27 12:11:00
1105,801,purchase,1049.0,2025-07-27 12:13:00
1106,352,visit,,2025-09-25 17:11:00
1107,352,product_view,1014.0,2025-09-25 17:16:00
1108,352,add_to_cart,1014.0,2025-09-25 17:18:00
1109,352,checkout,1014.0,2025-09-25 17:20:00
1110,352,purchase,1014.0,2025-09-25 17:21:00
1111,1351,visit,,2025-07-09 14:03:00
1112,1351,product_view,1068.0,2025-07-09 14:04:00
1113,1351,add_to_cart,1068.0,2025-07-09 14:08:00
1114,1351,checkout,1068.0,2025-07-09 14:09:00
1115,1351,purchase,1068.0,2025-07-09 14:11:00
1116,141,visit,,2025-07-27 04:55:00
1117,141,product_view,1050.0,2025-07-27 04:59:00
1118,1362,visit,,2025-07-21 19:36:00
1119,1204,visit,,2025-09-03 22:43:00
1120,1204,product_view,1026.0,2025-09-03 22:45:00
1121,1204,add_to_cart,1026.0,2025-09-03 22:47:00
1122,1204,checkout,1026.0,2025-09-03 22:49:00
1123,1204,purchase,1026.0,2025-09-03 22:50:00
1124,674,visit,,2025-09-11 15:29:00
1125,674,product_view,1117.0,2025-09-11 15:30:00
1126,590,visit,,2025-08-28 11:44:00
1127,590,product_view,1083.0,2025-08-28 11:47:00
1128,590,add_to_cart,1083.0,2025-08-28 11:49:00
1129,590,checkout,1083.0,2025-08-28 11:50:00
1130,885,visit,,2025-08-19 21:11:00
1131,885,product_view,1059.0,2025-08-19 21:12:00
1132,885,add_to_cart,1059.0,2025-08-19 21:13:00
1133,885,checkout,1059.0,2025-08-19 21:14:00
1134,885,purchase,1059.0,2025-08-19 21:17:00
1135,598,visit,,2025-07-09 22:46:00
1136,598,product_view,1086.0,2025-07-09 22:48:00
1137,843,visit,,2025-09-09 03:23:00
1138,843,product_view,1098.0,2025-09-09 03:24:00
1139,843,add_to_cart,1098.0,2025-09-09 03:27:00
1140,843,checkout,1098.0,2025-09-09 03:28:00
1141,843,purchase,1098.0,2025-09-09 03:31:00
1142,947,visit,,2025-07-10 20:44:00
1143,947,product_view,1004.0,2025-07-10 20:48:00
1144,947,add_to_cart,1004.0,2025-07-10 20:52:00
1145,813,visit,,2025-07-02 08:07:00
1146,813,product_view,1005.0,2025-07-02 08:09:00
1147,813,add_to_cart,1005.0,2025-07-02 08:13:00
1148,813,checkout,1005.0,2025-07-02 08:14:00
1149,813,purchase,1005.0,2025-07-02 08:17:00
1150,1462,visit,,2025-07-18 15:52:00
1151,1462,product_view,1057.0,2025-07-18 15:54:00
1152,1462,add_to_cart,1057.0,2025-07-18 15:55:00
1153,1462,checkout,1057.0,2025-07-18 15:56:00
1154,1462,purchase,1057.0,2025-07-18 15:59:00
1155,801,visit,,2025-07-10 21:48:00
1156,801,product_view,1022.0,2025-07-10 21:51:00
1157,801,add_to_cart,1022.0,2025-07-10 21:54:00
1158,801,checkout,1022.0,2025-07-10 21:57:00
1159,801,purchase,1022.0,2025-07-10 22:00:00
1160,443,visit,,2025-09-28 01:53:00
1161,443,product_view,1057.0,2025-09-28 01:58:00
1162,1468,visit,,2025-07-14 12:44:00
1163,1468,product_view,1085.0,2025-07-14 12:45:00
1164,100,visit,,2025-08-18 06:59:00
1165,100,product_view,1099.0,2025-08-18 07:01:00
1166,100,add_to_cart,1099.0,2025-08-18 07:02:00
1167,100,checkout,1099.0,2025-08-18 07:03:00
1168,100,purchase,1099.0,2025-08-18 07:04:00
1169,1371,visit,,2025-07-29 03:51:00
1170,1371,product_view,1009.0,2025-07-29 03:53:00
1171,91,visit,,2025-09-04 03:52:00
1172,91,product_view,1054.0,2025-09-04 03:57:00
1173,1280,visit,,2025-09-08 12:27:00
1174,1280,product_view,1027.0,2025-09-08 12:29:00
1175,1280,add_to_cart,1027.0,2025-09-08 12:32:00
1176,1280,checkout,1027.0,2025-09-08 12:34:00
1177,1280,purchase,1027.0,2025-09-08 12:35:00
1178,436,visit,,2025-07-29 02:42:00
1179,436,product_view,1059.0,2025-07-29 02:47:00
1180,436,add_to_cart,1059.0,2025-07-29 02:48:00
1181,842,visit,,2025-09-15 15:06:00
1182,842,product_view,1039.0,2025-09-15 15:11:00
1183,842,add_to_cart,1039.0,2025-09-15 15:12:00
1184,842,checkout,1039.0,2025-09-15 15:15:00
1185,842,purchase,1039.0,2025-09-15 15:18:00
1186,273,visit,,2025-07-23 20:48:00
1187,652,visit,,2025-09-24 15:04:00
1188,652,product_view,1109.0,2025-09-24 15:09:00
1189,920,visit,,2025-09-04 20:47:00
1190,920,product_view,1049.0,2025-09-04 20:52:00
1191,28,visit,,2025-07-03 19:48:00
1192,633,visit,,2025-08-24 07:39:00
1193,633,product_view,1031.0,2025-08-24 07:41:00
1194,633,add_to_cart,1031.0,2025-08-24 07:44:00
1195,633,checkout,1031.0,2025-08-24 07:46:00
1196,633,purchase,1031.0,2025-08-24 07:47:00
1197,1486,visit,,2025-08-26 23:56:00
1198,1486,product_view,1077.0,2025-08-26 23:59:00
1199,1486,add_to_cart,1077.0,2025-08-27 00:00:00
1200,1486,checkout,1077.0,2025-08-27 00:02:00
1201,1486,purchase,1077.0,2025-08-27 00:04:00
1202,470,visit,,2025-08-12 10:15:00
1203,470,product_view,1109.0,2025-08-12 10:16:00
1204,1362,visit,,2025-09-26 22:46:00
1205,1362,product_view,1032.0,2025-09-26 22:50:00
1206,1362,add_to_cart,1032.0,2025-09-26 22:52:00
1207,1362,checkout,1032.0,2025-09-26 22:53:00
1208,1362,purchase,1032.0,2025-09-26 22:55:00
1209,395,visit,,2025-09-20 04:13:00
1210,395,product_view,1007.0,2025-09-20 04:15:00
1211,419,visit,,2025-09-03 02:27:00
1212,419,product_view,1031.0,2025-09-03 02:30:00
1213,419,add_to_cart,1031.0,2025-09-03 02:32:00
1214,419,checkout,1031.0,2025-09-03 02:33:00
1215,419,purchase,1031.0,2025-09-03 02:35:00
1216,1181,visit,,2025-09-20 06:17:00
1217,986,visit,,2025-08-16 12:24:00
1218,986,product_view,1011.0,2025-08-16 12:28:00
1219,986,add_to_cart,1011.0,2025-08-16 12:32:00
1220,988,visit,,2025-08-18 13:54:00
1221,988,product_view,1003.0,2025-08-18 13:57:00
1222,313,visit,,2025-07-23 08:24:00
1223,313,product_view,1071.0,2025-07-23 08:28:00
1224,313,add_to_cart,1071.0,2025-07-23 08:32:00
1225,313,checkout,1071.0,2025-07-23 08:33:00
1226,401,visit,,2025-07-25 00:00:00
1227,1496,visit,,2025-08-17 15:25:00
1228,809,visit,,2025-08-17 12:31:00
1229,809,product_view,1096.0,2025-08-17 12:36:00
1230,809,add_to_cart,1096.0,2025-08-17 12:37:00
1231,255,visit,,2025-09-11 05:12:00
1232,255,product_view,1050.0,2025-09-11 05:15:00
1233,1480,visit,,2025-09-04 22:31:00
1234,1480,product_view,1045.0,2025-09-04 22:34:00
1235,1334,visit,,2025-08-24 23:15:00
1236,1334,product_view,1050.0,2025-08-24 23:16:00
1237,741,visit,,2025-09-29 21:01:00
1238,741,product_view,1081.0,2025-09-29 21:03:00
1239,741,add_to_cart,1081.0,2025-09-29 21:07:00
1240,302,visit,,2025-08-01 19:37:00
1241,331,visit,,2025-07-15 02:41:00
1242,331,product_view,1002.0,2025-07-15 02:45:00
1243,331,add_to_cart,1002.0,2025-07-15 02:46:00
1244,331,checkout,1002.0,2025-07-15 02:47:00
1245,340,visit,,2025-08-24 08:44:00
1246,340,product_view,1107.0,2025-08-24 08:49:00
1247,784,visit,,2025-08-09 23:26:00
1248,784,product_view,1076.0,2025-08-09 23:27:00
1249,784,add_to_cart,1076.0,2025-08-09 23:30:00
1250,551,visit,,2025-07-27 23:25:00
1251,551,product_view,1096.0,2025-07-27 23:26:00
1252,1008,visit,,2025-07-13 02:49:00
1253,1008,product_view,1001.0,2025-07-13 02:54:00
1254,1008,add_to_cart,1001.0,2025-07-13 02:57:00
1255,350,visit,,2025-08-17 05:45:00
1256,350,product_view,1023.0,2025-08-17 05:49:00
1257,350,add_to_cart,1023.0,2025-08-17 05:50:00
1258,350,checkout,1023.0,2025-08-17 05:51:00
1259,350,purchase,1023.0,2025-08-17 05:52:00
1260,375,visit,,2025-07-25 08:57:00
1261,903,visit,,2025-09-18 03:55:00
1262,903,product_view,1081.0,2025-09-18 03:56:00
1263,903,add_to_cart,1081.0,2025-09-18 04:00:00
1264,903,checkout,1081.0,2025-09-18 04:01:00
1265,903,purchase,1081.0,2025-09-18 04:04:00
1266,979,visit,,2025-09-25 03:00:00
1267,979,product_view,1063.0,2025-09-25 03:01:00
1268,86,visit,,2025-07-28 16:50:00
1269,86,product_view,1013.0,2025-07-28 16:55:00
1270,86,add_to_cart,1013.0,2025-07-28 16:58:00
1271,970,visit,,2025-08-13 19:27:00
1272,970,product_view,1097.0,2025-08-13 19:30:00
1273,491,visit,,2025-09-24 12:24:00
1274,491,product_view,1047.0,2025-09-24 12:27:00
1275,206,visit,,2025-08-28 22:25:00
1276,206,product_view,1001.0,2025-08-28 22:27:00
1277,206,add_to_cart,1001.0,2025-08-28 22:28:00
1278,573,visit,,2025-08-01 11:28:00
1279,573,product_view,1090.0,2025-08-01 11:32:00
1280,573,add_to_cart,1090.0,2025-08-01 11:34:00
1281,573,checkout,1090.0,2025-08-01 11:37:00
1282,660,visit,,2025-09-20 11:55:00
1283,660,product_view,1003.0,2025-09-20 11:58:00
1284,479,visit,,2025-09-01 12:47:00
1285,479,product_view,1078.0,2025-09-01 12:48:00
1286,479,add_to_cart,1078.0,2025-09-01 12:52:00
1287,1433,visit,,2025-07-13 23:24:00
1288,1433,product_view,1116.0,2025-07-13 23:26:00
1289,1066,visit,,2025-09-12 22:32:00
1290,1066,product_view,1113.0,2025-09-12 22:36:00
1291,618,visit,,2025-09-25 17:55:00
1292,618,product_view,1107.0,2025-09-25 17:59:00
1293,988,visit,,2025-09-08 07:15:00
1294,988,product_view,1085.0,2025-09-08 07:16:00
1295,988,add_to_cart,1085.0,2025-09-08 07:17:00
1296,988,checkout,1085.0,2025-09-08 07:19:00
1297,575,visit,,2025-08-02 21:30:00
1298,1374,visit,,2025-09-24 04:59:00
1299,1374,product_view,1016.0,2025-09-24 05:03:00
1300,1374,add_to_cart,1016.0,2025-09-24 05:06:00
1301,1180,visit,,2025-09-15 02:41:00
1302,1180,product_view,1099.0,2025-09-15 02:45:00
1303,1151,visit,,2025-08-25 07:14:00
1304,1151,product_view,1110.0,2025-08-25 07:17:00
1305,1151,add_to_cart,1110.0,2025-08-25 07:18:00
1306,1151,checkout,1110.0,2025-08-25 07:21:00
1307,238,visit,,2025-08-17 04:54:00
1308,238,product_view,1074.0,2025-08-17 04:58:00
1309,4,visit,,2025-07-08 18:34:00
1310,4,product_view,1040.0,2025-07-08 18:38:00
1311,655,visit,,2025-08-16 21:59:00
1312,655,product_view,1099.0,2025-08-16 22:04:00
1313,1210,visit,,2025-07-14 12:00:00
1314,1210,product_view,1029.0,2025-07-14 12:04:00
1315,1210,add_to_cart,1029.0,2025-07-14 12:07:00
1316,1024,visit,,2025-08-28 04:38:00
1317,1024,product_view,1088.0,2025-08-28 04:39:00
1318,633,visit,,2025-09-27 03:17:00
1319,1447,visit,,2025-08-31 20:53:00
1320,1447,product_view,1074.0,2025-08-31 20:56:00
1321,772,visit,,2025-08-12 04:52:00
1322,772,product_view,1008.0,2025-08-12 04:54:00
1323,108,visit,,2025-07-23 15:46:00
1324,108,product_view,1119.0,2025-07-23 15:48:00
1325,1123,visit,,2025-08-13 13:43:00
1326,1123,product_view,1051.0,2025-08-13 13:46:00
1327,801,visit,,2025-09-06 23:18:00
1328,801,product_view,1010.0,2025-09-06 23:20:00
1329,1123,visit,,2025-07-13 04:20:00
1330,1123,product_view,1051.0,2025-07-13 04:25:00
1331,111,visit,,2025-09-29 09:29:00
1332,111,product_view,1109.0,2025-09-29 09:34:00
1333,111,add_to_cart,1109.0,2025-09-29 09:38:00
1334,111,checkout,1109.0,2025-09-29 09:39:00
1335,111,purchase,1109.0,2025-09-29 09:42:00
1336,1334,visit,,2025-08-16 23:54:00
1337,1334,product_view,1002.0,2025-08-16 23:56:00
1338,1334,add_to_cart,1002.0,2025-08-17 00:00:00
1339,345,visit,,2025-07-08 03:22:00
1340,368,visit,,2025-07-16 16:41:00
1341,368,product_view,1007.0,2025-07-16 16:45:00
1342,1285,visit,,2025-08-21 07:02:00
1343,1285,product_view,1093.0,2025-08-21 07:06:00
1344,1285,add_to_cart,1093.0,2025-08-21 07:08:00
1345,769,visit,,2025-09-27 21:42:00
1346,769,product_view,1100.0,2025-09-27 21:46:00
1347,1332,visit,,2025-08-05 20:41:00
1348,1332,product_view,1049.0,2025-08-05 20:42:00
1349,1332,add_to_cart,1049.0,2025-08-05 20:43:00
1350,1332,checkout,1049.0,2025-08-05 20:46:00
1351,1332,purchase,1049.0,2025-08-05 20:49:00
1352,48,visit,,2025-09-12 18:30:00
1353,48,product_view,1076.0,2025-09-12 18:31:00
1354,371,visit,,2025-08-31 20:44:00
1355,371,product_view,1050.0,2025-08-31 20:49:00
1356,371,add_to_cart,1050.0,2025-08-31 20:52:00
1357,371,checkout,1050.0,2025-08-31 20:55:00
1358,371,purchase,1050.0,2025-08-31 20:58:00
1359,807,visit,,2025-09-07 16:31:00
1360,807,product_view,1072.0,2025-09-07 16:36:00
1361,807,add_to_cart,1072.0,2025-09-07 16:37:00
1362,425,visit,,2025-07-16 05:55:00
1363,425,product_view,1085.0,2025-07-16 05:57:00
1364,425,add_to_cart,1085.0,2025-07-16 06:01:00
1365,252,visit,,2025-07-17 18:13:00
1366,252,product_view,1006.0,2025-07-17 18:14:00
1367,72,visit,,2025-07-16 16:19:00
1368,72,product_view,1011.0,2025-07-16 16:24:00
1369,72,add_to_cart,1011.0,2025-07-16 16:25:00
1370,72,checkout,1011.0,2025-07-16 16:26:00
1371,1064,visit,,2025-08-07 21:34:00
1372,1064,product_view,1116.0,2025-08-07 21:39:00
1373,1064,add_to_cart,1116.0,2025-08-07 21:42:00
1374,1064,checkout,1116.0,2025-08-07 21:44:00
1375,1064,purchase,1116.0,2025-08-07 21:47:00
1376,1409,visit,,2025-09-23 01:15:00
1377,1409,product_view,1013.0,2025-09-23 01:17:00
1378,1409,add_to_cart,1013.0,2025-09-23 01:19:00
1379,1234,visit,,2025-07-28 18:22:00
1380,1234,product_view,1071.0,2025-07-28 18:27:00
1381,1234,add_to_cart,1071.0,2025-07-28 18:30:00
1382,1234,checkout,1071.0,2025-07-28 18:33:00
1383,820,visit,,2025-07-11 08:43:00
1384,820,product_view,1059.0,2025-07-11 08:45:00
1385,820,add_to_cart,1059.0,2025-07-11 08:46:00
1386,820,checkout,1059.0,2025-07-11 08:48:00
1387,1428,visit,,2025-07-25 22:23:00
1388,1428,product_view,1083.0,2025-07-25 22:28:00
1389,860,visit,,2025-07-20 10:50:00
1390,860,product_view,1106.0,2025-07-20 10:51:00
1391,507,visit,,2025-08-04 03:34:00
1392,507,product_view,1010.0,2025-08-04 03:39:00
1393,507,add_to_cart,1010.0,2025-08-04 03:42:00
1394,507,checkout,1010.0,2025-08-04 03:44:00
1395,560,visit,,2025-07-29 08:00:00
1396,560,product_view,1019.0,2025-07-29 08:02:00
1397,560,add_to_cart,1019.0,2025-07-29 08:03:00
1398,253,visit,,2025-09-06 23:56:00
1399,253,product_view,1023.0,2025-09-07 00:00:00
1400,253,add_to_cart,1023.0,2025-09-07 00:03:00
1401,578,visit,,2025-08-04 19:06:00
1402,350,visit,,2025-08-19 05:22:00
1403,350,product_view,1041.0,2025-08-19 05:27:00
1404,825,visit,,2025-09-14 04:16:00
1405,825,product_view,1062.0,2025-09-14 04:21:00
1406,1347,visit,,2025-07-19 12:36:00
1407,1347,product_view,1017.0,2025-07-19 12:37:00
1408,1310,visit,,2025-09-29 07:43:00
1409,1310,product_view,1048.0,2025-09-29 07:47:00
1410,1310,add_to_cart,1048.0,2025-09-29 07:50:00
1411,1029,visit,,2025-08-05 13:33:00
1412,469,visit,,2025-09-20 02:19:00
1413,469,product_view,1040.0,2025-09-20 02:22:00
1414,1300,visit,,2025-07-10 23:15:00
1415,339,visit,,2025-07-08 02:47:00
1416,339,product_view,1074.0,2025-07-08 02:51:00
1417,22,visit,,2025-09-25 16:59:00
1418,22,product_view,1055.0,2025-09-25 17:03:00
1419,22,add_to_cart,1055.0,2025-09-25 17:04:00
1420,22,checkout,1055.0,2025-09-25 17:07:00
1421,22,purchase,1055.0,2025-09-25 17:10:00
1422,1463,visit,,2025-09-28 17:47:00
1423,1463,product_view,1055.0,2025-09-28 17:52:00
1424,87,visit,,2025-08-27 05:43:00
1425,1073,visit,,2025-07-29 05:04:00
1426,1073,product_view,1116.0,2025-07-29 05:06:00
1427,1073,add_to_cart,1116.0,2025-07-29 05:07:00
1428,1073,checkout,1116.0,2025-07-29 05:09:00
1429,1073,purchase,1116.0,2025-07-29 05:10:00
1430,1391,visit,,2025-09-08 03:18:00
1431,1391,product_view,1032.0,2025-09-08 03:21:00
1432,1391,add_to_cart,1032.0,2025-09-08 03:22:00
1433,1165,visit,,2025-07-28 09:59:00
1434,1317,visit,,2025-07-05 14:57:00
1435,1317,product_view,1066.0,2025-07-05 15:01:00
1436,1317,add_to_cart,1066.0,2025-07-05 15:02:00
1437,1317,checkout,1066.0,2025-07-05 15:04:00
1438,1317,purchase,1066.0,2025-07-05 15:05:00
1439,717,visit,,2025-07-24 12:22:00
1440,717,product_view,1114.0,2025-07-24 12:26:00
1441,717,add_to_cart,1114.0,2025-07-24 12:27:00
1442,717,checkout,1114.0,2025-07-24 12:28:00
1443,717,purchase,1114.0,2025-07-24 12:30:00
1444,319,visit,,2025-09-23 08:14:00
1445,319,product_view,1099.0,2025-09-23 08:17:00
1446,319,add_to_cart,1099.0,2025-09-23 08:21:00
1447,1099,visit,,2025-08-04 03:28:00
1448,1099,product_view,1104.0,2025-08-04 03:32:00
1449,1099,add_to_cart,1104.0,2025-08-04 03:35:00
1450,12,visit,,2025-09-29 06:07:00
1451,12,product_view,1046.0,2025-09-29 06:08:00
1452,12,add_to_cart,1046.0,2025-09-29 06:12:00
1453,65,visit,,2025-09-24 06:30:00
1454,545,visit,,2025-08-23 15:35:00
1455,545,product_view,1016.0,2025-08-23 15:37:00
1456,545,add_to_cart,1016.0,2025-08-23 15:41:00
1457,545,checkout,1016.0,2025-08-23 15:44:00
1458,797,visit,,2025-07-15 03:50:00
1459,797,product_view,1017.0,2025-07-15 03:52:00
1460,797,add_to_cart,1017.0,2025-07-15 03:53:00
1461,485,visit,,2025-09-25 10:27:00
1462,17,visit,,2025-08-31 09:18:00
1463,17,product_view,1056.0,2025-08-31 09:22:00
1464,17,add_to_cart,1056.0,2025-08-31 09:24:00
1465,383,visit,,2025-08-05 03:55:00
1466,383,product_view,1032.0,2025-08-05 03:57:00
1467,879,visit,,2025-08-30 22:50:00
1468,879,product_view,1026.0,2025-08-30 22:55:00
1469,387,visit,,2025-09-14 20:40:00
1470,387,product_view,1110.0,2025-09-14 20:41:00
1471,387,add_to_cart,1110.0,2025-09-14 20:42:00
1472,387,checkout,1110.0,2025-09-14 20:43:00
1473,874,visit,,2025-09-17 06:05:00
1474,779,visit,,2025-09-06 09:44:00
1475,779,product_view,1053.0,2025-09-06 09:46:00
1476,779,add_to_cart,1053.0,2025-09-06 09:50:00
1477,779,checkout,1053.0,2025-09-06 09:53:00
1478,779,purchase,1053.0,2025-09-06 09:54:00
1479,226,visit,,2025-08-16 08:22:00
1480,226,product_view,1035.0,2025-08-16 08:24:00
1481,226,add_to_cart,1035.0,2025-08-16 08:25:00
1482,226,checkout,1035.0,2025-08-16 08:26:00
1483,226,purchase,1035.0,2025-08-16 08:29:00
1484,435,visit,,2025-08-30 08:58:00
1485,435,product_view,1037.0,2025-08-30 09:02:00
1486,435,add_to_cart,1037.0,2025-08-30 09:06:00
1487,435,checkout,1037.0,2025-08-30 09:08:00
1488,435,purchase,1037.0,2025-08-30 09:11:00
1489,1399,visit,,2025-07-17 10:23:00
1490,1399,product_view,1071.0,2025-07-17 10:26:00
1491,1207,visit,,2025-09-16 11:15:00
1492,1207,product_view,1068.0,2025-09-16 11:17:00
1493,179,visit,,2025-07-14 04:40:00
1494,179,product_view,1114.0,2025-07-14 04:41:00
1495,179,add_to_cart,1114.0,2025-07-14 04:43:00
1496,179,checkout,1114.0,2025-07-14 04:45:00
1497,154,visit,,2025-09-18 10:19:00
1498,154,product_view,1070.0,2025-09-18 10:21:00
1499,154,add_to_cart,1070.0,2025-09-18 10:23:00
1500,154,checkout,1070.0,2025-09-18 10:24:00
1501,154,purchase,1070.0,2025-09-18 10:27:00
1502,1148,visit,,2025-08-16 14:40:00
1503,1148,product_view,1045.0,2025-08-16 14:44:00
1504,1148,add_to_cart,1045.0,2025-08-16 14:48:00
1505,1148,checkout,1045.0,2025-08-16 14:51:00
1506,342,visit,,2025-08-05 22:08:00
1507,342,product_view,1077.0,2025-08-05 22:13:00
1508,342,add_to_cart,1077.0,2025-08-05 22:15:00
1509,815,visit,,2025-09-26 17:55:00
1510,815,product_view,1064.0,2025-09-26 17:56:00
1511,815,add_to_cart,1064.0,2025-09-26 18:00:00
1512,815,checkout,1064.0,2025-09-26 18:02:00
1513,815,purchase,1064.0,2025-09-26 18:04:00
1514,377,visit,,2025-07-21 18:13:00
1515,377,product_view,1001.0,2025-07-21 18:14:00
1516,1051,visit,,2025-09-03 22:46:00
1517,1051,product_view,1059.0,2025-09-03 22:49:00
1518,607,visit,,2025-08-04 17:07:00
1519,607,product_view,1091.0,2025-08-04 17:08:00
1520,607,add_to_cart,1091.0,2025-08-04 17:11:00
1521,607,checkout,1091.0,2025-08-04 17:12:00
1522,569,visit,,2025-07-18 08:55:00
1523,569,product_view,1119.0,2025-07-18 08:57:00
1524,431,visit,,2025-07-15 00:41:00
1525,431,product_view,1069.0,2025-07-15 00:46:00
1526,665,visit,,2025-09-29 17:16:00
1527,665,product_view,1011.0,2025-09-29 17:20:00
1528,604,visit,,2025-07-08 20:52:00
1529,604,product_view,1042.0,2025-07-08 20:55:00
1530,604,add_to_cart,1042.0,2025-07-08 20:58:00
1531,604,checkout,1042.0,2025-07-08 20:59:00
1532,604,purchase,1042.0,2025-07-08 21:02:00
1533,1480,visit,,2025-09-27 12:41:00
1534,1480,product_view,1096.0,2025-09-27 12:46:00
1535,906,visit,,2025-08-11 08:13:00
1536,906,product_view,1029.0,2025-08-11 08:17:00
1537,906,add_to_cart,1029.0,2025-08-11 08:19:00
1538,889,visit,,2025-07-19 15:05:00
1539,889,product_view,1048.0,2025-07-19 15:09:00
1540,889,add_to_cart,1048.0,2025-07-19 15:11:00
1541,889,checkout,1048.0,2025-07-19 15:13:00
1542,370,visit,,2025-08-06 00:19:00
1543,370,product_view,1083.0,2025-08-06 00:21:00
1544,1408,visit,,2025-07-25 02:09:00
1545,1408,product_view,1078.0,2025-07-25 02:11:00
1546,1408,add_to_cart,1078.0,2025-07-25 02:15:00
1547,1408,checkout,1078.0,2025-07-25 02:18:00
1548,1408,purchase,1078.0,2025-07-25 02:19:00
1549,205,visit,,2025-08-19 00:07:00
1550,205,product_view,1049.0,2025-08-19 00:08:00
1551,205,add_to_cart,1049.0,2025-08-19 00:09:00
1552,205,checkout,1049.0,2025-08-19 00:12:00
1553,205,purchase,1049.0,2025-08-19 00:13:00
1554,1111,visit,,2025-08-13 22:05:00
1555,1111,product_view,1095.0,2025-08-13 22:09:00
1556,910,visit,,2025-07-21 09:21:00
1557,910,product_view,1105.0,2025-07-21 09:23:00
1558,910,add_to_cart,1105.0,2025-07-21 09:26:00
1559,910,checkout,1105.0,2025-07-21 09:27:00
1560,910,purchase,1105.0,2025-07-21 09:28:00
1561,1116,visit,,2025-07-14 16:56:00
1562,1116,product_view,1038.0,2025-07-14 16:58:00
1563,1116,add_to_cart,1038.0,2025-07-14 17:00:00
1564,1116,checkout,1038.0,2025-07-14 17:02:00
1565,1116,purchase,1038.0,2025-07-14 17:04:00
1566,588,visit,,2025-09-26 12:43:00
1567,231,visit,,2025-07-22 03:14:00
1568,231,product_view,1063.0,2025-07-22 03:17:00
1569,231,add_to_cart,1063.0,2025-07-22 03:20:00
1570,231,checkout,1063.0,2025-07-22 03:21:00
1571,1239,visit,,2025-07-23 13:33:00
1572,1239,product_view,1020.0,2025-07-23 13:35:00
1573,308,visit,,2025-09-24 21:19:00
1574,308,product_view,1115.0,2025-09-24 21:22:00
1575,308,add_to_cart,1115.0,2025-09-24 21:23:00
1576,308,checkout,1115.0,2025-09-24 21:25:00
1577,308,purchase,1115.0,2025-09-24 21:27:00
1578,157,visit,,2025-07-01 04:49:00
1579,157,product_view,1101.0,2025-07-01 04:52:00
1580,157,add_to_cart,1101.0,2025-07-01 04:56:00
1581,980,visit,,2025-07-09 03:36:00
1582,980,product_view,1105.0,2025-07-09 03:39:00
1583,980,add_to_cart,1105.0,2025-07-09 03:42:00
1584,373,visit,,2025-08-19 11:20:00
1585,373,product_view,1099.0,2025-08-19 11:24:00
1586,848,visit,,2025-09-20 10:08:00
1587,848,product_view,1078.0,2025-09-20 10:10:00
1588,848,add_to_cart,1078.0,2025-09-20 10:14:00
1589,848,checkout,1078.0,2025-09-20 10:16:00
1590,848,purchase,1078.0,2025-09-20 10:17:00
1591,172,visit,,2025-08-23 16:36:00
1592,172,product_view,1075.0,2025-08-23 16:38:00
1593,482,visit,,2025-07-01 06:54:00
1594,482,product_view,1047.0,2025-07-01 06:59:00
1595,482,add_to_cart,1047.0,2025-07-01 07:01:00
1596,123,visit,,2025-08-14 11:54:00
1597,123,product_view,1117.0,2025-08-14 11:56:00
1598,123,add_to_cart,1117.0,2025-08-14 11:58:00
1599,1130,visit,,2025-08-23 07:13:00
1600,1130,product_view,1120.0,2025-08-23 07:14:00
1601,241,visit,,2025-09-29 04:24:00
1602,241,product_view,1090.0,2025-09-29 04:28:00
1603,241,add_to_cart,1090.0,2025-09-29 04:29:00
1604,152,visit,,2025-09-15 05:01:00
1605,152,product_view,1062.0,2025-09-15 05:03:00
1606,152,add_to_cart,1062.0,2025-09-15 05:04:00
1607,152,checkout,1062.0,2025-09-15 05:06:00
1608,152,purchase,1062.0,2025-09-15 05:07:00
1609,287,visit,,2025-09-06 22:19:00
1610,287,product_view,1096.0,2025-09-06 22:22:00
1611,287,add_to_cart,1096.0,2025-09-06 22:23:00
1612,287,checkout,1096.0,2025-09-06 22:24:00
1613,287,purchase,1096.0,2025-09-06 22:27:00
1614,1238,visit,,2025-07-23 16:10:00
1615,1238,product_view,1097.0,2025-07-23 16:14:00
1616,931,visit,,2025-08-03 18:32:00
1617,931,product_view,1071.0,2025-08-03 18:34:00
1618,931,add_to_cart,1071.0,2025-08-03 18:36:00
1619,931,checkout,1071.0,2025-08-03 18:37:00
1620,931,purchase,1071.0,2025-08-03 18:38:00
1621,434,visit,,2025-09-18 01:14:00
1622,434,product_view,1052.0,2025-09-18 01:19:00
1623,159,visit,,2025-09-27 14:30:00
1624,159,product_view,1105.0,2025-09-27 14:34:00
1625,338,visit,,2025-08-17 20:27:00
1626,338,product_view,1007.0,2025-08-17 20:28:00
1627,338,add_to_cart,1007.0,2025-08-17 20:31:00
1628,338,checkout,1007.0,2025-08-17 20:33:00
1629,338,purchase,1007.0,2025-08-17 20:35:00
1630,1110,visit,,2025-07-09 06:38:00
1631,1110,product_view,1014.0,2025-07-09 06:41:00
1632,1110,add_to_cart,1014.0,2025-07-09 06:43:00
1633,1110,checkout,1014.0,2025-07-09 06:44:00
1634,1110,purchase,1014.0,2025-07-09 06:45:00
1635,1157,visit,,2025-09-11 15:02:00
1636,1157,product_view,1006.0,2025-09-11 15:03:00
1637,18,visit,,2025-08-06 12:32:00
1638,18,product_view,1046.0,2025-08-06 12:36:00
1639,266,visit,,2025-09-25 03:21:00
1640,266,product_view,1090.0,2025-09-25 03:26:00
1641,266,add_to_cart,1090.0,2025-09-25 03:28:00
1642,266,checkout,1090.0,2025-09-25 03:30:00
1643,266,purchase,1090.0,2025-09-25 03:31:00
1644,331,visit,,2025-09-26 14:05:00
1645,192,visit,,2025-07-30 06:51:00
1646,192,product_view,1092.0,2025-07-30 06:53:00
1647,330,visit,,2025-09-05 23:38:00
1648,330,product_view,1065.0,2025-09-05 23:41:00
1649,330,add_to_cart,1065.0,2025-09-05 23:43:00
1650,330,checkout,1065.0,2025-09-05 23:45:00
1651,330,purchase,1065.0,2025-09-05 23:47:00
1652,1460,visit,,2025-09-26 12:15:00
1653,1460,product_view,1100.0,2025-09-26 12:20:00
1654,313,visit,,2025-09-19 15:06:00
1655,313,product_view,1073.0,2025-09-19 15:08:00
1656,634,visit,,2025-07-12 15:06:00
1657,634,product_view,1071.0,2025-07-12 15:08:00
1658,331,visit,,2025-08-05 18:23:00
1659,331,product_view,1009.0,2025-08-05 18:24:00
1660,331,add_to_cart,1009.0,2025-08-05 18:28:00
1661,331,checkout,1009.0,2025-08-05 18:30:00
1662,906,visit,,2025-07-18 03:36:00
1663,906,product_view,1084.0,2025-07-18 03:39:00
1664,822,visit,,2025-09-18 21:08:00
1665,822,product_view,1053.0,2025-09-18 21:13:00
1666,643,visit,,2025-07-11 21:26:00
1667,643,product_view,1048.0,2025-07-11 21:29:00
1668,1398,visit,,2025-09-18 20:03:00
1669,1398,product_view,1006.0,2025-09-18 20:05:00
1670,1149,visit,,2025-07-20 03:18:00
1671,1149,product_view,1002.0,2025-07-20 03:23:00
1672,1149,add_to_cart,1002.0,2025-07-20 03:24:00
1673,1149,checkout,1002.0,2025-07-20 03:26:00
1674,1149,purchase,1002.0,2025-07-20 03:28:00
1675,960,visit,,2025-09-07 14:06:00
1676,960,product_view,1083.0,2025-09-07 14:07:00
1677,813,visit,,2025-08-25 06:25:00
1678,813,product_view,1099.0,2025-08-25 06:28:00
1679,813,add_to_cart,1099.0,2025-08-25 06:32:00
1680,813,checkout,1099.0,2025-08-25 06:35:00
1681,813,purchase,1099.0,2025-08-25 06:37:00
1682,79,visit,,2025-07-20 15:09:00
1683,79,product_view,1070.0,2025-07-20 15:12:00
1684,1232,visit,,2025-08-18 01:59:00
1685,1232,product_view,1100.0,2025-08-18 02:03:00
1686,438,visit,,2025-07-28 00:48:00
1687,438,product_view,1007.0,2025-07-28 00:51:00
1688,438,add_to_cart,1007.0,2025-07-28 00:53:00
1689,438,checkout,1007.0,2025-07-28 00:54:00
1690,438,purchase,1007.0,2025-07-28 00:55:00
1691,1459,visit,,2025-08-23 16:13:00
1692,1459,product_view,1058.0,2025-08-23 16:16:00
1693,1459,add_to_cart,1058.0,2025-08-23 16:17:00
1694,1459,checkout,1058.0,2025-08-23 16:19:00
1695,1459,purchase,1058.0,2025-08-23 16:21:00
1696,407,visit,,2025-08-23 15:30:00
1697,407,product_view,1045.0,2025-08-23 15:32:00
1698,895,visit,,2025-09-27 18:24:00
1699,895,product_view,1046.0,2025-09-27 18:29:00
1700,1223,visit,,2025-07-10 23:42:00
1701,1223,product_view,1026.0,2025-07-10 23:44:00
1702,1223,add_to_cart,1026.0,2025-07-10 23:47:00
1703,1223,checkout,1026.0,2025-07-10 23:49:00
1704,1023,visit,,2025-08-10 03:50:00
1705,833,visit,,2025-09-05 23:00:00
1706,258,visit,,2025-08-27 20:37:00
1707,258,product_view,1082.0,2025-08-27 20:39:00
1708,385,visit,,2025-09-28 17:49:00
1709,385,product_view,1054.0,2025-09-28 17:53:00
1710,385,add_to_cart,1054.0,2025-09-28 17:55:00
1711,1392,visit,,2025-07-02 11:52:00
1712,1392,product_view,1074.0,2025-07-02 11:55:00
1713,1029,visit,,2025-07-16 22:31:00
1714,1029,product_view,1105.0,2025-07-16 22:35:00
1715,1029,add_to_cart,1105.0,2025-07-16 22:38:00
1716,1029,checkout,1105.0,2025-07-16 22:41:00
1717,1029,purchase,1105.0,2025-07-16 22:43:00
1718,361,visit,,2025-08-24 11:11:00
1719,361,product_view,1059.0,2025-08-24 11:13:00
1720,361,add_to_cart,1059.0,2025-08-24 11:17:00
1721,361,checkout,1059.0,2025-08-24 11:20:00
1722,361,purchase,1059.0,2025-08-24 11:22:00
1723,581,visit,,2025-09-18 03:05:00
1724,581,product_view,1090.0,2025-09-18 03:06:00
1725,581,add_to_cart,1090.0,2025-09-18 03:07:00
1726,581,checkout,1090.0,2025-09-18 03:09:00
1727,581,purchase,1090.0,2025-09-18 03:12:00
1728,1116,visit,,2025-09-20 14:32:00
1729,1116,product_view,1013.0,2025-09-20 14:33:00
1730,862,visit,,2025-07-29 14:35:00
1731,862,product_view,1028.0,2025-07-29 14:37:00
1732,255,visit,,2025-08-29 13:58:00
1733,255,product_view,1045.0,2025-08-29 14:02:00
1734,255,add_to_cart,1045.0,2025-08-29 14:05:00
1735,1040,visit,,2025-08-04 21:16:00
1736,1040,product_view,1037.0,2025-08-04 21:20:00
1737,9,visit,,2025-08-23 01:00:00
1738,9,product_view,1116.0,2025-08-23 01:03:00
1739,1063,visit,,2025-09-15 10:21:00
1740,1063,product_view,1105.0,2025-09-15 10:26:00
1741,496,visit,,2025-08-20 06:39:00
1742,496,product_view,1072.0,2025-08-20 06:40:00
1743,1184,visit,,2025-07-17 20:24:00
1744,356,visit,,2025-08-10 16:10:00
1745,356,product_view,1052.0,2025-08-10 16:11:00
1746,259,visit,,2025-07-16 20:36:00
1747,259,product_view,1065.0,2025-07-16 20:39:00
1748,326,visit,,2025-07-27 02:05:00
1749,326,product_view,1042.0,2025-07-27 02:06:00
1750,1216,visit,,2025-07-04 19:45:00
1751,1216,product_view,1020.0,2025-07-04 19:46:00
1752,52,visit,,2025-07-17 14:40:00
1753,52,product_view,1096.0,2025-07-17 14:43:00
1754,52,add_to_cart,1096.0,2025-07-17 14:45:00
1755,52,checkout,1096.0,2025-07-17 14:48:00
1756,1488,visit,,2025-08-18 08:42:00
1757,1488,product_view,1100.0,2025-08-18 08:43:00
1758,1285,visit,,2025-09-20 18:55:00
1759,1285,product_view,1003.0,2025-09-20 18:59:00
1760,252,visit,,2025-07-19 09:16:00
1761,191,visit,,2025-09-02 11:58:00
1762,191,product_view,1010.0,2025-09-02 12:02:00
1763,191,add_to_cart,1010.0,2025-09-02 12:03:00
1764,191,checkout,1010.0,2025-09-02 12:05:00
1765,157,visit,,2025-09-26 13:24:00
1766,1298,visit,,2025-08-27 05:11:00
1767,1298,product_view,1117.0,2025-08-27 05:13:00
1768,1293,visit,,2025-07-05 03:21:00
1769,992,visit,,2025-09-15 17:00:00
1770,992,product_view,1079.0,2025-09-15 17:03:00
1771,395,visit,,2025-07-04 17:01:00
1772,395,product_view,1078.0,2025-07-04 17:03:00
1773,395,add_to_cart,1078.0,2025-07-04 17:06:00
1774,395,checkout,1078.0,2025-07-04 17:07:00
1775,395,purchase,1078.0,2025-07-04 17:08:00
1776,171,visit,,2025-09-27 04:17:00
1777,171,product_view,1094.0,2025-09-27 04:19:00
1778,714,visit,,2025-09-09 20:18:00
1779,714,product_view,1091.0,2025-09-09 20:22:00
1780,714,add_to_cart,1091.0,2025-09-09 20:26:00
1781,513,visit,,2025-07-26 21:54:00
1782,576,visit,,2025-07-14 18:50:00
1783,576,product_view,1051.0,2025-07-14 18:53:00
1784,576,add_to_cart,1051.0,2025-07-14 18:55:00
1785,1000,visit,,2025-08-27 13:38:00
1786,1000,product_view,1056.0,2025-08-27 13:41:00
1787,1244,visit,,2025-08-24 06:36:00
1788,1244,product_view,1050.0,2025-08-24 06:37:00
1789,1244,add_to_cart,1050.0,2025-08-24 06:38:00
1790,519,visit,,2025-08-22 09:38:00
1791,519,product_view,1076.0,2025-08-22 09:43:00
1792,519,add_to_cart,1076.0,2025-08-22 09:44:00
1793,519,checkout,1076.0,2025-08-22 09:46:00
1794,519,purchase,1076.0,2025-08-22 09:47:00
1795,503,visit,,2025-07-28 21:23:00
1796,503,product_view,1010.0,2025-07-28 21:26:00
1797,503,add_to_cart,1010.0,2025-07-28 21:29:00
1798,1469,visit,,2025-07-28 14:36:00
1799,1469,product_view,1043.0,2025-07-28 14:38:00
1800,790,visit,,2025-09-16 06:33:00
1801,790,product_view,1037.0,2025-09-16 06:38:00
1802,790,add_to_cart,1037.0,2025-09-16 06:39:00
1803,790,checkout,1037.0,2025-09-16 06:42:00
1804,790,purchase,1037.0,2025-09-16 06:44:00
1805,656,visit,,2025-07-26 01:51:00
1806,656,product_view,1026.0,2025-07-26 01:52:00
1807,863,visit,,2025-07-16 14:10:00
1808,863,product_view,1016.0,2025-07-16 14:15:00
1809,863,add_to_cart,1016.0,2025-07-16 14:16:00
1810,863,checkout,1016.0,2025-07-16 14:19:00
1811,1180,visit,,2025-08-29 09:08:00
1812,1180,product_view,1001.0,2025-08-29 09:12:00
1813,1180,add_to_cart,1001.0,2025-08-29 09:13:00
1814,1180,checkout,1001.0,2025-08-29 09:14:00
1815,1180,purchase,1001.0,2025-08-29 09:15:00
1816,1482,visit,,2025-08-05 10:48:00
1817,1482,product_view,1039.0,2025-08-05 10:49:00
1818,642,visit,,2025-09-17 01:25:00
1819,642,product_view,1064.0,2025-09-17 01:29:00
1820,642,add_to_cart,1064.0,2025-09-17 01:30:00
1821,1266,visit,,2025-07-04 07:03:00
1822,1266,product_view,1014.0,2025-07-04 07:05:00
1823,1266,add_to_cart,1014.0,2025-07-04 07:08:00
1824,1484,visit,,2025-07-29 05:05:00
1825,1484,product_view,1056.0,2025-07-29 05:08:00
1826,1101,visit,,2025-09-27 01:16:00
1827,89,visit,,2025-07-07 09:04:00
1828,89,product_view,1015.0,2025-07-07 09:09:00
1829,778,visit,,2025-09-28 05:59:00
1830,778,product_view,1035.0,2025-09-28 06:03:00
1831,778,add_to_cart,1035.0,2025-09-28 06:06:00
1832,1197,visit,,2025-08-22 20:28:00
1833,1197,product_view,1114.0,2025-08-22 20:33:00
1834,1197,add_to_cart,1114.0,2025-08-22 20:37:00
1835,575,visit,,2025-08-31 07:05:00
1836,575,product_view,1042.0,2025-08-31 07:08:00
1837,723,visit,,2025-08-01 21:41:00
1838,723,product_view,1072.0,2025-08-01 21:43:00
1839,154,visit,,2025-07-08 06:00:00
1840,154,product_view,1064.0,2025-07-08 06:04:00
1841,385,visit,,2025-07-14 10:13:00
1842,385,product_view,1063.0,2025-07-14 10:18:00
1843,385,add_to_cart,1063.0,2025-07-14 10:21:00
1844,639,visit,,2025-08-28 20:09:00
1845,639,product_view,1091.0,2025-08-28 20:10:00
1846,449,visit,,2025-08-16 12:28:00
1847,1052,visit,,2025-08-21 06:04:00
1848,1052,product_view,1026.0,2025-08-21 06:06:00
1849,1183,visit,,2025-07-14 04:29:00
1850,226,visit,,2025-07-03 14:11:00
1851,226,product_view,1031.0,2025-07-03 14:15:00
1852,928,visit,,2025-08-03 03:59:00
1853,928,product_view,1046.0,2025-08-03 04:02:00
1854,928,add_to_cart,1046.0,2025-08-03 04:04:00
1855,928,checkout,1046.0,2025-08-03 04:06:00
1856,928,purchase,1046.0,2025-08-03 04:07:00
1857,559,visit,,2025-07-13 01:41:00
1858,559,product_view,1048.0,2025-07-13 01:45:00
1859,559,add_to_cart,1048.0,2025-07-13 01:47:00
1860,559,checkout,1048.0,2025-07-13 01:50:00
1861,559,purchase,1048.0,2025-07-13 01:53:00
1862,1063,visit,,2025-07-14 21:03:00
1863,1063,product_view,1056.0,2025-07-14 21:04:00
1864,1063,add_to_cart,1056.0,2025-07-14 21:05:00
1865,1179,visit,,2025-07-31 02:34:00
1866,1179,product_view,1035.0,2025-07-31 02:36:00
1867,1433,visit,,2025-08-21 12:25:00
1868,1433,product_view,1092.0,2025-08-21 12:28:00
1869,1433,add_to_cart,1092.0,2025-08-21 12:30:00
1870,712,visit,,2025-08-06 22:38:00
1871,712,product_view,1082.0,2025-08-06 22:39:00
1872,712,add_to_cart,1082.0,2025-08-06 22:43:00
1873,1409,visit,,2025-07-22 10:43:00
1874,1409,product_view,1031.0,2025-07-22 10:45:00
1875,1409,add_to_cart,1031.0,2025-07-22 10:49:00
1876,1409,checkout,1031.0,2025-07-22 10:50:00
1877,1409,purchase,1031.0,2025-07-22 10:52:00
1878,43,visit,,2025-08-03 02:10:00
1879,43,product_view,1023.0,2025-08-03 02:11:00
1880,971,visit,,2025-07-01 15:55:00
1881,971,product_view,1075.0,2025-07-01 15:56:00
1882,971,add_to_cart,1075.0,2025-07-01 15:57:00
1883,971,checkout,1075.0,2025-07-01 15:59:00
1884,1076,visit,,2025-07-22 04:49:00
1885,1076,product_view,1065.0,2025-07-22 04:52:00
1886,688,visit,,2025-09-01 23:22:00
1887,528,visit,,2025-09-01 08:23:00
1888,528,product_view,1085.0,2025-09-01 08:26:00
1889,528,add_to_cart,1085.0,2025-09-01 08:29:00
1890,1360,visit,,2025-09-15 15:07:00
1891,1360,product_view,1110.0,2025-09-15 15:12:00
1892,43,visit,,2025-08-22 07:42:00
1893,732,visit,,2025-07-04 07:36:00
1894,732,product_view,1064.0,2025-07-04 07:40:00
1895,732,add_to_cart,1064.0,2025-07-04 07:41:00
1896,732,checkout,1064.0,2025-07-04 07:43:00
1897,732,purchase,1064.0,2025-07-04 07:45:00
1898,1391,visit,,2025-08-27 16:11:00
1899,1391,product_view,1070.0,2025-08-27 16:14:00
1900,801,visit,,2025-08-23 08:19:00
1901,801,product_view,1076.0,2025-08-23 08:24:00
1902,801,add_to_cart,1076.0,2025-08-23 08:27:00
1903,252,visit,,2025-08-28 18:50:00
1904,252,product_view,1056.0,2025-08-28 18:53:00
1905,252,add_to_cart,1056.0,2025-08-28 18:54:00
1906,252,checkout,1056.0,2025-08-28 18:57:00
1907,252,purchase,1056.0,2025-08-28 19:00:00
1908,1072,visit,,2025-09-18 17:42:00
1909,1072,product_view,1038.0,2025-09-18 17:46:00
1910,1072,add_to_cart,1038.0,2025-09-18 17:49:00
1911,1072,checkout,1038.0,2025-09-18 17:50:00
1912,1072,purchase,1038.0,2025-09-18 17:53:00
1913,109,visit,,2025-08-09 00:27:00
1914,109,product_view,1063.0,2025-08-09 00:28:00
1915,109,add_to_cart,1063.0,2025-08-09 00:30:00
1916,109,checkout,1063.0,2025-08-09 00:32:00
1917,1029,visit,,2025-09-10 04:05:00
1918,1029,product_view,1086.0,2025-09-10 04:07:00
1919,403,visit,,2025-09-13 02:18:00
1920,403,product_view,1056.0,2025-09-13 02:22:00
1921,510,visit,,2025-09-25 20:24:00
1922,510,product_view,1104.0,2025-09-25 20:25:00
1923,619,visit,,2025-08-09 05:36:00
1924,619,product_view,1077.0,2025-08-09 05:39:00
1925,286,visit,,2025-07-26 08:08:00
1926,286,product_view,1088.0,2025-07-26 08:10:00
1927,286,add_to_cart,1088.0,2025-07-26 08:11:00
1928,286,checkout,1088.0,2025-07-26 08:14:00
1929,286,purchase,1088.0,2025-07-26 08:15:00
1930,895,visit,,2025-07-18 16:28:00
1931,895,product_view,1013.0,2025-07-18 16:33:00
1932,1460,visit,,2025-08-29 11:27:00
1933,1460,product_view,1046.0,2025-08-29 11:31:00
1934,1460,add_to_cart,1046.0,2025-08-29 11:32:00
1935,863,visit,,2025-07-18 19:58:00
1936,863,product_view,1012.0,2025-07-18 20:00:00
1937,765,visit,,2025-09-18 17:57:00
1938,765,product_view,1017.0,2025-09-18 18:00:00
1939,765,add_to_cart,1017.0,2025-09-18 18:04:00
1940,765,checkout,1017.0,2025-09-18 18:07:00
1941,765,purchase,1017.0,2025-09-18 18:10:00
1942,112,visit,,2025-07-08 08:53:00
1943,220,visit,,2025-09-15 03:52:00
1944,220,product_view,1043.0,2025-09-15 03:56:00
1945,125,visit,,2025-09-13 21:32:00
1946,125,product_view,1016.0,2025-09-13 21:33:00
1947,1058,visit,,2025-09-10 23:31:00
1948,1058,product_view,1019.0,2025-09-10 23:33:00
1949,1058,add_to_cart,1019.0,2025-09-10 23:36:00
1950,14,visit,,2025-09-01 19:44:00
1951,14,product_view,1104.0,2025-09-01 19:45:00
1952,14,add_to_cart,1104.0,2025-09-01 19:46:00
1953,14,checkout,1104.0,2025-09-01 19:47:00
1954,14,purchase,1104.0,2025-09-01 19:49:00
1955,1036,visit,,2025-08-20 01:59:00
1956,1036,product_view,1057.0,2025-08-20 02:03:00
1957,1036,add_to_cart,1057.0,2025-08-20 02:05:00
1958,1120,visit,,2025-09-17 21:28:00
1959,1264,visit,,2025-08-25 04:40:00
1960,1264,product_view,1016.0,2025-08-25 04:42:00
1961,1347,visit,,2025-07-22 16:47:00
1962,1347,product_view,1031.0,2025-07-22 16:49:00
1963,1347,add_to_cart,1031.0,2025-07-22 16:52:00
1964,1347,checkout,1031.0,2025-07-22 16:53:00
1965,1010,visit,,2025-09-24 08:25:00
1966,1010,product_view,1048.0,2025-09-24 08:26:00
1967,1010,add_to_cart,1048.0,2025-09-24 08:30:00
1968,1010,checkout,1048.0,2025-09-24 08:32:00
1969,1010,purchase,1048.0,2025-09-24 08:35:00
1970,23,visit,,2025-08-08 01:41:00
1971,23,product_view,1075.0,2025-08-08 01:46:00
1972,23,add_to_cart,1075.0,2025-08-08 01:49:00
1973,959,visit,,2025-08-28 08:00:00
1974,733,visit,,2025-09-03 06:22:00
1975,1076,visit,,2025-09-04 02:11:00
1976,1076,product_view,1050.0,2025-09-04 02:14:00
1977,1154,visit,,2025-08-28 22:54:00
1978,1154,product_view,1044.0,2025-08-28 22:57:00
1979,1349,visit,,2025-08-20 02:58:00
1980,1349,product_view,1039.0,2025-08-20 03:02:00
1981,1349,add_to_cart,1039.0,2025-08-20 03:06:00
1982,1349,checkout,1039.0,2025-08-20 03:07:00
1983,1349,purchase,1039.0,2025-08-20 03:10:00
1984,1077,visit,,2025-07-17 22:20:00
1985,1077,product_view,1034.0,2025-07-17 22:25:00
1986,1077,add_to_cart,1034.0,2025-07-17 22:29:00
1987,1077,checkout,1034.0,2025-07-17 22:30:00
1988,326,visit,,2025-07-13 21:06:00
1989,326,product_view,1030.0,2025-07-13 21:10:00
1990,326,add_to_cart,1030.0,2025-07-13 21:12:00
1991,485,visit,,2025-07-23 23:57:00
1992,485,product_view,1014.0,2025-07-24 00:01:00
1993,127,visit,,2025-08-02 03:02:00
1994,127,product_view,1079.0,2025-08-02 03:03:00
1995,127,add_to_cart,1079.0,2025-08-02 03:06:00
1996,127,checkout,1079.0,2025-08-02 03:07:00
1997,658,visit,,2025-09-28 14:24:00
1998,658,product_view,1014.0,2025-09-28 14:29:00
1999,401,visit,,2025-09-01 14:43:00
2000,401,product_view,1033.0,2025-09-01 14:45:00
2001,889,visit,,2025-09-06 06:05:00
2002,889,product_view,1105.0,2025-09-06 06:06:00
2003,889,add_to_cart,1105.0,2025-09-06 06:08:00
2004,737,visit,,2025-08-22 18:34:00
2005,698,visit,,2025-09-26 23:58:00
2006,698,product_view,1024.0,2025-09-27 00:03:00
2007,698,add_to_cart,1024.0,2025-09-27 00:05:00
2008,698,checkout,1024.0,2025-09-27 00:07:00
2009,698,purchase,1024.0,2025-09-27 00:09:00
2010,1145,visit,,2025-07-18 02:28:00
2011,1145,product_view,1110.0,2025-07-18 02:32:00
2012,1166,visit,,2025-07-17 16:19:00
2013,1166,product_view,1011.0,2025-07-17 16:23:00
2014,1166,add_to_cart,1011.0,2025-07-17 16:26:00
2015,1166,checkout,1011.0,2025-07-17 16:28:00
2016,515,visit,,2025-09-29 11:04:00
2017,324,visit,,2025-07-10 17:36:00
2018,324,product_view,1037.0,2025-07-10 17:41:00
2019,1025,visit,,2025-08-21 19:03:00
2020,1025,product_view,1040.0,2025-08-21 19:04:00
2021,539,visit,,2025-07-04 01:21:00
2022,539,product_view,1084.0,2025-07-04 01:23:00
2023,539,add_to_cart,1084.0,2025-07-04 01:24:00
2024,539,checkout,1084.0,2025-07-04 01:27:00
2025,676,visit,,2025-09-23 01:15:00
2026,676,product_view,1119.0,2025-09-23 01:20:00
2027,1440,visit,,2025-07-05 11:04:00
2028,1226,visit,,2025-09-17 02:56:00
2029,1226,product_view,1095.0,2025-09-17 02:58:00
2030,1226,add_to_cart,1095.0,2025-09-17 02:59:00
2031,1226,checkout,1095.0,2025-09-17 03:01:00
2032,1226,purchase,1095.0,2025-09-17 03:04:00
2033,884,visit,,2025-08-08 07:01:00
2034,54,visit,,2025-07-26 17:38:00
2035,1397,visit,,2025-07-03 17:30:00
2036,1397,product_view,1088.0,2025-07-03 17:34:00
2037,881,visit,,2025-08-24 17:08:00
2038,881,product_view,1090.0,2025-08-24 17:09:00
2039,754,visit,,2025-07-25 10:27:00
2040,488,visit,,2025-07-12 18:00:00
2041,488,product_view,1030.0,2025-07-12 18:05:00
2042,31,visit,,2025-08-01 01:04:00
2043,31,product_view,1112.0,2025-08-01 01:08:00
2044,31,add_to_cart,1112.0,2025-08-01 01:09:00
2045,31,checkout,1112.0,2025-08-01 01:12:00
2046,31,purchase,1112.0,2025-08-01 01:13:00
2047,266,visit,,2025-08-20 15:42:00
2048,266,product_view,1078.0,2025-08-20 15:43:00
2049,266,add_to_cart,1078.0,2025-08-20 15:45:00
2050,266,checkout,1078.0,2025-08-20 15:48:00
2051,452,visit,,2025-08-08 11:49:00
2052,452,product_view,1057.0,2025-08-08 11:51:00
2053,452,add_to_cart,1057.0,2025-08-08 11:54:00
2054,452,checkout,1057.0,2025-08-08 11:57:00
2055,452,purchase,1057.0,2025-08-08 11:58:00
2056,842,visit,,2025-09-18 15:17:00
2057,842,product_view,1091.0,2025-09-18 15:19:00
2058,1067,visit,,2025-08-09 23:35:00
2059,1067,product_view,1030.0,2025-08-09 23:38:00
2060,291,visit,,2025-07-31 22:28:00
2061,291,product_view,1005.0,2025-07-31 22:32:00
2062,44,visit,,2025-07-05 08:17:00
2063,44,product_view,1064.0,2025-07-05 08:20:00
2064,174,visit,,2025-08-05 19:24:00
2065,174,product_view,1008.0,2025-08-05 19:28:00
2066,174,add_to_cart,1008.0,2025-08-05 19:29:00
2067,174,checkout,1008.0,2025-08-05 19:31:00
2068,174,purchase,1008.0,2025-08-05 19:33:00
2069,108,visit,,2025-08-09 01:34:00
2070,108,product_view,1085.0,2025-08-09 01:35:00
2071,689,visit,,2025-08-03 18:13:00
2072,689,product_view,1119.0,2025-08-03 18:16:00
2073,1273,visit,,2025-08-24 23:59:00
2074,1273,product_view,1056.0,2025-08-25 00:00:00
2075,1134,visit,,2025-09-25 09:54:00
2076,1096,visit,,2025-08-24 18:46:00
2077,1096,product_view,1060.0,2025-08-24 18:51:00
2078,1096,add_to_cart,1060.0,2025-08-24 18:55:00
2079,1096,checkout,1060.0,2025-08-24 18:56:00
2080,1096,purchase,1060.0,2025-08-24 18:57:00
2081,1398,visit,,2025-07-11 07:49:00
2082,1398,product_view,1036.0,2025-07-11 07:52:00
2083,80,visit,,2025-08-05 11:17:00
2084,80,product_view,1079.0,2025-08-05 11:22:00
2085,80,add_to_cart,1079.0,2025-08-05 11:25:00
2086,80,checkout,1079.0,2025-08-05 11:27:00
2087,367,visit,,2025-08-29 00:28:00
2088,367,product_view,1057.0,2025-08-29 00:29:00
2089,984,visit,,2025-09-10 06:26:00
2090,984,product_view,1082.0,2025-09-10 06:27:00
2091,984,add_to_cart,1082.0,2025-09-10 06:30:00
2092,903,visit,,2025-08-03 08:16:00
2093,261,visit,,2025-09-19 05:09:00
2094,1344,visit,,2025-07-30 03:41:00
2095,1344,product_view,1007.0,2025-07-30 03:46:00
2096,1188,visit,,2025-07-06 17:45:00
2097,1188,product_view,1041.0,2025-07-06 17:48:00
2098,34,visit,,2025-08-15 17:45:00
2099,34,product_view,1087.0,2025-08-15 17:47:00
2100,34,add_to_cart,1087.0,2025-08-15 17:48:00
2101,34,checkout,1087.0,2025-08-15 17:49:00
2102,34,purchase,1087.0,2025-08-15 17:50:00
2103,668,visit,,2025-08-17 21:26:00
2104,668,product_view,1074.0,2025-08-17 21:30:00
2105,294,visit,,2025-08-11 19:50:00
2106,294,product_view,1004.0,2025-08-11 19:54:00
2107,768,visit,,2025-08-07 19:01:00
2108,768,product_view,1061.0,2025-08-07 19:02:00
2109,768,add_to_cart,1061.0,2025-08-07 19:04:00
2110,53,visit,,2025-09-16 06:51:00
2111,53,product_view,1014.0,2025-09-16 06:56:00
2112,1460,visit,,2025-07-28 12:53:00
2113,1460,product_view,1045.0,2025-07-28 12:55:00
2114,1460,add_to_cart,1045.0,2025-07-28 12:56:00
2115,460,visit,,2025-09-03 18:40:00
2116,460,product_view,1073.0,2025-09-03 18:44:00
2117,460,add_to_cart,1073.0,2025-09-03 18:45:00
2118,1081,visit,,2025-07-07 19:30:00
2119,1081,product_view,1103.0,2025-07-07 19:35:00
2120,1081,add_to_cart,1103.0,2025-07-07 19:38:00
2121,1081,checkout,1103.0,2025-07-07 19:41:00
2122,1081,purchase,1103.0,2025-07-07 19:42:00
2123,498,visit,,2025-08-16 07:29:00
2124,498,product_view,1103.0,2025-08-16 07:30:00
2125,912,visit,,2025-08-22 11:05:00
2126,912,product_view,1094.0,2025-08-22 11:10:00
2127,912,add_to_cart,1094.0,2025-08-22 11:13:00
2128,1240,visit,,2025-08-27 13:14:00
2129,1240,product_view,1030.0,2025-08-27 13:16:00
2130,502,visit,,2025-08-22 21:37:00
2131,502,product_view,1100.0,2025-08-22 21:42:00
2132,502,add_to_cart,1100.0,2025-08-22 21:45:00
2133,502,checkout,1100.0,2025-08-22 21:46:00
2134,502,purchase,1100.0,2025-08-22 21:48:00
2135,304,visit,,2025-09-02 20:56:00
2136,304,product_view,1074.0,2025-09-02 20:58:00
2137,32,visit,,2025-07-16 13:16:00
2138,32,product_view,1022.0,2025-07-16 13:20:00
2139,259,visit,,2025-07-05 13:01:00
2140,259,product_view,1112.0,2025-07-05 13:02:00
2141,259,add_to_cart,1112.0,2025-07-05 13:06:00
2142,726,visit,,2025-08-21 22:35:00
2143,726,product_view,1017.0,2025-08-21 22:38:00
2144,726,add_to_cart,1017.0,2025-08-21 22:41:00
2145,726,checkout,1017.0,2025-08-21 22:44:00
2146,726,purchase,1017.0,2025-08-21 22:47:00
2147,152,visit,,2025-08-15 14:58:00
2148,152,product_view,1095.0,2025-08-15 15:02:00
2149,893,visit,,2025-08-31 22:08:00
2150,893,product_view,1038.0,2025-08-31 22:13:00
2151,1044,visit,,2025-07-20 00:37:00
2152,1044,product_view,1011.0,2025-07-20 00:41:00
2153,1044,add_to_cart,1011.0,2025-07-20 00:45:00
2154,1044,checkout,1011.0,2025-07-20 00:48:00
2155,1044,purchase,1011.0,2025-07-20 00:49:00
2156,609,visit,,2025-08-13 01:36:00
2157,609,product_view,1064.0,2025-08-13 01:41:00
2158,874,visit,,2025-08-11 12:20:00
2159,874,product_view,1037.0,2025-08-11 12:22:00
2160,874,add_to_cart,1037.0,2025-08-11 12:24:00
2161,874,checkout,1037.0,2025-08-11 12:26:00
2162,874,purchase,1037.0,2025-08-11 12:29:00
2163,204,visit,,2025-08-06 05:07:00
2164,204,product_view,1045.0,2025-08-06 05:11:00
2165,204,add_to_cart,1045.0,2025-08-06 05:13:00
2166,204,checkout,1045.0,2025-08-06 05:15:00
2167,218,visit,,2025-07-30 21:17:00
2168,218,product_view,1119.0,2025-07-30 21:19:00
2169,1042,visit,,2025-07-22 00:38:00
2170,1106,visit,,2025-07-25 00:31:00
2171,1106,product_view,1069.0,2025-07-25 00:32:00
2172,1106,add_to_cart,1069.0,2025-07-25 00:35:00
2173,1170,visit,,2025-08-26 16:08:00
2174,1170,product_view,1055.0,2025-08-26 16:11:00
2175,1467,visit,,2025-07-16 14:56:00
2176,1467,product_view,1091.0,2025-07-16 14:59:00
2177,1467,add_to_cart,1091.0,2025-07-16 15:01:00
2178,1499,visit,,2025-07-15 11:51:00
2179,1499,product_view,1086.0,2025-07-15 11:53:00
2180,670,visit,,2025-09-03 10:17:00
2181,670,product_view,1021.0,2025-09-03 10:22:00
2182,152,visit,,2025-09-27 10:57:00
2183,888,visit,,2025-09-29 16:20:00
2184,888,product_view,1013.0,2025-09-29 16:25:00
2185,1283,visit,,2025-09-20 20:00:00
2186,1283,product_view,1005.0,2025-09-20 20:05:00
2187,1283,add_to_cart,1005.0,2025-09-20 20:07:00
2188,544,visit,,2025-07-20 15:52:00
2189,544,product_view,1061.0,2025-07-20 15:56:00
2190,544,add_to_cart,1061.0,2025-07-20 15:58:00
2191,544,checkout,1061.0,2025-07-20 15:59:00
2192,1482,visit,,2025-07-28 00:27:00
2193,1482,product_view,1096.0,2025-07-28 00:32:00
2194,1455,visit,,2025-07-05 13:44:00
2195,1455,product_view,1023.0,2025-07-05 13:48:00
2196,481,visit,,2025-08-14 15:33:00
2197,481,product_view,1082.0,2025-08-14 15:35:00
2198,475,visit,,2025-08-07 21:31:00
2199,475,product_view,1113.0,2025-08-07 21:35:00
2200,1113,visit,,2025-08-07 03:14:00
2201,1113,product_view,1062.0,2025-08-07 03:17:00
2202,1113,add_to_cart,1062.0,2025-08-07 03:21:00
2203,1113,checkout,1062.0,2025-08-07 03:24:00
2204,1113,purchase,1062.0,2025-08-07 03:25:00
2205,654,visit,,2025-07-15 11:44:00
2206,654,product_view,1085.0,2025-07-15 11:46:00
2207,991,visit,,2025-09-01 19:26:00
2208,991,product_view,1108.0,2025-09-01 19:27:00
2209,991,add_to_cart,1108.0,2025-09-01 19:29:00
2210,838,visit,,2025-09-10 10:16:00
2211,838,product_view,1008.0,2025-09-10 10:20:00
2212,838,add_to_cart,1008.0,2025-09-10 10:24:00
2213,838,checkout,1008.0,2025-09-10 10:26:00
2214,550,visit,,2025-07-29 10:40:00
2215,550,product_view,1063.0,2025-07-29 10:43:00
2216,550,add_to_cart,1063.0,2025-07-29 10:45:00
2217,550,checkout,1063.0,2025-07-29 10:46:00
2218,550,purchase,1063.0,2025-07-29 10:49:00
2219,1257,visit,,2025-08-12 04:38:00
2220,1257,product_view,1079.0,2025-08-12 04:39:00
2221,185,visit,,2025-09-29 10:58:00
2222,185,product_view,1100.0,2025-09-29 11:03:00
2223,185,add_to_cart,1100.0,2025-09-29 11:04:00
2224,185,checkout,1100.0,2025-09-29 11:06:00
2225,185,purchase,1100.0,2025-09-29 11:07:00
2226,811,visit,,2025-07-30 09:51:00
2227,811,product_view,1111.0,2025-07-30 09:54:00
2228,811,add_to_cart,1111.0,2025-07-30 09:56:00
2229,811,checkout,1111.0,2025-07-30 09:57:00
2230,74,visit,,2025-07-03 16:06:00
2231,74,product_view,1109.0,2025-07-03 16:10:00
2232,74,add_to_cart,1109.0,2025-07-03 16:13:00
2233,74,checkout,1109.0,2025-07-03 16:14:00
2234,74,purchase,1109.0,2025-07-03 16:17:00
2235,70,visit,,2025-07-16 12:41:00
2236,70,product_view,1035.0,2025-07-16 12:44:00
2237,157,visit,,2025-09-03 23:45:00
2238,157,product_view,1010.0,2025-09-03 23:49:00
2239,157,add_to_cart,1010.0,2025-09-03 23:51:00
2240,157,checkout,1010.0,2025-09-03 23:54:00
2241,398,visit,,2025-09-16 09:50:00
2242,398,product_view,1107.0,2025-09-16 09:55:00
2243,619,visit,,2025-08-28 06:06:00
2244,619,product_view,1036.0,2025-08-28 06:11:00
2245,619,add_to_cart,1036.0,2025-08-28 06:14:00
2246,619,checkout,1036.0,2025-08-28 06:15:00
2247,1149,visit,,2025-08-31 09:58:00
2248,1149,product_view,1036.0,2025-08-31 10:03:00
2249,1149,add_to_cart,1036.0,2025-08-31 10:04:00
2250,1491,visit,,2025-08-17 17:45:00
2251,1491,product_view,1051.0,2025-08-17 17:47:00
2252,51,visit,,2025-07-30 14:23:00
2253,51,product_view,1051.0,2025-07-30 14:24:00
2254,681,visit,,2025-09-19 02:06:00
2255,681,product_view,1019.0,2025-09-19 02:08:00
2256,1004,visit,,2025-08-01 02:09:00
2257,1004,product_view,1076.0,2025-08-01 02:13:00
2258,1004,add_to_cart,1076.0,2025-08-01 02:15:00
2259,1004,checkout,1076.0,2025-08-01 02:17:00
2260,1004,purchase,1076.0,2025-08-01 02:19:00
2261,692,visit,,2025-07-20 01:20:00
2262,692,product_view,1107.0,2025-07-20 01:25:00
2263,692,add_to_cart,1107.0,2025-07-20 01:26:00
2264,692,checkout,1107.0,2025-07-20 01:27:00
2265,1001,visit,,2025-09-02 10:41:00
2266,1001,product_view,1070.0,2025-09-02 10:45:00
2267,1054,visit,,2025-07-11 03:27:00
2268,1054,product_view,1072.0,2025-07-11 03:31:00
2269,1054,add_to_cart,1072.0,2025-07-11 03:32:00
2270,1054,checkout,1072.0,2025-07-11 03:35:00
2271,1054,purchase,1072.0,2025-07-11 03:36:00
2272,233,visit,,2025-08-24 15:10:00
2273,233,product_view,1005.0,2025-08-24 15:15:00
2274,233,add_to_cart,1005.0,2025-08-24 15:19:00
2275,233,checkout,1005.0,2025-08-24 15:21:00
2276,233,purchase,1005.0,2025-08-24 15:23:00
2277,1386,visit,,2025-09-05 10:39:00
2278,1155,visit,,2025-07-22 04:18:00
2279,1155,product_view,1084.0,2025-07-22 04:20:00
2280,1464,visit,,2025-09-05 19:16:00
2281,1464,product_view,1048.0,2025-09-05 19:18:00
2282,1475,visit,,2025-07-18 05:33:00
2283,1475,product_view,1110.0,2025-07-18 05:37:00
2284,1475,add_to_cart,1110.0,2025-07-18 05:41:00
2285,1475,checkout,1110.0,2025-07-18 05:43:00
2286,1475,purchase,1110.0,2025-07-18 05:44:00
2287,1437,visit,,2025-07-26 22:06:00
2288,1437,product_view,1025.0,2025-07-26 22:09:00
2289,1437,add_to_cart,1025.0,2025-07-26 22:13:00
2290,1437,checkout,1025.0,2025-07-26 22:14:00
2291,1437,purchase,1025.0,2025-07-26 22:17:00
2292,707,visit,,2025-07-02 06:17:00
2293,707,product_view,1081.0,2025-07-02 06:21:00
2294,627,visit,,2025-09-18 12:59:00
2295,627,product_view,1048.0,2025-09-18 13:04:00
2296,415,visit,,2025-09-14 04:06:00
2297,415,product_view,1010.0,2025-09-14 04:09:00
2298,415,add_to_cart,1010.0,2025-09-14 04:10:00
2299,415,checkout,1010.0,2025-09-14 04:13:00
2300,415,purchase,1010.0,2025-09-14 04:15:00
2301,1179,visit,,2025-09-14 19:17:00
2302,1262,visit,,2025-08-30 06:10:00
2303,1262,product_view,1086.0,2025-08-30 06:12:00
2304,188,visit,,2025-09-17 04:09:00
2305,188,product_view,1119.0,2025-09-17 04:10:00
2306,188,add_to_cart,1119.0,2025-09-17 04:11:00
2307,188,checkout,1119.0,2025-09-17 04:13:00
2308,188,purchase,1119.0,2025-09-17 04:15:00
2309,620,visit,,2025-07-16 07:35:00
2310,620,product_view,1065.0,2025-07-16 07:39:00
2311,728,visit,,2025-09-05 10:33:00
2312,728,product_view,1040.0,2025-09-05 10:38:00
2313,341,visit,,2025-08-05 22:09:00
2314,341,product_view,1082.0,2025-08-05 22:14:00
2315,341,add_to_cart,1082.0,2025-08-05 22:17:00
2316,1143,visit,,2025-08-25 20:22:00
2317,1143,product_view,1116.0,2025-08-25 20:25:00
2318,1373,visit,,2025-08-24 06:39:00
2319,1373,product_view,1045.0,2025-08-24 06:41:00
2320,1373,add_to_cart,1045.0,2025-08-24 06:43:00
2321,22,visit,,2025-08-26 11:33:00
2322,22,product_view,1026.0,2025-08-26 11:38:00
2323,22,add_to_cart,1026.0,2025-08-26 11:39:00
2324,520,visit,,2025-07-02 19:17:00
2325,520,product_view,1065.0,2025-07-02 19:20:00
2326,816,visit,,2025-09-28 22:16:00
2327,816,product_view,1006.0,2025-09-28 22:17:00
2328,63,visit,,2025-08-30 19:40:00
2329,63,product_view,1111.0,2025-08-30 19:42:00
2330,63,add_to_cart,1111.0,2025-08-30 19:43:00
2331,63,checkout,1111.0,2025-08-30 19:44:00
2332,63,purchase,1111.0,2025-08-30 19:47:00
2333,1446,visit,,2025-07-23 04:05:00
2334,1446,product_view,1095.0,2025-07-23 04:06:00
2335,1446,add_to_cart,1095.0,2025-07-23 04:07:00
2336,1446,checkout,1095.0,2025-07-23 04:10:00
2337,1446,purchase,1095.0,2025-07-23 04:11:00
2338,1258,visit,,2025-07-03 10:53:00
2339,1258,product_view,1095.0,2025-07-03 10:56:00
2340,347,visit,,2025-09-14 23:23:00
2341,347,product_view,1116.0,2025-09-14 23:27:00
2342,347,add_to_cart,1116.0,2025-09-14 23:28:00
2343,347,checkout,1116.0,2025-09-14 23:31:00
2344,347,purchase,1116.0,2025-09-14 23:33:00
2345,354,visit,,2025-07-06 08:38:00
2346,354,product_view,1057.0,2025-07-06 08:43:00
2347,354,add_to_cart,1057.0,2025-07-06 08:44:00
2348,354,checkout,1057.0,2025-07-06 08:47:00
2349,354,purchase,1057.0,2025-07-06 08:49:00
2350,1164,visit,,2025-09-28 02:36:00
2351,181,visit,,2025-07-12 05:46:00
2352,181,product_view,1015.0,2025-07-12 05:49:00
2353,42,visit,,2025-07-22 00:13:00
2354,42,product_view,1099.0,2025-07-22 00:17:00
2355,42,add_to_cart,1099.0,2025-07-22 00:19:00
2356,42,checkout,1099.0,2025-07-22 00:22:00
2357,42,purchase,1099.0,2025-07-22 00:23:00
2358,272,visit,,2025-07-07 12:45:00
2359,272,product_view,1040.0,2025-07-07 12:48:00
2360,272,add_to_cart,1040.0,2025-07-07 12:51:00
2361,272,checkout,1040.0,2025-07-07 12:52:00
2362,272,purchase,1040.0,2025-07-07 12:53:00
2363,605,visit,,2025-09-28 14:16:00
2364,605,product_view,1034.0,2025-09-28 14:19:00
2365,715,visit,,2025-09-21 16:28:00
2366,715,product_view,1099.0,2025-09-21 16:30:00
2367,715,add_to_cart,1099.0,2025-09-21 16:34:00
2368,715,checkout,1099.0,2025-09-21 16:37:00
2369,715,purchase,1099.0,2025-09-21 16:40:00
2370,711,visit,,2025-09-26 09:13:00
2371,711,product_view,1083.0,2025-09-26 09:18:00
2372,551,visit,,2025-09-04 06:16:00
2373,551,product_view,1012.0,2025-09-04 06:19:00
2374,551,add_to_cart,1012.0,2025-09-04 06:20:00
2375,551,checkout,1012.0,2025-09-04 06:23:00
2376,551,purchase,1012.0,2025-09-04 06:24:00
2377,1202,visit,,2025-08-17 18:24:00
2378,1202,product_view,1042.0,2025-08-17 18:25:00
2379,1202,add_to_cart,1042.0,2025-08-17 18:26:00
2380,1202,checkout,1042.0,2025-08-17 18:27:00
2381,1202,purchase,1042.0,2025-08-17 18:29:00
2382,690,visit,,2025-07-13 05:58:00
2383,690,product_view,1083.0,2025-07-13 06:00:00
2384,690,add_to_cart,1083.0,2025-07-13 06:02:00
2385,900,visit,,2025-09-17 14:37:00
2386,900,product_view,1104.0,2025-09-17 14:41:00
2387,970,visit,,2025-08-01 08:46:00
2388,970,product_view,1107.0,2025-08-01 08:49:00
2389,970,add_to_cart,1107.0,2025-08-01 08:53:00
2390,970,checkout,1107.0,2025-08-01 08:54:00
2391,1039,visit,,2025-08-23 13:49:00
2392,1039,product_view,1014.0,2025-08-23 13:54:00
2393,1039,add_to_cart,1014.0,2025-08-23 13:55:00
2394,1039,checkout,1014.0,2025-08-23 13:56:00
2395,1223,visit,,2025-09-06 06:36:00
2396,1223,product_view,1090.0,2025-09-06 06:38:00
2397,111,visit,,2025-08-09 04:51:00
2398,111,product_view,1012.0,2025-08-09 04:55:00
2399,111,add_to_cart,1012.0,2025-08-09 04:56:00
2400,411,visit,,2025-07-23 09:19:00
2401,411,product_view,1114.0,2025-07-23 09:21:00
2402,895,visit,,2025-08-01 04:43:00
2403,895,product_view,1012.0,2025-08-01 04:46:00
2404,895,add_to_cart,1012.0,2025-08-01 04:48:00
2405,895,checkout,1012.0,2025-08-01 04:50:00
2406,895,purchase,1012.0,2025-08-01 04:52:00
2407,436,visit,,2025-08-30 21:24:00
2408,436,product_view,1117.0,2025-08-30 21:26:00
2409,197,visit,,2025-07-17 10:48:00
2410,819,visit,,2025-08-11 09:52:00
2411,819,product_view,1099.0,2025-08-11 09:56:00
2412,1094,visit,,2025-08-14 15:42:00
2413,1094,product_view,1010.0,2025-08-14 15:47:00
2414,1094,add_to_cart,1010.0,2025-08-14 15:49:00
2415,756,visit,,2025-08-13 16:52:00
2416,756,product_view,1047.0,2025-08-13 16:57:00
2417,159,visit,,2025-07-30 04:31:00
2418,159,product_view,1083.0,2025-07-30 04:33:00
2419,159,add_to_cart,1083.0,2025-07-30 04:34:00
2420,159,checkout,1083.0,2025-07-30 04:37:00
2421,159,purchase,1083.0,2025-07-30 04:38:00
2422,638,visit,,2025-09-25 15:02:00
2423,638,product_view,1050.0,2025-09-25 15:06:00
2424,638,add_to_cart,1050.0,2025-09-25 15:10:00
2425,218,visit,,2025-07-11 11:43:00
2426,218,product_view,1060.0,2025-07-11 11:47:00
2427,26,visit,,2025-08-10 04:36:00
2428,26,product_view,1021.0,2025-08-10 04:40:00
2429,26,add_to_cart,1021.0,2025-08-10 04:44:00
2430,26,checkout,1021.0,2025-08-10 04:45:00
2431,26,purchase,1021.0,2025-08-10 04:47:00
2432,1299,visit,,2025-09-16 14:32:00
2433,1299,product_view,1015.0,2025-09-16 14:36:00
2434,1096,visit,,2025-07-15 05:27:00
2435,1096,product_view,1047.0,2025-07-15 05:31:00
2436,164,visit,,2025-07-01 10:59:00
2437,164,product_view,1020.0,2025-07-01 11:02:00
2438,164,add_to_cart,1020.0,2025-07-01 11:06:00
2439,164,checkout,1020.0,2025-07-01 11:08:00
2440,164,purchase,1020.0,2025-07-01 11:09:00
2441,943,visit,,2025-07-07 19:43:00
2442,943,product_view,1047.0,2025-07-07 19:47:00
2443,943,add_to_cart,1047.0,2025-07-07 19:50:00
2444,49,visit,,2025-08-04 05:18:00
2445,49,product_view,1070.0,2025-08-04 05:19:00
2446,49,add_to_cart,1070.0,2025-08-04 05:22:00
2447,49,checkout,1070.0,2025-08-04 05:25:00
2448,49,purchase,1070.0,2025-08-04 05:28:00
2449,1089,visit,,2025-08-20 07:11:00
2450,1089,product_view,1095.0,2025-08-20 07:12:00
2451,1089,add_to_cart,1095.0,2025-08-20 07:14:00
2452,1089,checkout,1095.0,2025-08-20 07:16:00
2453,708,visit,,2025-09-27 19:15:00
2454,1073,visit,,2025-08-28 01:04:00
2455,1073,product_view,1073.0,2025-08-28 01:05:00
2456,1073,add_to_cart,1073.0,2025-08-28 01:06:00
2457,1073,checkout,1073.0,2025-08-28 01:09:00
2458,1073,purchase,1073.0,2025-08-28 01:12:00
2459,619,visit,,2025-08-21 00:11:00
2460,527,visit,,2025-09-22 23:56:00
2461,527,product_view,1093.0,2025-09-23 00:00:00
2462,393,visit,,2025-08-03 09:39:00
2463,393,product_view,1074.0,2025-08-03 09:41:00
2464,101,visit,,2025-09-12 15:13:00
2465,101,product_view,1048.0,2025-09-12 15:17:00
2466,101,add_to_cart,1048.0,2025-09-12 15:19:00
2467,101,checkout,1048.0,2025-09-12 15:22:00
2468,101,purchase,1048.0,2025-09-12 15:24:00
2469,1389,visit,,2025-08-04 00:26:00
2470,1389,product_view,1037.0,2025-08-04 00:30:00
2471,563,visit,,2025-08-29 19:50:00
2472,652,visit,,2025-07-29 07:01:00
2473,652,product_view,1013.0,2025-07-29 07:03:00
2474,652,add_to_cart,1013.0,2025-07-29 07:06:00
2475,1248,visit,,2025-08-28 18:26:00
2476,1248,product_view,1106.0,2025-08-28 18:29:00
2477,1248,add_to_cart,1106.0,2025-08-28 18:33:00
2478,26,visit,,2025-08-13 10:22:00
2479,26,product_view,1044.0,2025-08-13 10:24:00
2480,26,add_to_cart,1044.0,2025-08-13 10:28:00
2481,26,checkout,1044.0,2025-08-13 10:31:00
2482,26,purchase,1044.0,2025-08-13 10:33:00
2483,826,visit,,2025-09-23 18:05:00
2484,826,product_view,1005.0,2025-09-23 18:10:00
2485,171,visit,,2025-09-06 11:19:00
2486,171,product_view,1027.0,2025-09-06 11:22:00
2487,171,add_to_cart,1027.0,2025-09-06 11:26:00
2488,171,checkout,1027.0,2025-09-06 11:29:00
2489,171,purchase,1027.0,2025-09-06 11:32:00
2490,1157,visit,,2025-08-23 00:48:00
2491,1140,visit,,2025-09-01 07:24:00
2492,270,visit,,2025-09-16 03:06:00
2493,270,product_view,1049.0,2025-09-16 03:08:00
2494,1169,visit,,2025-07-23 05:49:00
2495,1169,product_view,1038.0,2025-07-23 05:53:00
2496,721,visit,,2025-07-28 13:57:00
2497,721,product_view,1097.0,2025-07-28 14:00:00
2498,1291,visit,,2025-09-24 21:40:00
2499,1291,product_view,1014.0,2025-09-24 21:43:00
2500,1291,add_to_cart,1014.0,2025-09-24 21:47:00
2501,1291,checkout,1014.0,2025-09-24 21:49:00
2502,1291,purchase,1014.0,2025-09-24 21:51:00
2503,921,visit,,2025-07-23 12:18:00
2504,921,product_view,1021.0,2025-07-23 12:21:00
2505,1344,visit,,2025-09-26 03:24:00
2506,1344,product_view,1023.0,2025-09-26 03:28:00
2507,841,visit,,2025-09-20 00:39:00
2508,841,product_view,1025.0,2025-09-20 00:44:00
2509,165,visit,,2025-09-12 23:26:00
2510,666,visit,,2025-08-01 05:36:00
2511,666,product_view,1079.0,2025-08-01 05:37:00
2512,47,visit,,2025-09-15 20:24:00
2513,47,product_view,1096.0,2025-09-15 20:26:00
2514,331,visit,,2025-08-17 23:55:00
2515,331,product_view,1059.0,2025-08-17 23:59:00
2516,410,visit,,2025-07-17 09:04:00
2517,424,visit,,2025-08-29 14:15:00
2518,424,product_view,1074.0,2025-08-29 14:19:00
2519,363,visit,,2025-09-03 20:07:00
2520,363,product_view,1060.0,2025-09-03 20:10:00
2521,327,visit,,2025-08-29 23:04:00
2522,327,product_view,1032.0,2025-08-29 23:05:00
2523,833,visit,,2025-09-05 15:55:00
2524,833,product_view,1111.0,2025-09-05 15:59:00
2525,1467,visit,,2025-07-16 22:49:00
2526,1467,product_view,1069.0,2025-07-16 22:54:00
2527,899,visit,,2025-07-08 09:51:00
2528,899,product_view,1062.0,2025-07-08 09:52:00
2529,899,add_to_cart,1062.0,2025-07-08 09:56:00
2530,899,checkout,1062.0,2025-07-08 09:57:00
2531,899,purchase,1062.0,2025-07-08 09:59:00
2532,229,visit,,2025-07-22 11:26:00
2533,229,product_view,1093.0,2025-07-22 11:28:00
2534,989,visit,,2025-08-03 03:21:00
2535,989,product_view,1027.0,2025-08-03 03:22:00
2536,989,add_to_cart,1027.0,2025-08-03 03:26:00
2537,533,visit,,2025-08-07 22:28:00
2538,533,product_view,1044.0,2025-08-07 22:32:00
2539,1164,visit,,2025-09-15 01:48:00
2540,1164,product_view,1036.0,2025-09-15 01:53:00
2541,1164,add_to_cart,1036.0,2025-09-15 01:55:00
2542,1155,visit,,2025-08-07 09:45:00
2543,1155,product_view,1047.0,2025-08-07 09:48:00
2544,1155,add_to_cart,1047.0,2025-08-07 09:52:00
2545,317,visit,,2025-09-27 04:09:00
2546,317,product_view,1096.0,2025-09-27 04:13:00
2547,317,add_to_cart,1096.0,2025-09-27 04:15:00
2548,317,checkout,1096.0,2025-09-27 04:16:00
2549,317,purchase,1096.0,2025-09-27 04:17:00
2550,25,visit,,2025-08-16 23:32:00
2551,25,product_view,1034.0,2025-08-16 23:37:00
2552,25,add_to_cart,1034.0,2025-08-16 23:39:00
2553,1319,visit,,2025-09-14 16:20:00
2554,1319,product_view,1020.0,2025-09-14 16:24:00
2555,994,visit,,2025-07-22 16:30:00
2556,994,product_view,1083.0,2025-07-22 16:34:00
2557,994,add_to_cart,1083.0,2025-07-22 16:35:00
2558,994,checkout,1083.0,2025-07-22 16:37:00
2559,994,purchase,1083.0,2025-07-22 16:38:00
2560,1247,visit,,2025-07-16 20:12:00
2561,1247,product_view,1100.0,2025-07-16 20:16:00
2562,1308,visit,,2025-07-02 23:54:00
2563,1308,product_view,1117.0,2025-07-02 23:59:00
2564,415,visit,,2025-09-24 01:25:00
2565,415,product_view,1047.0,2025-09-24 01:28:00
2566,415,add_to_cart,1047.0,2025-09-24 01:31:00
2567,415,checkout,1047.0,2025-09-24 01:34:00
2568,1102,visit,,2025-07-11 01:28:00
2569,1102,product_view,1112.0,2025-07-11 01:30:00
2570,1102,add_to_cart,1112.0,2025-07-11 01:32:00
2571,1333,visit,,2025-08-01 07:44:00
2572,1333,product_view,1110.0,2025-08-01 07:46:00
2573,1333,add_to_cart,1110.0,2025-08-01 07:49:00
2574,1333,checkout,1110.0,2025-08-01 07:50:00
2575,131,visit,,2025-07-17 16:19:00
2576,131,product_view,1116.0,2025-07-17 16:21:00
2577,131,add_to_cart,1116.0,2025-07-17 16:25:00
2578,131,checkout,1116.0,2025-07-17 16:28:00
2579,105,visit,,2025-09-20 02:12:00
2580,105,product_view,1041.0,2025-09-20 02:16:00
2581,105,add_to_cart,1041.0,2025-09-20 02:18:00
2582,105,checkout,1041.0,2025-09-20 02:21:00
2583,105,purchase,1041.0,2025-09-20 02:23:00
2584,1166,visit,,2025-09-13 13:55:00
2585,1475,visit,,2025-08-26 20:12:00
2586,1475,product_view,1114.0,2025-08-26 20:17:00
2587,2,visit,,2025-08-22 19:17:00
2588,2,product_view,1033.0,2025-08-22 19:19:00
2589,2,add_to_cart,1033.0,2025-08-22 19:23:00
2590,2,checkout,1033.0,2025-08-22 19:26:00
2591,2,purchase,1033.0,2025-08-22 19:29:00
2592,699,visit,,2025-09-25 17:32:00
2593,699,product_view,1036.0,2025-09-25 17:36:00
2594,699,add_to_cart,1036.0,2025-09-25 17:38:00
2595,699,checkout,1036.0,2025-09-25 17:40:00
2596,1044,visit,,2025-09-02 05:11:00
2597,1044,product_view,1061.0,2025-09-02 05:15:00
2598,194,visit,,2025-08-26 10:40:00
2599,194,product_view,1119.0,2025-08-26 10:42:00
2600,194,add_to_cart,1119.0,2025-08-26 10:43:00
2601,437,visit,,2025-09-03 09:20:00
2602,437,product_view,1040.0,2025-09-03 09:24:00
2603,437,add_to_cart,1040.0,2025-09-03 09:27:00
2604,431,visit,,2025-09-25 04:20:00
2605,431,product_view,1074.0,2025-09-25 04:24:00
2606,324,visit,,2025-09-23 05:20:00
2607,971,visit,,2025-09-15 13:49:00
2608,971,product_view,1084.0,2025-09-15 13:51:00
2609,967,visit,,2025-08-08 11:09:00
2610,967,product_view,1120.0,2025-08-08 11:12:00
2611,646,visit,,2025-08-09 13:36:00
2612,646,product_view,1058.0,2025-08-09 13:40:00
2613,646,add_to_cart,1058.0,2025-08-09 13:44:00
2614,646,checkout,1058.0,2025-08-09 13:46:00
2615,646,purchase,1058.0,2025-08-09 13:47:00
2616,562,visit,,2025-09-29 06:13:00
2617,562,product_view,1003.0,2025-09-29 06:16:00
2618,562,add_to_cart,1003.0,2025-09-29 06:19:00
2619,562,checkout,1003.0,2025-09-29 06:21:00
2620,668,visit,,2025-09-10 23:12:00
2621,668,product_view,1072.0,2025-09-10 23:17:00
2622,668,add_to_cart,1072.0,2025-09-10 23:20:00
2623,668,checkout,1072.0,2025-09-10 23:21:00
2624,668,purchase,1072.0,2025-09-10 23:24:00
2625,1478,visit,,2025-08-30 01:49:00
2626,1478,product_view,1076.0,2025-08-30 01:53:00
2627,1478,add_to_cart,1076.0,2025-08-30 01:57:00
2628,1478,checkout,1076.0,2025-08-30 01:58:00
2629,1478,purchase,1076.0,2025-08-30 02:00:00
2630,757,visit,,2025-08-06 03:30:00
2631,757,product_view,1057.0,2025-08-06 03:31:00
2632,757,add_to_cart,1057.0,2025-08-06 03:35:00
2633,309,visit,,2025-08-08 18:12:00
2634,309,product_view,1076.0,2025-08-08 18:16:00
2635,309,add_to_cart,1076.0,2025-08-08 18:19:00
2636,309,checkout,1076.0,2025-08-08 18:21:00
2637,309,purchase,1076.0,2025-08-08 18:22:00
2638,1433,visit,,2025-08-10 11:57:00
2639,1433,product_view,1092.0,2025-08-10 11:59:00
2640,1433,add_to_cart,1092.0,2025-08-10 12:03:00
2641,1433,checkout,1092.0,2025-08-10 12:05:00
2642,1433,purchase,1092.0,2025-08-10 12:08:00
2643,531,visit,,2025-09-16 23:59:00
2644,531,product_view,1033.0,2025-09-17 00:00:00
2645,876,visit,,2025-09-01 01:53:00
2646,876,product_view,1051.0,2025-09-01 01:58:00
2647,876,add_to_cart,1051.0,2025-09-01 02:02:00
2648,1033,visit,,2025-08-11 17:31:00
2649,1033,product_view,1112.0,2025-08-11 17:34:00
2650,155,visit,,2025-07-12 17:49:00
2651,155,product_view,1073.0,2025-07-12 17:51:00
2652,180,visit,,2025-08-29 19:41:00
2653,150,visit,,2025-09-26 13:52:00
2654,150,product_view,1099.0,2025-09-26 13:56:00
2655,312,visit,,2025-08-12 02:11:00
2656,312,product_view,1084.0,2025-08-12 02:14:00
2657,312,add_to_cart,1084.0,2025-08-12 02:18:00
2658,823,visit,,2025-08-07 00:39:00
2659,823,product_view,1074.0,2025-08-07 00:40:00
2660,823,add_to_cart,1074.0,2025-08-07 00:43:00
2661,823,checkout,1074.0,2025-08-07 00:45:00
2662,1197,visit,,2025-08-11 17:29:00
2663,1197,product_view,1087.0,2025-08-11 17:31:00
2664,1177,visit,,2025-08-15 22:55:00
2665,1177,product_view,1119.0,2025-08-15 22:57:00
2666,423,visit,,2025-07-24 03:01:00
2667,423,product_view,1040.0,2025-07-24 03:02:00
2668,1107,visit,,2025-07-09 10:55:00
2669,1107,product_view,1045.0,2025-07-09 10:57:00
2670,414,visit,,2025-07-21 13:17:00
2671,414,product_view,1039.0,2025-07-21 13:19:00
2672,56,visit,,2025-08-26 03:53:00
2673,53,visit,,2025-07-27 12:03:00
2674,53,product_view,1057.0,2025-07-27 12:07:00
2675,53,add_to_cart,1057.0,2025-07-27 12:11:00
2676,53,checkout,1057.0,2025-07-27 12:12:00
2677,53,purchase,1057.0,2025-07-27 12:13:00
2678,1185,visit,,2025-09-05 03:10:00
2679,1185,product_view,1093.0,2025-09-05 03:11:00
2680,1239,visit,,2025-08-10 13:12:00
2681,1239,product_view,1046.0,2025-08-10 13:13:00
2682,737,visit,,2025-08-02 16:07:00
2683,34,visit,,2025-08-18 13:25:00
2684,205,visit,,2025-08-16 09:53:00
2685,205,product_view,1046.0,2025-08-16 09:56:00
2686,205,add_to_cart,1046.0,2025-08-16 09:57:00
2687,799,visit,,2025-08-30 00:17:00
2688,799,product_view,1113.0,2025-08-30 00:20:00
2689,799,add_to_cart,1113.0,2025-08-30 00:22:00
2690,799,checkout,1113.0,2025-08-30 00:23:00
2691,799,purchase,1113.0,2025-08-30 00:24:00
2692,1424,visit,,2025-07-05 01:38:00
2693,1424,product_view,1061.0,2025-07-05 01:41:00
2694,1424,add_to_cart,1061.0,2025-07-05 01:45:00
2695,859,visit,,2025-07-23 16:09:00
2696,859,product_view,1023.0,2025-07-23 16:11:00
2697,859,add_to_cart,1023.0,2025-07-23 16:12:00
2698,62,visit,,2025-07-27 09:25:00
2699,62,product_view,1064.0,2025-07-27 09:28:00
2700,59,visit,,2025-07-04 10:01:00
2701,71,visit,,2025-07-19 13:02:00
2702,71,product_view,1095.0,2025-07-19 13:07:00
2703,348,visit,,2025-07-13 00:22:00
2704,189,visit,,2025-07-09 03:30:00
2705,189,product_view,1054.0,2025-07-09 03:34:00
2706,1100,visit,,2025-07-18 19:51:00
2707,1100,product_view,1057.0,2025-07-18 19:54:00
2708,1100,add_to_cart,1057.0,2025-07-18 19:57:00
2709,1100,checkout,1057.0,2025-07-18 20:00:00
2710,1100,purchase,1057.0,2025-07-18 20:03:00
2711,1468,visit,,2025-08-31 15:47:00
2712,1468,product_view,1013.0,2025-08-31 15:52:00
2713,1468,add_to_cart,1013.0,2025-08-31 15:54:00
2714,1468,checkout,1013.0,2025-08-31 15:55:00
2715,1468,purchase,1013.0,2025-08-31 15:56:00
2716,195,visit,,2025-08-21 09:56:00
2717,195,product_view,1092.0,2025-08-21 09:58:00
2718,195,add_to_cart,1092.0,2025-08-21 10:00:00
2719,617,visit,,2025-09-29 14:42:00
2720,617,product_view,1043.0,2025-09-29 14:47:00
2721,547,visit,,2025-07-17 10:27:00
2722,547,product_view,1098.0,2025-07-17 10:29:00
2723,71,visit,,2025-08-19 20:03:00
2724,71,product_view,1096.0,2025-08-19 20:05:00
2725,71,add_to_cart,1096.0,2025-08-19 20:06:00
2726,488,visit,,2025-08-20 10:00:00
2727,488,product_view,1021.0,2025-08-20 10:04:00
2728,385,visit,,2025-09-12 12:28:00
2729,929,visit,,2025-08-03 17:28:00
2730,929,product_view,1080.0,2025-08-03 17:31:00
2731,1054,visit,,2025-08-13 10:57:00
2732,1054,product_view,1119.0,2025-08-13 11:00:00
2733,999,visit,,2025-09-09 14:42:00
2734,999,product_view,1099.0,2025-09-09 14:45:00
2735,539,visit,,2025-08-16 13:41:00
2736,539,product_view,1009.0,2025-08-16 13:46:00
2737,539,add_to_cart,1009.0,2025-08-16 13:48:00
2738,228,visit,,2025-09-09 22:18:00
2739,228,product_view,1016.0,2025-09-09 22:21:00
2740,228,add_to_cart,1016.0,2025-09-09 22:25:00
2741,228,checkout,1016.0,2025-09-09 22:26:00
2742,1034,visit,,2025-08-20 16:12:00
2743,1034,product_view,1024.0,2025-08-20 16:14:00
2744,407,visit,,2025-08-15 16:38:00
2745,407,product_view,1094.0,2025-08-15 16:43:00
2746,1076,visit,,2025-09-07 11:34:00
2747,1076,product_view,1007.0,2025-09-07 11:39:00
2748,1076,add_to_cart,1007.0,2025-09-07 11:41:00
2749,1076,checkout,1007.0,2025-09-07 11:42:00
2750,1076,purchase,1007.0,2025-09-07 11:45:00
2751,1467,visit,,2025-09-08 19:27:00
2752,571,visit,,2025-08-21 09:24:00
2753,863,visit,,2025-08-30 14:20:00
2754,863,product_view,1115.0,2025-08-30 14:23:00
2755,863,add_to_cart,1115.0,2025-08-30 14:26:00
2756,1369,visit,,2025-07-27 23:39:00
2757,1369,product_view,1040.0,2025-07-27 23:40:00
2758,1369,add_to_cart,1040.0,2025-07-27 23:44:00
2759,1369,checkout,1040.0,2025-07-27 23:46:00
2760,497,visit,,2025-07-21 20:26:00
2761,497,product_view,1051.0,2025-07-21 20:28:00
2762,497,add_to_cart,1051.0,2025-07-21 20:31:00
2763,497,checkout,1051.0,2025-07-21 20:33:00
2764,497,purchase,1051.0,2025-07-21 20:35:00
2765,1487,visit,,2025-09-13 21:09:00
2766,1487,product_view,1095.0,2025-09-13 21:11:00
2767,671,visit,,2025-09-20 03:33:00
2768,671,product_view,1002.0,2025-09-20 03:34:00
2769,1226,visit,,2025-07-30 21:28:00
2770,1226,product_view,1061.0,2025-07-30 21:29:00
2771,1226,add_to_cart,1061.0,2025-07-30 21:33:00
2772,1226,checkout,1061.0,2025-07-30 21:36:00
2773,1226,purchase,1061.0,2025-07-30 21:38:00
2774,782,visit,,2025-08-02 03:40:00
2775,782,product_view,1108.0,2025-08-02 03:45:00
2776,782,add_to_cart,1108.0,2025-08-02 03:49:00
2777,461,visit,,2025-07-14 02:46:00
2778,461,product_view,1067.0,2025-07-14 02:51:00
2779,495,visit,,2025-09-24 15:53:00
2780,495,product_view,1112.0,2025-09-24 15:57:00
2781,495,add_to_cart,1112.0,2025-09-24 15:58:00
2782,574,visit,,2025-08-05 08:40:00
2783,574,product_view,1108.0,2025-08-05 08:44:00
2784,515,visit,,2025-07-11 00:06:00
2785,515,product_view,1046.0,2025-07-11 00:10:00
2786,515,add_to_cart,1046.0,2025-07-11 00:14:00
2787,515,checkout,1046.0,2025-07-11 00:16:00
2788,515,purchase,1046.0,2025-07-11 00:17:00
2789,1000,visit,,2025-09-16 18:24:00
2790,1000,product_view,1072.0,2025-09-16 18:28:00
2791,1000,add_to_cart,1072.0,2025-09-16 18:29:00
2792,1000,checkout,1072.0,2025-09-16 18:32:00
2793,1179,visit,,2025-07-16 07:23:00
2794,1179,product_view,1013.0,2025-07-16 07:28:00
2795,1179,add_to_cart,1013.0,2025-07-16 07:32:00
2796,82,visit,,2025-09-21 14:54:00
2797,82,product_view,1045.0,2025-09-21 14:59:00
2798,82,add_to_cart,1045.0,2025-09-21 15:03:00
2799,1287,visit,,2025-08-25 21:58:00
2800,1287,product_view,1096.0,2025-08-25 22:03:00
2801,1287,add_to_cart,1096.0,2025-08-25 22:06:00
2802,1287,checkout,1096.0,2025-08-25 22:08:00
2803,1494,visit,,2025-08-02 11:52:00
2804,1494,product_view,1059.0,2025-08-02 11:55:00
2805,510,visit,,2025-08-27 01:20:00
2806,510,product_view,1036.0,2025-08-27 01:23:00
2807,329,visit,,2025-09-10 17:41:00
2808,329,product_view,1027.0,2025-09-10 17:45:00
2809,353,visit,,2025-09-02 02:21:00
2810,353,product_view,1109.0,2025-09-02 02:26:00
2811,467,visit,,2025-08-09 03:58:00
2812,467,product_view,1041.0,2025-08-09 04:02:00
2813,467,add_to_cart,1041.0,2025-08-09 04:06:00
2814,467,checkout,1041.0,2025-08-09 04:08:00
2815,467,purchase,1041.0,2025-08-09 04:11:00
2816,719,visit,,2025-08-26 11:48:00
2817,719,product_view,1044.0,2025-08-26 11:50:00
2818,719,add_to_cart,1044.0,2025-08-26 11:51:00
2819,719,checkout,1044.0,2025-08-26 11:53:00
2820,1435,visit,,2025-09-10 09:48:00
2821,1435,product_view,1083.0,2025-09-10 09:50:00
2822,1435,add_to_cart,1083.0,2025-09-10 09:51:00
2823,1435,checkout,1083.0,2025-09-10 09:52:00
2824,1359,visit,,2025-08-03 04:45:00
2825,1359,product_view,1052.0,2025-08-03 04:48:00
2826,1359,add_to_cart,1052.0,2025-08-03 04:52:00
2827,1359,checkout,1052.0,2025-08-03 04:55:00
2828,602,visit,,2025-09-11 02:20:00
2829,907,visit,,2025-07-06 07:35:00
2830,907,product_view,1106.0,2025-07-06 07:38:00
2831,907,add_to_cart,1106.0,2025-07-06 07:40:00
2832,449,visit,,2025-07-29 14:41:00
2833,449,product_view,1032.0,2025-07-29 14:43:00
2834,449,add_to_cart,1032.0,2025-07-29 14:45:00
2835,1254,visit,,2025-08-26 13:35:00
2836,1254,product_view,1062.0,2025-08-26 13:40:00
2837,1254,add_to_cart,1062.0,2025-08-26 13:42:00
2838,1190,visit,,2025-09-19 18:56:00
2839,793,visit,,2025-08-03 22:50:00
2840,540,visit,,2025-08-17 11:57:00
2841,481,visit,,2025-09-08 11:04:00
2842,276,visit,,2025-09-28 07:50:00
2843,276,product_view,1042.0,2025-09-28 07:52:00
2844,276,add_to_cart,1042.0,2025-09-28 07:56:00
2845,276,checkout,1042.0,2025-09-28 07:57:00
2846,1238,visit,,2025-08-14 22:44:00
2847,1238,product_view,1030.0,2025-08-14 22:49:00
2848,459,visit,,2025-08-04 18:53:00
2849,459,product_view,1060.0,2025-08-04 18:58:00
2850,459,add_to_cart,1060.0,2025-08-04 19:02:00
2851,459,checkout,1060.0,2025-08-04 19:03:00
2852,459,purchase,1060.0,2025-08-04 19:05:00
2853,1332,visit,,2025-08-14 15:55:00
2854,1332,product_view,1008.0,2025-08-14 15:56:00
2855,134,visit,,2025-08-05 18:16:00
2856,1491,visit,,2025-09-15 15:27:00
2857,1491,product_view,1004.0,2025-09-15 15:29:00
2858,441,visit,,2025-08-27 09:34:00
2859,441,product_view,1085.0,2025-08-27 09:37:00
2860,441,add_to_cart,1085.0,2025-08-27 09:41:00
2861,441,checkout,1085.0,2025-08-27 09:44:00
2862,1202,visit,,2025-07-01 19:03:00
2863,1202,product_view,1041.0,2025-07-01 19:06:00
2864,146,visit,,2025-07-09 16:26:00
2865,146,product_view,1079.0,2025-07-09 16:28:00
2866,146,add_to_cart,1079.0,2025-07-09 16:30:00
2867,61,visit,,2025-09-02 23:07:00
2868,61,product_view,1084.0,2025-09-02 23:08:00
2869,1176,visit,,2025-09-26 12:51:00
2870,1176,product_view,1090.0,2025-09-26 12:55:00
2871,1176,add_to_cart,1090.0,2025-09-26 12:58:00
2872,1176,checkout,1090.0,2025-09-26 13:00:00
2873,1176,purchase,1090.0,2025-09-26 13:03:00
2874,517,visit,,2025-07-12 05:16:00
2875,517,product_view,1064.0,2025-07-12 05:18:00
2876,517,add_to_cart,1064.0,2025-07-12 05:19:00
2877,517,checkout,1064.0,2025-07-12 05:20:00
2878,517,purchase,1064.0,2025-07-12 05:21:00
2879,125,visit,,2025-07-08 21:23:00
2880,125,product_view,1072.0,2025-07-08 21:24:00
2881,1084,visit,,2025-07-01 10:24:00
2882,1084,product_view,1002.0,2025-07-01 10:29:00
2883,143,visit,,2025-07-25 20:39:00
2884,143,product_view,1023.0,2025-07-25 20:44:00
2885,143,add_to_cart,1023.0,2025-07-25 20:47:00
2886,143,checkout,1023.0,2025-07-25 20:50:00
2887,1229,visit,,2025-09-12 05:57:00
2888,1229,product_view,1048.0,2025-09-12 05:59:00
2889,1229,add_to_cart,1048.0,2025-09-12 06:03:00
2890,1229,checkout,1048.0,2025-09-12 06:04:00
2891,247,visit,,2025-08-09 09:06:00
2892,247,product_view,1104.0,2025-08-09 09:08:00
2893,343,visit,,2025-07-13 15:12:00
2894,343,product_view,1116.0,2025-07-13 15:17:00
2895,932,visit,,2025-09-23 17:53:00
2896,932,product_view,1119.0,2025-09-23 17:57:00
2897,1370,visit,,2025-07-09 10:15:00
2898,1370,product_view,1071.0,2025-07-09 10:17:00
2899,1006,visit,,2025-08-21 01:22:00
2900,1006,product_view,1025.0,2025-08-21 01:26:00
2901,1351,visit,,2025-09-14 03:54:00
2902,1351,product_view,1091.0,2025-09-14 03:57:00
2903,1154,visit,,2025-09-28 17:33:00
2904,1154,product_view,1074.0,2025-09-28 17:38:00
2905,579,visit,,2025-07-18 14:48:00
2906,579,product_view,1042.0,2025-07-18 14:52:00
2907,579,add_to_cart,1042.0,2025-07-18 14:56:00
2908,579,checkout,1042.0,2025-07-18 14:57:00
2909,579,purchase,1042.0,2025-07-18 14:59:00
2910,992,visit,,2025-08-19 09:31:00
2911,589,visit,,2025-09-26 22:03:00
2912,589,product_view,1099.0,2025-09-26 22:04:00
2913,589,add_to_cart,1099.0,2025-09-26 22:05:00
2914,589,checkout,1099.0,2025-09-26 22:08:00
2915,1170,visit,,2025-07-23 20:20:00
2916,1170,product_view,1070.0,2025-07-23 20:25:00
2917,1170,add_to_cart,1070.0,2025-07-23 20:28:00
2918,1170,checkout,1070.0,2025-07-23 20:30:00
2919,108,visit,,2025-09-26 13:47:00
2920,108,product_view,1106.0,2025-09-26 13:49:00
2921,108,add_to_cart,1106.0,2025-09-26 13:50:00
2922,203,visit,,2025-07-24 07:45:00
2923,203,product_view,1059.0,2025-07-24 07:47:00
2924,203,add_to_cart,1059.0,2025-07-24 07:48:00
2925,203,checkout,1059.0,2025-07-24 07:50:00
2926,203,purchase,1059.0,2025-07-24 07:53:00
2927,595,visit,,2025-07-31 21:52:00
2928,678,visit,,2025-08-19 07:23:00
2929,824,visit,,2025-07-20 04:38:00
2930,824,product_view,1006.0,2025-07-20 04:41:00
2931,866,visit,,2025-09-12 22:55:00
2932,635,visit,,2025-09-22 23:58:00
2933,635,product_view,1027.0,2025-09-22 23:59:00
2934,635,add_to_cart,1027.0,2025-09-23 00:03:00
2935,635,checkout,1027.0,2025-09-23 00:04:00
2936,1000,visit,,2025-09-15 00:40:00
2937,1000,product_view,1033.0,2025-09-15 00:41:00
2938,920,visit,,2025-09-23 22:14:00
2939,920,product_view,1017.0,2025-09-23 22:15:00
2940,920,add_to_cart,1017.0,2025-09-23 22:19:00
2941,920,checkout,1017.0,2025-09-23 22:22:00
2942,920,purchase,1017.0,2025-09-23 22:25:00
2943,1395,visit,,2025-09-27 12:18:00
2944,1395,product_view,1092.0,2025-09-27 12:21:00
2945,536,visit,,2025-07-16 12:52:00
2946,414,visit,,2025-09-10 15:12:00
2947,414,product_view,1012.0,2025-09-10 15:13:00
2948,414,add_to_cart,1012.0,2025-09-10 15:14:00
2949,414,checkout,1012.0,2025-09-10 15:15:00
2950,378,visit,,2025-09-27 02:15:00
2951,378,product_view,1011.0,2025-09-27 02:18:00
2952,378,add_to_cart,1011.0,2025-09-27 02:20:00
2953,378,checkout,1011.0,2025-09-27 02:21:00
2954,378,purchase,1011.0,2025-09-27 02:24:00
2955,431,visit,,2025-08-10 01:36:00
2956,431,product_view,1093.0,2025-08-10 01:38:00
2957,431,add_to_cart,1093.0,2025-08-10 01:41:00
2958,718,visit,,2025-07-26 20:03:00
2959,718,product_view,1060.0,2025-07-26 20:05:00
2960,1036,visit,,2025-07-29 05:40:00
2961,1036,product_view,1009.0,2025-07-29 05:44:00
2962,1036,add_to_cart,1009.0,2025-07-29 05:48:00
2963,1036,checkout,1009.0,2025-07-29 05:49:00
2964,1036,purchase,1009.0,2025-07-29 05:51:00
2965,330,visit,,2025-09-09 10:03:00
2966,330,product_view,1019.0,2025-09-09 10:04:00
2967,330,add_to_cart,1019.0,2025-09-09 10:05:00
2968,330,checkout,1019.0,2025-09-09 10:06:00
2969,659,visit,,2025-07-05 04:57:00
2970,659,product_view,1048.0,2025-07-05 04:59:00
2971,659,add_to_cart,1048.0,2025-07-05 05:00:00
2972,659,checkout,1048.0,2025-07-05 05:02:00
2973,246,visit,,2025-07-29 20:02:00
2974,246,product_view,1110.0,2025-07-29 20:03:00
2975,246,add_to_cart,1110.0,2025-07-29 20:07:00
2976,1321,visit,,2025-08-06 21:39:00
2977,1321,product_view,1050.0,2025-08-06 21:41:00
2978,1255,visit,,2025-08-14 20:29:00
2979,1255,product_view,1033.0,2025-08-14 20:31:00
2980,1255,add_to_cart,1033.0,2025-08-14 20:34:00
2981,1255,checkout,1033.0,2025-08-14 20:36:00
2982,1255,purchase,1033.0,2025-08-14 20:37:00
2983,527,visit,,2025-07-21 11:47:00
2984,527,product_view,1113.0,2025-07-21 11:50:00
2985,527,add_to_cart,1113.0,2025-07-21 11:54:00
2986,527,checkout,1113.0,2025-07-21 11:57:00
2987,824,visit,,2025-09-19 11:13:00
2988,863,visit,,2025-08-23 14:46:00
2989,863,product_view,1114.0,2025-08-23 14:50:00
2990,863,add_to_cart,1114.0,2025-08-23 14:53:00
2991,863,checkout,1114.0,2025-08-23 14:55:00
2992,863,purchase,1114.0,2025-08-23 14:58:00
2993,504,visit,,2025-07-25 18:12:00
2994,1494,visit,,2025-09-18 11:57:00
2995,1494,product_view,1085.0,2025-09-18 12:01:00
2996,1494,add_to_cart,1085.0,2025-09-18 12:04:00
2997,1494,checkout,1085.0,2025-09-18 12:05:00
2998,1494,purchase,1085.0,2025-09-18 12:08:00
2999,927,visit,,2025-09-18 13:03:00
3000,927,product_view,1039.0,2025-09-18 13:06:00
3001,321,visit,,2025-08-19 16:27:00
3002,321,product_view,1085.0,2025-08-19 16:31:00
3003,321,add_to_cart,1085.0,2025-08-19 16:33:00
3004,321,checkout,1085.0,2025-08-19 16:36:00
3005,321,purchase,1085.0,2025-08-19 16:39:00
3006,1154,visit,,2025-07-20 20:25:00
3007,1154,product_view,1099.0,2025-07-20 20:27:00
3008,1154,add_to_cart,1099.0,2025-07-20 20:30:00
3009,1154,checkout,1099.0,2025-07-20 20:33:00
3010,1154,purchase,1099.0,2025-07-20 20:35:00
3011,1251,visit,,2025-09-17 16:47:00
3012,1251,product_view,1120.0,2025-09-17 16:48:00
3013,134,visit,,2025-07-03 00:58:00
3014,109,visit,,2025-07-12 10:59:00
3015,416,visit,,2025-07-20 06:19:00
3016,416,product_view,1096.0,2025-07-20 06:22:00
3017,647,visit,,2025-08-27 15:21:00
3018,647,product_view,1075.0,2025-08-27 15:24:00
3019,647,add_to_cart,1075.0,2025-08-27 15:26:00
3020,312,visit,,2025-08-23 03:34:00
3021,840,visit,,2025-09-10 17:40:00
3022,840,product_view,1021.0,2025-09-10 17:43:00
3023,511,visit,,2025-09-23 04:58:00
3024,511,product_view,1015.0,2025-09-23 04:59:00
3025,511,add_to_cart,1015.0,2025-09-23 05:03:00
3026,511,checkout,1015.0,2025-09-23 05:05:00
3027,511,purchase,1015.0,2025-09-23 05:06:00
3028,1410,visit,,2025-08-16 14:37:00
3029,1410,product_view,1105.0,2025-08-16 14:41:00
3030,1008,visit,,2025-09-11 11:56:00
3031,1008,product_view,1086.0,2025-09-11 11:57:00
3032,142,visit,,2025-07-18 19:19:00
3033,142,product_view,1023.0,2025-07-18 19:21:00
3034,142,add_to_cart,1023.0,2025-07-18 19:23:00
3035,657,visit,,2025-07-11 11:38:00
3036,1014,visit,,2025-09-18 18:26:00
3037,748,visit,,2025-08-02 06:32:00
3038,748,product_view,1109.0,2025-08-02 06:37:00
3039,49,visit,,2025-08-10 05:03:00
3040,49,product_view,1063.0,2025-08-10 05:06:00
3041,49,add_to_cart,1063.0,2025-08-10 05:10:00
3042,49,checkout,1063.0,2025-08-10 05:12:00
3043,1345,visit,,2025-09-23 02:21:00
3044,1345,product_view,1059.0,2025-09-23 02:23:00
3045,1279,visit,,2025-09-12 00:19:00
3046,1279,product_view,1002.0,2025-09-12 00:23:00
3047,1279,add_to_cart,1002.0,2025-09-12 00:24:00
3048,554,visit,,2025-08-18 10:23:00
3049,554,product_view,1090.0,2025-08-18 10:27:00
3050,554,add_to_cart,1090.0,2025-08-18 10:30:00
3051,554,checkout,1090.0,2025-08-18 10:32:00
3052,1132,visit,,2025-09-01 09:17:00
3053,1132,product_view,1025.0,2025-09-01 09:21:00
3054,174,visit,,2025-09-24 10:55:00
3055,174,product_view,1104.0,2025-09-24 10:56:00
3056,174,add_to_cart,1104.0,2025-09-24 10:58:00
3057,220,visit,,2025-07-10 05:23:00
3058,220,product_view,1032.0,2025-07-10 05:28:00
3059,179,visit,,2025-07-10 00:46:00
3060,179,product_view,1111.0,2025-07-10 00:49:00
3061,1265,visit,,2025-07-20 18:40:00
3062,944,visit,,2025-08-12 21:06:00
3063,944,product_view,1081.0,2025-08-12 21:07:00
3064,409,visit,,2025-07-11 05:05:00
3065,409,product_view,1118.0,2025-07-11 05:06:00
3066,409,add_to_cart,1118.0,2025-07-11 05:08:00
3067,409,checkout,1118.0,2025-07-11 05:11:00
3068,409,purchase,1118.0,2025-07-11 05:13:00
3069,1085,visit,,2025-08-30 06:45:00
3070,1240,visit,,2025-07-24 15:18:00
3071,1240,product_view,1091.0,2025-07-24 15:23:00
3072,126,visit,,2025-07-24 16:00:00
3073,126,product_view,1057.0,2025-07-24 16:02:00
3074,126,add_to_cart,1057.0,2025-07-24 16:04:00
3075,1440,visit,,2025-07-10 06:11:00
3076,1440,product_view,1098.0,2025-07-10 06:13:00
3077,1440,add_to_cart,1098.0,2025-07-10 06:16:00
3078,1440,checkout,1098.0,2025-07-10 06:19:00
3079,1440,purchase,1098.0,2025-07-10 06:20:00
3080,514,visit,,2025-08-14 23:15:00
3081,514,product_view,1106.0,2025-08-14 23:18:00
3082,514,add_to_cart,1106.0,2025-08-14 23:20:00
3083,514,checkout,1106.0,2025-08-14 23:21:00
3084,514,purchase,1106.0,2025-08-14 23:24:00
3085,1270,visit,,2025-08-25 02:43:00
3086,1270,product_view,1097.0,2025-08-25 02:47:00
3087,1270,add_to_cart,1097.0,2025-08-25 02:48:00
3088,1270,checkout,1097.0,2025-08-25 02:50:00
3089,1270,purchase,1097.0,2025-08-25 02:53:00
3090,135,visit,,2025-08-03 23:53:00
3091,135,product_view,1073.0,2025-08-03 23:56:00
3092,984,visit,,2025-09-02 09:48:00
3093,984,product_view,1048.0,2025-09-02 09:53:00
3094,390,visit,,2025-09-14 05:02:00
3095,390,product_view,1030.0,2025-09-14 05:06:00
3096,390,add_to_cart,1030.0,2025-09-14 05:10:00
3097,390,checkout,1030.0,2025-09-14 05:12:00
3098,390,purchase,1030.0,2025-09-14 05:14:00
3099,313,visit,,2025-08-19 13:01:00
3100,649,visit,,2025-09-19 04:25:00
3101,649,product_view,1049.0,2025-09-19 04:29:00
3102,1356,visit,,2025-07-23 04:37:00
3103,445,visit,,2025-07-03 12:30:00
3104,445,product_view,1013.0,2025-07-03 12:33:00
3105,445,add_to_cart,1013.0,2025-07-03 12:37:00
3106,445,checkout,1013.0,2025-07-03 12:39:00
3107,1126,visit,,2025-07-30 06:31:00
3108,1126,product_view,1036.0,2025-07-30 06:35:00
3109,1126,add_to_cart,1036.0,2025-07-30 06:37:00
3110,1126,checkout,1036.0,2025-07-30 06:40:00
3111,1126,purchase,1036.0,2025-07-30 06:41:00
3112,663,visit,,2025-08-31 19:18:00
3113,663,product_view,1091.0,2025-08-31 19:23:00
3114,444,visit,,2025-09-01 00:19:00
3115,444,product_view,1054.0,2025-09-01 00:22:00
3116,1401,visit,,2025-08-24 19:07:00
3117,1401,product_view,1080.0,2025-08-24 19:12:00
3118,1401,add_to_cart,1080.0,2025-08-24 19:15:00
3119,263,visit,,2025-09-11 15:04:00
3120,263,product_view,1048.0,2025-09-11 15:07:00
3121,263,add_to_cart,1048.0,2025-09-11 15:09:00
3122,1410,visit,,2025-08-10 20:58:00
3123,976,visit,,2025-08-05 17:21:00
3124,976,product_view,1101.0,2025-08-05 17:24:00
3125,261,visit,,2025-09-19 18:58:00
3126,261,product_view,1042.0,2025-09-19 19:03:00
3127,511,visit,,2025-09-11 15:56:00
3128,511,product_view,1063.0,2025-09-11 16:01:00
3129,787,visit,,2025-07-19 19:20:00
3130,787,product_view,1097.0,2025-07-19 19:24:00
3131,787,add_to_cart,1097.0,2025-07-19 19:27:00
3132,787,checkout,1097.0,2025-07-19 19:29:00
3133,566,visit,,2025-07-19 11:54:00
3134,566,product_view,1092.0,2025-07-19 11:58:00
3135,566,add_to_cart,1092.0,2025-07-19 11:59:00
3136,566,checkout,1092.0,2025-07-19 12:02:00
3137,566,purchase,1092.0,2025-07-19 12:03:00
3138,656,visit,,2025-08-10 19:56:00
3139,656,product_view,1063.0,2025-08-10 19:58:00
3140,1224,visit,,2025-07-16 09:46:00
3141,1224,product_view,1078.0,2025-07-16 09:48:00
3142,1224,add_to_cart,1078.0,2025-07-16 09:51:00
3143,1224,checkout,1078.0,2025-07-16 09:53:00
3144,1224,purchase,1078.0,2025-07-16 09:54:00
3145,535,visit,,2025-07-19 09:01:00
3146,535,product_view,1027.0,2025-07-19 09:05:00
3147,535,add_to_cart,1027.0,2025-07-19 09:09:00
3148,303,visit,,2025-09-19 12:35:00
3149,303,product_view,1058.0,2025-09-19 12:39:00
3150,221,visit,,2025-08-05 14:17:00
3151,221,product_view,1120.0,2025-08-05 14:22:00
3152,221,add_to_cart,1120.0,2025-08-05 14:24:00
3153,221,checkout,1120.0,2025-08-05 14:26:00
3154,254,visit,,2025-08-11 17:30:00
3155,254,product_view,1007.0,2025-08-11 17:33:00
3156,769,visit,,2025-07-04 20:27:00
3157,769,product_view,1071.0,2025-07-04 20:31:00
3158,769,add_to_cart,1071.0,2025-07-04 20:32:00
3159,769,checkout,1071.0,2025-07-04 20:34:00
3160,769,purchase,1071.0,2025-07-04 20:37:00
3161,1048,visit,,2025-07-17 15:04:00
3162,287,visit,,2025-07-14 16:10:00
3163,482,visit,,2025-08-16 11:21:00
3164,482,product_view,1012.0,2025-08-16 11:24:00
3165,1009,visit,,2025-09-08 01:33:00
3166,1009,product_view,1052.0,2025-09-08 01:37:00
3167,1123,visit,,2025-07-12 06:28:00
3168,1123,product_view,1106.0,2025-07-12 06:31:00
3169,1123,add_to_cart,1106.0,2025-07-12 06:32:00
3170,1123,checkout,1106.0,2025-07-12 06:35:00
3171,1123,purchase,1106.0,2025-07-12 06:38:00
3172,462,visit,,2025-07-06 01:14:00
3173,462,product_view,1062.0,2025-07-06 01:16:00
3174,282,visit,,2025-08-10 10:24:00
3175,282,product_view,1065.0,2025-08-10 10:28:00
3176,282,add_to_cart,1065.0,2025-08-10 10:31:00
3177,282,checkout,1065.0,2025-08-10 10:34:00
3178,850,visit,,2025-07-09 01:12:00
3179,850,product_view,1071.0,2025-07-09 01:14:00
3180,850,add_to_cart,1071.0,2025-07-09 01:18:00
3181,850,checkout,1071.0,2025-07-09 01:21:00
3182,850,purchase,1071.0,2025-07-09 01:23:00
3183,337,visit,,2025-07-28 04:34:00
3184,337,product_view,1051.0,2025-07-28 04:39:00
3185,337,add_to_cart,1051.0,2025-07-28 04:42:00
3186,337,checkout,1051.0,2025-07-28 04:43:00
3187,1245,visit,,2025-08-12 06:20:00
3188,805,visit,,2025-09-22 09:28:00
3189,805,product_view,1016.0,2025-09-22 09:33:00
3190,1376,visit,,2025-08-21 06:11:00
3191,1376,product_view,1066.0,2025-08-21 06:15:00
3192,422,visit,,2025-09-11 23:47:00
3193,422,product_view,1026.0,2025-09-11 23:49:00
3194,622,visit,,2025-08-29 01:41:00
3195,622,product_view,1047.0,2025-08-29 01:46:00
3196,517,visit,,2025-09-04 00:19:00
3197,517,product_view,1028.0,2025-09-04 00:21:00
3198,423,visit,,2025-08-19 23:20:00
3199,423,product_view,1064.0,2025-08-19 23:24:00
3200,339,visit,,2025-09-01 15:35:00
3201,339,product_view,1118.0,2025-09-01 15:37:00
3202,339,add_to_cart,1118.0,2025-09-01 15:38:00
3203,64,visit,,2025-07-07 00:17:00
3204,622,visit,,2025-08-18 23:36:00
3205,200,visit,,2025-08-17 06:41:00
3206,200,product_view,1007.0,2025-08-17 06:45:00
3207,764,visit,,2025-08-05 13:41:00
3208,764,product_view,1010.0,2025-08-05 13:42:00
3209,619,visit,,2025-08-03 14:59:00
3210,420,visit,,2025-09-20 23:43:00
3211,420,product_view,1016.0,2025-09-20 23:47:00
3212,420,add_to_cart,1016.0,2025-09-20 23:48:00
3213,420,checkout,1016.0,2025-09-20 23:49:00
3214,420,purchase,1016.0,2025-09-20 23:52:00
3215,1142,visit,,2025-08-04 00:44:00
3216,1142,product_view,1035.0,2025-08-04 00:45:00
3217,314,visit,,2025-07-09 12:43:00
3218,314,product_view,1028.0,2025-07-09 12:44:00
3219,314,add_to_cart,1028.0,2025-07-09 12:48:00
3220,314,checkout,1028.0,2025-07-09 12:49:00
3221,314,purchase,1028.0,2025-07-09 12:50:00
3222,130,visit,,2025-08-05 22:18:00
3223,130,product_view,1099.0,2025-08-05 22:20:00
3224,50,visit,,2025-08-04 06:15:00
3225,50,product_view,1086.0,2025-08-04 06:16:00
3226,91,visit,,2025-09-11 13:35:00
3227,1001,visit,,2025-07-30 22:54:00
3228,1001,product_view,1102.0,2025-07-30 22:57:00
3229,1001,add_to_cart,1102.0,2025-07-30 23:00:00
3230,1001,checkout,1102.0,2025-07-30 23:02:00
3231,1001,purchase,1102.0,2025-07-30 23:04:00
3232,761,visit,,2025-09-09 17:09:00
3233,761,product_view,1093.0,2025-09-09 17:12:00
3234,761,add_to_cart,1093.0,2025-09-09 17:16:00
3235,761,checkout,1093.0,2025-09-09 17:18:00
3236,303,visit,,2025-09-25 15:43:00
3237,303,product_view,1105.0,2025-09-25 15:46:00
3238,178,visit,,2025-08-02 04:21:00
3239,1322,visit,,2025-08-27 17:55:00
3240,1322,product_view,1060.0,2025-08-27 17:56:00
3241,1322,add_to_cart,1060.0,2025-08-27 17:58:00
3242,1322,checkout,1060.0,2025-08-27 18:01:00
3243,1322,purchase,1060.0,2025-08-27 18:04:00
3244,1175,visit,,2025-07-27 22:25:00
3245,1175,product_view,1018.0,2025-07-27 22:29:00
3246,1027,visit,,2025-07-06 16:06:00
3247,1027,product_view,1070.0,2025-07-06 16:09:00
3248,1362,visit,,2025-07-30 21:45:00
3249,1362,product_view,1022.0,2025-07-30 21:49:00
3250,1362,add_to_cart,1022.0,2025-07-30 21:52:00
3251,1362,checkout,1022.0,2025-07-30 21:54:00
3252,1362,purchase,1022.0,2025-07-30 21:56:00
3253,1182,visit,,2025-08-22 22:48:00
3254,463,visit,,2025-09-21 14:09:00
3255,463,product_view,1082.0,2025-09-21 14:11:00
3256,1034,visit,,2025-07-14 15:09:00
3257,1424,visit,,2025-07-31 12:19:00
3258,1424,product_view,1040.0,2025-07-31 12:24:00
3259,392,visit,,2025-07-03 00:18:00
3260,392,product_view,1004.0,2025-07-03 00:20:00
3261,1394,visit,,2025-07-09 08:28:00
3262,865,visit,,2025-09-23 12:00:00
3263,865,product_view,1046.0,2025-09-23 12:03:00
3264,865,add_to_cart,1046.0,2025-09-23 12:06:00
3265,865,checkout,1046.0,2025-09-23 12:08:00
3266,865,purchase,1046.0,2025-09-23 12:10:00
3267,1260,visit,,2025-07-06 21:31:00
3268,1024,visit,,2025-08-14 00:16:00
3269,1024,product_view,1041.0,2025-08-14 00:20:00
3270,201,visit,,2025-09-27 18:39:00
3271,1403,visit,,2025-07-04 12:02:00
3272,178,visit,,2025-08-02 17:05:00
3273,178,product_view,1061.0,2025-08-02 17:06:00
3274,178,add_to_cart,1061.0,2025-08-02 17:09:00
3275,178,checkout,1061.0,2025-08-02 17:11:00
3276,178,purchase,1061.0,2025-08-02 17:13:00
3277,1442,visit,,2025-08-27 06:39:00
3278,1442,product_view,1110.0,2025-08-27 06:40:00
3279,1216,visit,,2025-09-25 00:59:00
3280,1216,product_view,1111.0,2025-09-25 01:00:00
3281,1216,add_to_cart,1111.0,2025-09-25 01:04:00
3282,1216,checkout,1111.0,2025-09-25 01:07:00
3283,1216,purchase,1111.0,2025-09-25 01:10:00
3284,1484,visit,,2025-08-02 18:07:00
3285,1484,product_view,1007.0,2025-08-02 18:11:00
3286,1484,add_to_cart,1007.0,2025-08-02 18:15:00
3287,1484,checkout,1007.0,2025-08-02 18:16:00
3288,1484,purchase,1007.0,2025-08-02 18:19:00
3289,874,visit,,2025-09-26 04:53:00
3290,874,product_view,1015.0,2025-09-26 04:57:00
3291,874,add_to_cart,1015.0,2025-09-26 04:58:00
3292,874,checkout,1015.0,2025-09-26 05:01:00
3293,362,visit,,2025-08-18 01:19:00
3294,362,product_view,1099.0,2025-08-18 01:22:00
3295,1196,visit,,2025-09-02 07:45:00
3296,1196,product_view,1109.0,2025-09-02 07:46:00
3297,1196,add_to_cart,1109.0,2025-09-02 07:48:00
3298,1196,checkout,1109.0,2025-09-02 07:51:00
3299,1196,purchase,1109.0,2025-09-02 07:53:00
3300,751,visit,,2025-09-28 13:01:00
3301,751,product_view,1102.0,2025-09-28 13:04:00
3302,218,visit,,2025-08-30 01:17:00
3303,218,product_view,1054.0,2025-08-30 01:21:00
3304,218,add_to_cart,1054.0,2025-08-30 01:22:00
3305,218,checkout,1054.0,2025-08-30 01:25:00
3306,218,purchase,1054.0,2025-08-30 01:27:00
3307,499,visit,,2025-07-18 03:01:00
3308,499,product_view,1117.0,2025-07-18 03:06:00
3309,499,add_to_cart,1117.0,2025-07-18 03:08:00
3310,499,checkout,1117.0,2025-07-18 03:11:00
3311,499,purchase,1117.0,2025-07-18 03:13:00
3312,137,visit,,2025-09-23 05:37:00
3313,137,product_view,1102.0,2025-09-23 05:42:00
3314,137,add_to_cart,1102.0,2025-09-23 05:44:00
3315,137,checkout,1102.0,2025-09-23 05:45:00
3316,801,visit,,2025-08-17 01:32:00
3317,801,product_view,1002.0,2025-08-17 01:33:00
3318,801,add_to_cart,1002.0,2025-08-17 01:36:00
3319,801,checkout,1002.0,2025-08-17 01:37:00
3320,801,purchase,1002.0,2025-08-17 01:38:00
3321,500,visit,,2025-08-31 06:12:00
3322,500,product_view,1111.0,2025-08-31 06:16:00
3323,500,add_to_cart,1111.0,2025-08-31 06:17:00
3324,500,checkout,1111.0,2025-08-31 06:20:00
3325,500,purchase,1111.0,2025-08-31 06:23:00
3326,300,visit,,2025-07-17 16:09:00
3327,140,visit,,2025-09-04 02:36:00
3328,140,product_view,1062.0,2025-09-04 02:40:00
3329,741,visit,,2025-08-03 13:03:00
3330,741,product_view,1029.0,2025-08-03 13:04:00
3331,809,visit,,2025-07-25 21:46:00
3332,801,visit,,2025-09-16 07:47:00
3333,982,visit,,2025-09-04 13:41:00
3334,1302,visit,,2025-07-31 19:33:00
3335,1302,product_view,1021.0,2025-07-31 19:34:00
3336,1302,add_to_cart,1021.0,2025-07-31 19:35:00
3337,1302,checkout,1021.0,2025-07-31 19:38:00
3338,1302,purchase,1021.0,2025-07-31 19:39:00
3339,82,visit,,2025-08-05 12:17:00
3340,82,product_view,1048.0,2025-08-05 12:20:00
3341,82,add_to_cart,1048.0,2025-08-05 12:23:00
3342,963,visit,,2025-09-01 12:48:00
3343,1410,visit,,2025-09-27 17:59:00
3344,1410,product_view,1076.0,2025-09-27 18:04:00
3345,1176,visit,,2025-08-30 10:05:00
3346,1176,product_view,1018.0,2025-08-30 10:08:00
3347,1176,add_to_cart,1018.0,2025-08-30 10:09:00
3348,1176,checkout,1018.0,2025-08-30 10:11:00
3349,592,visit,,2025-09-04 07:20:00
3350,664,visit,,2025-07-31 18:12:00
3351,664,product_view,1117.0,2025-07-31 18:15:00
3352,664,add_to_cart,1117.0,2025-07-31 18:18:00
3353,664,checkout,1117.0,2025-07-31 18:20:00
3354,664,purchase,1117.0,2025-07-31 18:23:00
3355,1372,visit,,2025-07-25 19:56:00
3356,1372,product_view,1085.0,2025-07-25 19:59:00
3357,1372,add_to_cart,1085.0,2025-07-25 20:02:00
3358,1133,visit,,2025-07-27 14:37:00
3359,1133,product_view,1042.0,2025-07-27 14:38:00
3360,597,visit,,2025-08-01 06:38:00
3361,597,product_view,1082.0,2025-08-01 06:41:00
3362,597,add_to_cart,1082.0,2025-08-01 06:45:00
3363,597,checkout,1082.0,2025-08-01 06:47:00
3364,597,purchase,1082.0,2025-08-01 06:49:00
3365,941,visit,,2025-08-13 04:16:00
3366,941,product_view,1069.0,2025-08-13 04:19:00
3367,941,add_to_cart,1069.0,2025-08-13 04:23:00
3368,806,visit,,2025-07-09 06:51:00
3369,1014,visit,,2025-09-09 18:52:00
3370,1014,product_view,1059.0,2025-09-09 18:57:00
3371,1014,add_to_cart,1059.0,2025-09-09 19:00:00
3372,1014,checkout,1059.0,2025-09-09 19:02:00
3373,1014,purchase,1059.0,2025-09-09 19:04:00
3374,222,visit,,2025-08-25 12:20:00
3375,222,product_view,1061.0,2025-08-25 12:22:00
3376,222,add_to_cart,1061.0,2025-08-25 12:23:00
3377,222,checkout,1061.0,2025-08-25 12:24:00
3378,222,purchase,1061.0,2025-08-25 12:27:00
3379,550,visit,,2025-07-13 23:43:00
3380,550,product_view,1017.0,2025-07-13 23:44:00
3381,1161,visit,,2025-07-02 03:21:00
3382,1474,visit,,2025-08-06 13:15:00
3383,1474,product_view,1036.0,2025-08-06 13:20:00
3384,547,visit,,2025-09-09 11:53:00
3385,547,product_view,1119.0,2025-09-09 11:54:00
3386,649,visit,,2025-07-29 05:51:00
3387,785,visit,,2025-09-08 19:01:00
3388,187,visit,,2025-09-17 08:51:00
3389,187,product_view,1074.0,2025-09-17 08:52:00
3390,187,add_to_cart,1074.0,2025-09-17 08:56:00
3391,187,checkout,1074.0,2025-09-17 08:58:00
3392,187,purchase,1074.0,2025-09-17 08:59:00
3393,573,visit,,2025-07-01 07:42:00
3394,573,product_view,1014.0,2025-07-01 07:47:00
3395,792,visit,,2025-07-28 07:06:00
3396,792,product_view,1058.0,2025-07-28 07:10:00
3397,907,visit,,2025-08-19 19:48:00
3398,907,product_view,1020.0,2025-08-19 19:53:00
3399,421,visit,,2025-09-25 15:27:00
3400,421,product_view,1113.0,2025-09-25 15:32:00
3401,421,add_to_cart,1113.0,2025-09-25 15:33:00
3402,421,checkout,1113.0,2025-09-25 15:36:00
3403,421,purchase,1113.0,2025-09-25 15:38:00
3404,421,visit,,2025-07-19 22:04:00
3405,421,product_view,1048.0,2025-07-19 22:08:00
3406,421,add_to_cart,1048.0,2025-07-19 22:12:00
3407,421,checkout,1048.0,2025-07-19 22:14:00
3408,421,purchase,1048.0,2025-07-19 22:16:00
3409,1465,visit,,2025-07-30 12:38:00
3410,50,visit,,2025-09-11 07:41:00
3411,50,product_view,1088.0,2025-09-11 07:45:00
3412,45,visit,,2025-09-12 11:23:00
3413,45,product_view,1050.0,2025-09-12 11:27:00
3414,45,add_to_cart,1050.0,2025-09-12 11:31:00
3415,184,visit,,2025-08-02 11:14:00
3416,184,product_view,1056.0,2025-08-02 11:17:00
3417,184,add_to_cart,1056.0,2025-08-02 11:19:00
3418,184,checkout,1056.0,2025-08-02 11:22:00
3419,184,purchase,1056.0,2025-08-02 11:25:00
3420,401,visit,,2025-07-05 12:23:00
3421,401,product_view,1109.0,2025-07-05 12:25:00
3422,401,add_to_cart,1109.0,2025-07-05 12:27:00
3423,401,checkout,1109.0,2025-07-05 12:30:00
3424,401,purchase,1109.0,2025-07-05 12:32:00
3425,1076,visit,,2025-08-02 14:09:00
3426,1076,product_view,1120.0,2025-08-02 14:13:00
3427,1076,add_to_cart,1120.0,2025-08-02 14:15:00
3428,1076,checkout,1120.0,2025-08-02 14:17:00
3429,1076,purchase,1120.0,2025-08-02 14:18:00
3430,189,visit,,2025-07-07 18:41:00
3431,189,product_view,1080.0,2025-07-07 18:43:00
3432,189,add_to_cart,1080.0,2025-07-07 18:47:00
3433,344,visit,,2025-07-03 06:38:00
3434,344,product_view,1031.0,2025-07-03 06:39:00
3435,552,visit,,2025-07-23 17:07:00
3436,552,product_view,1105.0,2025-07-23 17:12:00
3437,1482,visit,,2025-07-20 17:59:00
3438,1482,product_view,1023.0,2025-07-20 18:00:00
3439,1482,add_to_cart,1023.0,2025-07-20 18:02:00
3440,1052,visit,,2025-07-03 16:32:00
3441,807,visit,,2025-07-22 01:30:00
3442,807,product_view,1018.0,2025-07-22 01:32:00
3443,807,add_to_cart,1018.0,2025-07-22 01:35:00
3444,807,checkout,1018.0,2025-07-22 01:37:00
3445,807,purchase,1018.0,2025-07-22 01:39:00
3446,1455,visit,,2025-08-01 05:40:00
3447,1455,product_view,1015.0,2025-08-01 05:41:00
3448,1455,add_to_cart,1015.0,2025-08-01 05:45:00
3449,1455,checkout,1015.0,2025-08-01 05:47:00
3450,1455,purchase,1015.0,2025-08-01 05:49:00
3451,809,visit,,2025-09-08 23:25:00
3452,956,visit,,2025-09-05 11:50:00
3453,956,product_view,1083.0,2025-09-05 11:54:00
3454,1073,visit,,2025-08-22 05:32:00
3455,259,visit,,2025-07-05 06:04:00
3456,259,product_view,1104.0,2025-07-05 06:07:00
3457,237,visit,,2025-08-22 12:24:00
3458,237,product_view,1078.0,2025-08-22 12:25:00
3459,237,add_to_cart,1078.0,2025-08-22 12:27:00
3460,442,visit,,2025-09-20 04:28:00
3461,287,visit,,2025-08-08 12:15:00
3462,287,product_view,1084.0,2025-08-08 12:17:00
3463,518,visit,,2025-08-21 14:45:00
3464,518,product_view,1063.0,2025-08-21 14:47:00
3465,518,add_to_cart,1063.0,2025-08-21 14:51:00
3466,503,visit,,2025-09-20 03:18:00
3467,503,product_view,1019.0,2025-09-20 03:21:00
3468,503,add_to_cart,1019.0,2025-09-20 03:25:00
3469,888,visit,,2025-09-15 09:22:00
3470,888,product_view,1010.0,2025-09-15 09:27:00
3471,888,add_to_cart,1010.0,2025-09-15 09:31:00
3472,888,checkout,1010.0,2025-09-15 09:33:00
3473,888,purchase,1010.0,2025-09-15 09:36:00
3474,23,visit,,2025-07-19 23:45:00
3475,23,product_view,1013.0,2025-07-19 23:46:00
3476,23,add_to_cart,1013.0,2025-07-19 23:48:00
3477,23,checkout,1013.0,2025-07-19 23:50:00
3478,23,purchase,1013.0,2025-07-19 23:52:00
3479,1256,visit,,2025-08-14 19:20:00
3480,1256,product_view,1059.0,2025-08-14 19:21:00
3481,1200,visit,,2025-08-26 15:27:00
3482,1200,product_view,1016.0,2025-08-26 15:28:00
3483,1123,visit,,2025-09-11 16:04:00
3484,315,visit,,2025-08-18 10:42:00
3485,315,product_view,1120.0,2025-08-18 10:45:00
3486,315,add_to_cart,1120.0,2025-08-18 10:47:00
3487,315,checkout,1120.0,2025-08-18 10:49:00
3488,315,purchase,1120.0,2025-08-18 10:50:00
3489,91,visit,,2025-07-02 04:12:00
3490,91,product_view,1039.0,2025-07-02 04:14:00
3491,91,add_to_cart,1039.0,2025-07-02 04:16:00
3492,91,checkout,1039.0,2025-07-02 04:19:00
3493,91,purchase,1039.0,2025-07-02 04:20:00
3494,136,visit,,2025-07-05 08:46:00
3495,136,product_view,1021.0,2025-07-05 08:47:00
3496,136,add_to_cart,1021.0,2025-07-05 08:49:00
3497,1011,visit,,2025-07-11 21:29:00
3498,1011,product_view,1015.0,2025-07-11 21:32:00
3499,763,visit,,2025-08-30 08:36:00
3500,763,product_view,1109.0,2025-08-30 08:39:00
3501,669,visit,,2025-07-20 21:43:00
3502,669,product_view,1068.0,2025-07-20 21:48:00
3503,669,add_to_cart,1068.0,2025-07-20 21:51:00
3504,503,visit,,2025-07-03 13:30:00
3505,503,product_view,1029.0,2025-07-03 13:35:00
3506,503,add_to_cart,1029.0,2025-07-03 13:39:00
3507,503,checkout,1029.0,2025-07-03 13:42:00
3508,503,purchase,1029.0,2025-07-03 13:44:00
3509,304,visit,,2025-07-29 07:56:00
3510,951,visit,,2025-07-20 03:44:00
3511,951,product_view,1116.0,2025-07-20 03:47:00
3512,951,add_to_cart,1116.0,2025-07-20 03:51:00
3513,951,checkout,1116.0,2025-07-20 03:53:00
3514,951,purchase,1116.0,2025-07-20 03:54:00
3515,1277,visit,,2025-09-23 02:49:00
3516,1277,product_view,1062.0,2025-09-23 02:50:00
3517,1277,add_to_cart,1062.0,2025-09-23 02:54:00
3518,1277,checkout,1062.0,2025-09-23 02:56:00
3519,684,visit,,2025-07-16 09:15:00
3520,684,product_view,1048.0,2025-07-16 09:19:00
3521,812,visit,,2025-07-28 12:27:00
3522,812,product_view,1076.0,2025-07-28 12:30:00
3523,812,add_to_cart,1076.0,2025-07-28 12:32:00
3524,812,checkout,1076.0,2025-07-28 12:35:00
3525,812,purchase,1076.0,2025-07-28 12:37:00
3526,207,visit,,2025-07-11 23:00:00
3527,207,product_view,1011.0,2025-07-11 23:04:00
3528,207,add_to_cart,1011.0,2025-07-11 23:05:00
3529,1429,visit,,2025-07-20 01:00:00
3530,1429,product_view,1083.0,2025-07-20 01:01:00
3531,1429,add_to_cart,1083.0,2025-07-20 01:04:00
3532,1434,visit,,2025-09-24 18:05:00
3533,1434,product_view,1046.0,2025-09-24 18:08:00
3534,1434,add_to_cart,1046.0,2025-09-24 18:09:00
3535,169,visit,,2025-09-17 00:52:00
3536,349,visit,,2025-08-20 15:06:00
3537,349,product_view,1115.0,2025-08-20 15:09:00
3538,1078,visit,,2025-09-17 09:08:00
3539,1078,product_view,1010.0,2025-09-17 09:13:00
3540,323,visit,,2025-09-28 16:06:00
3541,323,product_view,1083.0,2025-09-28 16:08:00
3542,66,visit,,2025-08-13 21:10:00
3543,66,product_view,1051.0,2025-08-13 21:14:00
3544,66,add_to_cart,1051.0,2025-08-13 21:17:00
3545,66,checkout,1051.0,2025-08-13 21:20:00
3546,857,visit,,2025-07-31 09:42:00
3547,857,product_view,1104.0,2025-07-31 09:44:00
3548,857,add_to_cart,1104.0,2025-07-31 09:46:00
3549,857,checkout,1104.0,2025-07-31 09:47:00
3550,857,purchase,1104.0,2025-07-31 09:48:00
3551,221,visit,,2025-07-17 04:46:00
3552,221,product_view,1058.0,2025-07-17 04:49:00
3553,1187,visit,,2025-08-31 13:26:00
3554,1187,product_view,1031.0,2025-08-31 13:31:00
3555,620,visit,,2025-09-29 06:57:00
3556,620,product_view,1120.0,2025-09-29 06:58:00
3557,620,add_to_cart,1120.0,2025-09-29 07:02:00
3558,620,checkout,1120.0,2025-09-29 07:03:00
3559,620,purchase,1120.0,2025-09-29 07:05:00
3560,383,visit,,2025-09-02 14:42:00
3561,1453,visit,,2025-08-11 14:08:00
3562,1453,product_view,1111.0,2025-08-11 14:12:00
3563,1161,visit,,2025-09-28 05:00:00
3564,337,visit,,2025-08-23 02:31:00
3565,686,visit,,2025-07-06 04:15:00
3566,686,product_view,1019.0,2025-07-06 04:19:00
3567,415,visit,,2025-07-24 13:02:00
3568,415,product_view,1093.0,2025-07-24 13:05:00
3569,1260,visit,,2025-08-13 00:06:00
3570,1260,product_view,1048.0,2025-08-13 00:11:00
3571,1260,add_to_cart,1048.0,2025-08-13 00:13:00
3572,1260,checkout,1048.0,2025-08-13 00:16:00
3573,1035,visit,,2025-09-06 12:56:00
3574,1035,product_view,1036.0,2025-09-06 13:01:00
3575,1254,visit,,2025-08-25 23:51:00
3576,1254,product_view,1026.0,2025-08-25 23:56:00
3577,1254,add_to_cart,1026.0,2025-08-26 00:00:00
3578,1254,checkout,1026.0,2025-08-26 00:02:00
3579,1254,purchase,1026.0,2025-08-26 00:05:00
3580,129,visit,,2025-08-23 14:58:00
3581,1172,visit,,2025-08-10 18:14:00
3582,1172,product_view,1030.0,2025-08-10 18:17:00
3583,80,visit,,2025-07-30 21:57:00
3584,80,product_view,1105.0,2025-07-30 22:01:00
3585,80,add_to_cart,1105.0,2025-07-30 22:03:00
3586,80,checkout,1105.0,2025-07-30 22:05:00
3587,80,purchase,1105.0,2025-07-30 22:06:00
3588,98,visit,,2025-08-05 17:52:00
3589,854,visit,,2025-09-03 23:50:00
3590,854,product_view,1003.0,2025-09-03 23:53:00
3591,1359,visit,,2025-09-02 18:13:00
3592,1359,product_view,1007.0,2025-09-02 18:18:00
3593,1359,add_to_cart,1007.0,2025-09-02 18:19:00
3594,797,visit,,2025-08-12 05:34:00
3595,797,product_view,1072.0,2025-08-12 05:35:00
3596,164,visit,,2025-09-21 07:30:00
3597,164,product_view,1043.0,2025-09-21 07:32:00
3598,1498,visit,,2025-07-22 21:18:00
3599,1498,product_view,1034.0,2025-07-22 21:22:00
3600,1498,add_to_cart,1034.0,2025-07-22 21:26:00
3601,1498,checkout,1034.0,2025-07-22 21:27:00
3602,1498,purchase,1034.0,2025-07-22 21:29:00
3603,1111,visit,,2025-09-09 20:04:00
3604,1111,product_view,1089.0,2025-09-09 20:06:00
3605,7,visit,,2025-07-09 08:11:00
3606,7,product_view,1031.0,2025-07-09 08:15:00
3607,7,add_to_cart,1031.0,2025-07-09 08:19:00
3608,7,checkout,1031.0,2025-07-09 08:21:00
3609,7,purchase,1031.0,2025-07-09 08:23:00
3610,730,visit,,2025-07-12 11:11:00
3611,730,product_view,1101.0,2025-07-12 11:13:00
3612,730,add_to_cart,1101.0,2025-07-12 11:16:00
3613,1271,visit,,2025-07-12 02:10:00
3614,1271,product_view,1103.0,2025-07-12 02:12:00
3615,1271,add_to_cart,1103.0,2025-07-12 02:14:00
3616,1271,checkout,1103.0,2025-07-12 02:17:00
3617,1271,purchase,1103.0,2025-07-12 02:19:00
3618,886,visit,,2025-09-04 12:13:00
3619,886,product_view,1014.0,2025-09-04 12:18:00
3620,1201,visit,,2025-09-28 02:47:00
3621,1201,product_view,1096.0,2025-09-28 02:51:00
3622,938,visit,,2025-08-11 20:23:00
3623,938,product_view,1050.0,2025-08-11 20:24:00
3624,938,add_to_cart,1050.0,2025-08-11 20:26:00
3625,938,checkout,1050.0,2025-08-11 20:28:00
3626,938,purchase,1050.0,2025-08-11 20:31:00
3627,1329,visit,,2025-08-23 23:53:00
3628,1329,product_view,1044.0,2025-08-23 23:56:00
3629,175,visit,,2025-07-13 19:33:00
3630,175,product_view,1018.0,2025-07-13 19:34:00
3631,970,visit,,2025-09-09 17:46:00
3632,970,product_view,1064.0,2025-09-09 17:47:00
3633,67,visit,,2025-09-20 10:15:00
3634,67,product_view,1101.0,2025-09-20 10:19:00
3635,67,add_to_cart,1101.0,2025-09-20 10:20:00
3636,67,checkout,1101.0,2025-09-20 10:22:00
3637,67,purchase,1101.0,2025-09-20 10:23:00
3638,529,visit,,2025-08-18 04:17:00
3639,529,product_view,1105.0,2025-08-18 04:21:00
3640,1088,visit,,2025-07-10 15:19:00
3641,1088,product_view,1047.0,2025-07-10 15:23:00
3642,1088,add_to_cart,1047.0,2025-07-10 15:26:00
3643,1088,checkout,1047.0,2025-07-10 15:29:00
3644,1088,purchase,1047.0,2025-07-10 15:30:00
3645,1235,visit,,2025-07-13 11:07:00
3646,1235,product_view,1077.0,2025-07-13 11:10:00
3647,652,visit,,2025-07-16 05:36:00
3648,652,product_view,1114.0,2025-07-16 05:37:00
3649,652,add_to_cart,1114.0,2025-07-16 05:40:00
3650,652,checkout,1114.0,2025-07-16 05:43:00
3651,164,visit,,2025-09-09 18:55:00
3652,164,product_view,1104.0,2025-09-09 18:58:00
3653,1348,visit,,2025-07-13 12:48:00
3654,639,visit,,2025-08-23 02:42:00
3655,639,product_view,1118.0,2025-08-23 02:43:00
3656,639,add_to_cart,1118.0,2025-08-23 02:44:00
3657,1205,visit,,2025-07-14 15:02:00
3658,1205,product_view,1001.0,2025-07-14 15:05:00
3659,1205,add_to_cart,1001.0,2025-07-14 15:06:00
3660,1205,checkout,1001.0,2025-07-14 15:09:00
3661,508,visit,,2025-08-12 05:11:00
3662,508,product_view,1011.0,2025-08-12 05:16:00
3663,213,visit,,2025-07-03 15:13:00
3664,213,product_view,1081.0,2025-07-03 15:15:00
3665,213,add_to_cart,1081.0,2025-07-03 15:17:00
3666,11,visit,,2025-09-05 08:36:00
3667,11,product_view,1088.0,2025-09-05 08:38:00
3668,11,add_to_cart,1088.0,2025-09-05 08:40:00
3669,11,checkout,1088.0,2025-09-05 08:41:00
3670,11,purchase,1088.0,2025-09-05 08:43:00
3671,1081,visit,,2025-08-14 04:25:00
3672,843,visit,,2025-09-13 09:17:00
3673,843,product_view,1117.0,2025-09-13 09:18:00
3674,523,visit,,2025-09-16 15:00:00
3675,831,visit,,2025-07-25 23:16:00
3676,831,product_view,1076.0,2025-07-25 23:21:00
3677,831,add_to_cart,1076.0,2025-07-25 23:22:00
3678,510,visit,,2025-07-06 07:15:00
3679,510,product_view,1017.0,2025-07-06 07:16:00
3680,273,visit,,2025-08-05 03:36:00
3681,273,product_view,1028.0,2025-08-05 03:38:00
3682,1426,visit,,2025-08-22 03:21:00
3683,1426,product_view,1002.0,2025-08-22 03:23:00
3684,1426,add_to_cart,1002.0,2025-08-22 03:24:00
3685,666,visit,,2025-08-18 21:33:00
3686,666,product_view,1053.0,2025-08-18 21:37:00
3687,1301,visit,,2025-07-27 12:22:00
3688,1301,product_view,1019.0,2025-07-27 12:24:00
3689,1301,add_to_cart,1019.0,2025-07-27 12:27:00
3690,1301,checkout,1019.0,2025-07-27 12:29:00
3691,1301,purchase,1019.0,2025-07-27 12:31:00
3692,126,visit,,2025-07-08 23:29:00
3693,126,product_view,1101.0,2025-07-08 23:31:00
3694,126,add_to_cart,1101.0,2025-07-08 23:34:00
3695,126,checkout,1101.0,2025-07-08 23:36:00
3696,126,purchase,1101.0,2025-07-08 23:37:00
3697,1085,visit,,2025-09-14 14:22:00
3698,1085,product_view,1009.0,2025-09-14 14:24:00
3699,1085,add_to_cart,1009.0,2025-09-14 14:27:00
3700,800,visit,,2025-07-21 15:14:00
3701,800,product_view,1035.0,2025-07-21 15:16:00
3702,800,add_to_cart,1035.0,2025-07-21 15:18:00
3703,800,checkout,1035.0,2025-07-21 15:20:00
3704,800,purchase,1035.0,2025-07-21 15:23:00
3705,1315,visit,,2025-07-19 03:17:00
3706,1315,product_view,1120.0,2025-07-19 03:22:00
3707,1315,add_to_cart,1120.0,2025-07-19 03:23:00
3708,1315,checkout,1120.0,2025-07-19 03:26:00
3709,1315,purchase,1120.0,2025-07-19 03:28:00
3710,827,visit,,2025-07-09 18:56:00
3711,827,product_view,1003.0,2025-07-09 18:59:00
3712,827,add_to_cart,1003.0,2025-07-09 19:01:00
3713,1369,visit,,2025-09-10 19:36:00
3714,1369,product_view,1120.0,2025-09-10 19:41:00
3715,1286,visit,,2025-09-06 00:09:00
3716,671,visit,,2025-09-27 17:26:00
3717,671,product_view,1099.0,2025-09-27 17:27:00
3718,671,add_to_cart,1099.0,2025-09-27 17:29:00
3719,671,checkout,1099.0,2025-09-27 17:31:00
3720,871,visit,,2025-09-28 08:37:00
3721,871,product_view,1033.0,2025-09-28 08:41:00
3722,1233,visit,,2025-09-11 11:06:00
3723,1233,product_view,1073.0,2025-09-11 11:11:00
3724,1233,add_to_cart,1073.0,2025-09-11 11:13:00
3725,1233,checkout,1073.0,2025-09-11 11:15:00
3726,1233,purchase,1073.0,2025-09-11 11:16:00
3727,683,visit,,2025-07-30 13:35:00
3728,683,product_view,1064.0,2025-07-30 13:36:00
3729,683,add_to_cart,1064.0,2025-07-30 13:38:00
3730,683,checkout,1064.0,2025-07-30 13:39:00
3731,683,purchase,1064.0,2025-07-30 13:41:00
3732,149,visit,,2025-09-26 17:28:00
3733,149,product_view,1014.0,2025-09-26 17:30:00
3734,448,visit,,2025-07-13 01:16:00
3735,448,product_view,1048.0,2025-07-13 01:21:00
3736,448,add_to_cart,1048.0,2025-07-13 01:24:00
3737,448,checkout,1048.0,2025-07-13 01:26:00
3738,192,visit,,2025-07-31 19:07:00
3739,192,product_view,1044.0,2025-07-31 19:10:00
3740,1100,visit,,2025-09-19 07:02:00
3741,1100,product_view,1096.0,2025-09-19 07:05:00
3742,1100,add_to_cart,1096.0,2025-09-19 07:06:00
3743,1003,visit,,2025-07-28 13:56:00
3744,1003,product_view,1105.0,2025-07-28 13:57:00
3745,1003,add_to_cart,1105.0,2025-07-28 13:59:00
3746,569,visit,,2025-08-24 22:22:00
3747,927,visit,,2025-09-28 05:01:00
3748,927,product_view,1072.0,2025-09-28 05:06:00
3749,927,add_to_cart,1072.0,2025-09-28 05:09:00
3750,927,checkout,1072.0,2025-09-28 05:10:00
3751,927,purchase,1072.0,2025-09-28 05:11:00
3752,368,visit,,2025-07-27 06:08:00
3753,368,product_view,1026.0,2025-07-27 06:09:00
3754,463,visit,,2025-07-18 01:07:00
3755,463,product_view,1080.0,2025-07-18 01:09:00
3756,463,add_to_cart,1080.0,2025-07-18 01:12:00
3757,885,visit,,2025-09-27 02:53:00
3758,971,visit,,2025-07-01 05:23:00
3759,971,product_view,1049.0,2025-07-01 05:25:00
3760,861,visit,,2025-07-11 05:13:00
3761,861,product_view,1014.0,2025-07-11 05:17:00
3762,861,add_to_cart,1014.0,2025-07-11 05:19:00
3763,341,visit,,2025-09-05 22:35:00
3764,1088,visit,,2025-09-14 18:21:00
3765,323,visit,,2025-09-15 17:42:00
3766,323,product_view,1107.0,2025-09-15 17:46:00
3767,323,add_to_cart,1107.0,2025-09-15 17:50:00
3768,323,checkout,1107.0,2025-09-15 17:52:00
3769,323,purchase,1107.0,2025-09-15 17:55:00
3770,402,visit,,2025-08-07 12:49:00
3771,402,product_view,1052.0,2025-08-07 12:50:00
3772,237,visit,,2025-09-27 04:57:00
3773,237,product_view,1102.0,2025-09-27 05:02:00
3774,232,visit,,2025-08-31 12:58:00
3775,232,product_view,1072.0,2025-08-31 13:00:00
3776,232,add_to_cart,1072.0,2025-08-31 13:02:00
3777,232,checkout,1072.0,2025-08-31 13:03:00
3778,493,visit,,2025-07-07 16:54:00
3779,493,product_view,1117.0,2025-07-07 16:55:00
3780,493,add_to_cart,1117.0,2025-07-07 16:56:00
3781,493,checkout,1117.0,2025-07-07 16:59:00
3782,493,purchase,1117.0,2025-07-07 17:01:00
3783,1125,visit,,2025-07-23 01:27:00
3784,1125,product_view,1018.0,2025-07-23 01:29:00
3785,1125,add_to_cart,1018.0,2025-07-23 01:31:00
3786,184,visit,,2025-07-19 19:28:00
3787,184,product_view,1067.0,2025-07-19 19:33:00
3788,184,add_to_cart,1067.0,2025-07-19 19:36:00
3789,184,checkout,1067.0,2025-07-19 19:39:00
3790,184,purchase,1067.0,2025-07-19 19:41:00
3791,68,visit,,2025-07-02 00:49:00
3792,68,product_view,1098.0,2025-07-02 00:50:00
3793,1481,visit,,2025-07-11 10:10:00
3794,1481,product_view,1004.0,2025-07-11 10:15:00
3795,1481,add_to_cart,1004.0,2025-07-11 10:17:00
3796,1481,checkout,1004.0,2025-07-11 10:18:00
3797,1481,purchase,1004.0,2025-07-11 10:21:00
3798,761,visit,,2025-09-19 23:38:00
3799,761,product_view,1008.0,2025-09-19 23:40:00
3800,641,visit,,2025-09-25 03:50:00
3801,1323,visit,,2025-08-07 08:10:00
3802,1323,product_view,1038.0,2025-08-07 08:12:00
3803,1181,visit,,2025-08-31 09:31:00
3804,1181,product_view,1070.0,2025-08-31 09:32:00
3805,1181,add_to_cart,1070.0,2025-08-31 09:35:00
3806,1181,checkout,1070.0,2025-08-31 09:36:00
3807,1181,purchase,1070.0,2025-08-31 09:38:00
3808,1039,visit,,2025-08-29 00:02:00
3809,1039,product_view,1056.0,2025-08-29 00:03:00
3810,504,visit,,2025-08-14 20:21:00
3811,504,product_view,1049.0,2025-08-14 20:26:00
3812,504,add_to_cart,1049.0,2025-08-14 20:28:00
3813,504,checkout,1049.0,2025-08-14 20:31:00
3814,504,purchase,1049.0,2025-08-14 20:33:00
3815,552,visit,,2025-07-30 10:23:00
3816,552,product_view,1066.0,2025-07-30 10:26:00
3817,552,add_to_cart,1066.0,2025-07-30 10:28:00
3818,769,visit,,2025-07-06 17:45:00
3819,769,product_view,1094.0,2025-07-06 17:49:00
3820,769,add_to_cart,1094.0,2025-07-06 17:51:00
3821,769,checkout,1094.0,2025-07-06 17:54:00
3822,1144,visit,,2025-09-18 11:50:00
3823,1279,visit,,2025-09-20 16:11:00
3824,1279,product_view,1100.0,2025-09-20 16:12:00
3825,1279,add_to_cart,1100.0,2025-09-20 16:13:00
3826,803,visit,,2025-09-06 03:56:00
3827,803,product_view,1033.0,2025-09-06 04:01:00
3828,536,visit,,2025-08-03 20:11:00
3829,536,product_view,1081.0,2025-08-03 20:15:00
3830,536,add_to_cart,1081.0,2025-08-03 20:17:00
3831,536,checkout,1081.0,2025-08-03 20:19:00
3832,385,visit,,2025-09-21 02:25:00
3833,385,product_view,1068.0,2025-09-21 02:27:00
3834,290,visit,,2025-08-21 19:43:00
3835,290,product_view,1090.0,2025-08-21 19:45:00
3836,290,add_to_cart,1090.0,2025-08-21 19:48:00
3837,290,checkout,1090.0,2025-08-21 19:49:00
3838,290,purchase,1090.0,2025-08-21 19:51:00
3839,268,visit,,2025-09-06 13:13:00
3840,268,product_view,1048.0,2025-09-06 13:16:00
3841,268,add_to_cart,1048.0,2025-09-06 13:17:00
3842,598,visit,,2025-08-19 05:22:00
3843,766,visit,,2025-08-07 01:11:00
3844,766,product_view,1097.0,2025-08-07 01:13:00
3845,756,visit,,2025-09-08 21:11:00
3846,756,product_view,1044.0,2025-09-08 21:12:00
3847,963,visit,,2025-08-09 13:50:00
3848,963,product_view,1049.0,2025-08-09 13:53:00
3849,963,add_to_cart,1049.0,2025-08-09 13:54:00
3850,1497,visit,,2025-08-17 07:35:00
3851,1497,product_view,1014.0,2025-08-17 07:40:00
3852,1497,add_to_cart,1014.0,2025-08-17 07:43:00
3853,1497,checkout,1014.0,2025-08-17 07:44:00
3854,1497,purchase,1014.0,2025-08-17 07:47:00
3855,1380,visit,,2025-08-13 01:18:00
3856,1380,product_view,1089.0,2025-08-13 01:19:00
3857,597,visit,,2025-07-27 06:13:00
3858,728,visit,,2025-09-06 08:37:00
3859,728,product_view,1025.0,2025-09-06 08:38:00
3860,728,add_to_cart,1025.0,2025-09-06 08:40:00
3861,210,visit,,2025-07-13 22:38:00
3862,210,product_view,1012.0,2025-07-13 22:42:00
3863,254,visit,,2025-07-07 19:12:00
3864,254,product_view,1070.0,2025-07-07 19:13:00
3865,406,visit,,2025-07-28 04:25:00
3866,406,product_view,1064.0,2025-07-28 04:27:00
3867,406,add_to_cart,1064.0,2025-07-28 04:31:00
3868,1482,visit,,2025-07-11 19:48:00
3869,1482,product_view,1010.0,2025-07-11 19:51:00
3870,196,visit,,2025-09-03 13:49:00
3871,196,product_view,1060.0,2025-09-03 13:54:00
3872,22,visit,,2025-07-24 06:52:00
3873,22,product_view,1117.0,2025-07-24 06:53:00
3874,686,visit,,2025-08-23 03:35:00
3875,686,product_view,1100.0,2025-08-23 03:40:00
3876,686,add_to_cart,1100.0,2025-08-23 03:41:00
3877,686,checkout,1100.0,2025-08-23 03:43:00
3878,686,purchase,1100.0,2025-08-23 03:46:00
3879,1019,visit,,2025-08-06 19:07:00
3880,851,visit,,2025-07-01 19:43:00
3881,851,product_view,1118.0,2025-07-01 19:46:00
3882,709,visit,,2025-07-08 02:19:00
3883,709,product_view,1018.0,2025-07-08 02:20:00
3884,1310,visit,,2025-09-12 09:06:00
3885,1310,product_view,1099.0,2025-09-12 09:08:00
3886,1310,add_to_cart,1099.0,2025-09-12 09:12:00
3887,1310,checkout,1099.0,2025-09-12 09:13:00
3888,1310,purchase,1099.0,2025-09-12 09:15:00
3889,350,visit,,2025-07-21 06:38:00
3890,350,product_view,1105.0,2025-07-21 06:40:00
3891,350,add_to_cart,1105.0,2025-07-21 06:44:00
3892,350,checkout,1105.0,2025-07-21 06:46:00
3893,350,purchase,1105.0,2025-07-21 06:47:00
3894,75,visit,,2025-08-07 04:33:00
3895,75,product_view,1090.0,2025-08-07 04:34:00
3896,1292,visit,,2025-08-13 07:31:00
3897,878,visit,,2025-07-06 16:44:00
3898,878,product_view,1056.0,2025-07-06 16:46:00
3899,878,add_to_cart,1056.0,2025-07-06 16:47:00
3900,396,visit,,2025-07-08 16:56:00
3901,396,product_view,1112.0,2025-07-08 17:00:00
3902,396,add_to_cart,1112.0,2025-07-08 17:01:00
3903,56,visit,,2025-07-20 21:29:00
3904,56,product_view,1050.0,2025-07-20 21:31:00
3905,56,add_to_cart,1050.0,2025-07-20 21:33:00
3906,521,visit,,2025-08-13 11:03:00
3907,521,product_view,1115.0,2025-08-13 11:08:00
3908,894,visit,,2025-07-14 15:40:00
3909,894,product_view,1074.0,2025-07-14 15:44:00
3910,1320,visit,,2025-07-19 19:13:00
3911,541,visit,,2025-07-06 03:15:00
3912,541,product_view,1038.0,2025-07-06 03:20:00
3913,541,add_to_cart,1038.0,2025-07-06 03:24:00
3914,702,visit,,2025-07-31 15:55:00
3915,702,product_view,1039.0,2025-07-31 16:00:00
3916,1083,visit,,2025-08-22 01:13:00
3917,1083,product_view,1018.0,2025-08-22 01:16:00
3918,255,visit,,2025-07-14 21:23:00
3919,255,product_view,1007.0,2025-07-14 21:24:00
3920,98,visit,,2025-08-17 18:37:00
3921,98,product_view,1065.0,2025-08-17 18:40:00
3922,98,add_to_cart,1065.0,2025-08-17 18:42:00
3923,1464,visit,,2025-08-02 18:51:00
3924,1464,product_view,1058.0,2025-08-02 18:56:00
3925,1278,visit,,2025-08-23 19:36:00
3926,1278,product_view,1081.0,2025-08-23 19:39:00
3927,1315,visit,,2025-09-15 23:46:00
3928,1315,product_view,1078.0,2025-09-15 23:50:00
3929,1315,add_to_cart,1078.0,2025-09-15 23:53:00
3930,1315,checkout,1078.0,2025-09-15 23:55:00
3931,1315,purchase,1078.0,2025-09-15 23:58:00
3932,509,visit,,2025-08-12 18:06:00
3933,509,product_view,1019.0,2025-08-12 18:11:00
3934,1167,visit,,2025-07-25 05:56:00
3935,1167,product_view,1080.0,2025-07-25 05:58:00
3936,457,visit,,2025-07-19 13:25:00
3937,457,product_view,1038.0,2025-07-19 13:26:00
3938,457,add_to_cart,1038.0,2025-07-19 13:27:00
3939,969,visit,,2025-08-20 20:07:00
3940,969,product_view,1020.0,2025-08-20 20:11:00
3941,63,visit,,2025-08-26 05:47:00
3942,63,product_view,1083.0,2025-08-26 05:52:00
3943,1484,visit,,2025-09-05 19:14:00
3944,1484,product_view,1030.0,2025-09-05 19:19:00
3945,1332,visit,,2025-09-05 04:42:00
3946,36,visit,,2025-08-06 00:57:00
3947,36,product_view,1108.0,2025-08-06 01:01:00
3948,242,visit,,2025-09-27 18:39:00
3949,242,product_view,1019.0,2025-09-27 18:40:00
3950,242,add_to_cart,1019.0,2025-09-27 18:42:00
3951,242,checkout,1019.0,2025-09-27 18:44:00
3952,242,purchase,1019.0,2025-09-27 18:45:00
3953,1354,visit,,2025-07-12 17:24:00
3954,1354,product_view,1035.0,2025-07-12 17:27:00
3955,1354,add_to_cart,1035.0,2025-07-12 17:28:00
3956,444,visit,,2025-09-10 15:51:00
3957,444,product_view,1002.0,2025-09-10 15:53:00
3958,1083,visit,,2025-09-12 10:59:00
3959,1083,product_view,1041.0,2025-09-12 11:02:00
3960,547,visit,,2025-09-08 04:15:00
3961,547,product_view,1052.0,2025-09-08 04:18:00
3962,557,visit,,2025-07-06 00:53:00
3963,980,visit,,2025-07-29 00:00:00
3964,980,product_view,1097.0,2025-07-29 00:05:00
3965,980,add_to_cart,1097.0,2025-07-29 00:09:00
3966,798,visit,,2025-07-08 03:53:00
3967,793,visit,,2025-07-26 02:05:00
3968,793,product_view,1065.0,2025-07-26 02:10:00
3969,793,add_to_cart,1065.0,2025-07-26 02:11:00
3970,793,checkout,1065.0,2025-07-26 02:12:00
3971,793,purchase,1065.0,2025-07-26 02:13:00
3972,1328,visit,,2025-07-11 09:40:00
3973,1328,product_view,1036.0,2025-07-11 09:43:00
3974,1328,add_to_cart,1036.0,2025-07-11 09:47:00
3975,1290,visit,,2025-07-26 18:28:00
3976,1290,product_view,1067.0,2025-07-26 18:30:00
3977,1290,add_to_cart,1067.0,2025-07-26 18:33:00
3978,1290,checkout,1067.0,2025-07-26 18:35:00
3979,1290,purchase,1067.0,2025-07-26 18:37:00
3980,907,visit,,2025-08-06 12:10:00
3981,907,product_view,1077.0,2025-08-06 12:14:00
3982,1487,visit,,2025-08-22 21:08:00
3983,1487,product_view,1052.0,2025-08-22 21:11:00
3984,1487,add_to_cart,1052.0,2025-08-22 21:12:00
3985,1008,visit,,2025-09-19 15:59:00
3986,1008,product_view,1093.0,2025-09-19 16:00:00
3987,1158,visit,,2025-09-16 02:49:00
3988,1158,product_view,1090.0,2025-09-16 02:50:00
3989,1158,add_to_cart,1090.0,2025-09-16 02:53:00
3990,1158,checkout,1090.0,2025-09-16 02:54:00
3991,1158,purchase,1090.0,2025-09-16 02:56:00
3992,183,visit,,2025-07-17 10:22:00
3993,183,product_view,1120.0,2025-07-17 10:24:00
3994,183,add_to_cart,1120.0,2025-07-17 10:28:00
3995,183,checkout,1120.0,2025-07-17 10:31:00
3996,951,visit,,2025-07-27 05:43:00
3997,951,product_view,1002.0,2025-07-27 05:48:00
3998,951,add_to_cart,1002.0,2025-07-27 05:52:00
3999,951,checkout,1002.0,2025-07-27 05:54:00
4000,951,purchase,1002.0,2025-07-27 05:57:00
4001,651,visit,,2025-08-29 15:34:00
4002,651,product_view,1017.0,2025-08-29 15:37:00
4003,651,add_to_cart,1017.0,2025-08-29 15:39:00
4004,651,checkout,1017.0,2025-08-29 15:40:00
4005,1117,visit,,2025-08-09 08:37:00
4006,1117,product_view,1038.0,2025-08-09 08:39:00
4007,662,visit,,2025-07-19 12:18:00
4008,662,product_view,1007.0,2025-07-19 12:19:00
4009,662,add_to_cart,1007.0,2025-07-19 12:22:00
4010,485,visit,,2025-07-27 21:16:00
4011,485,product_view,1058.0,2025-07-27 21:20:00
4012,485,add_to_cart,1058.0,2025-07-27 21:21:00
4013,949,visit,,2025-09-02 21:32:00
4014,949,product_view,1095.0,2025-09-02 21:34:00
4015,949,add_to_cart,1095.0,2025-09-02 21:36:00
4016,949,checkout,1095.0,2025-09-02 21:38:00
4017,1207,visit,,2025-07-24 03:40:00
4018,1207,product_view,1069.0,2025-07-24 03:45:00
4019,860,visit,,2025-09-12 17:21:00
4020,860,product_view,1022.0,2025-09-12 17:25:00
4021,1407,visit,,2025-08-26 07:48:00
4022,1407,product_view,1078.0,2025-08-26 07:50:00
4023,1105,visit,,2025-07-15 16:11:00
4024,1105,product_view,1032.0,2025-07-15 16:14:00
4025,1105,add_to_cart,1032.0,2025-07-15 16:17:00
4026,1105,checkout,1032.0,2025-07-15 16:19:00
4027,47,visit,,2025-09-28 18:34:00
4028,47,product_view,1064.0,2025-09-28 18:38:00
4029,47,add_to_cart,1064.0,2025-09-28 18:39:00
4030,47,checkout,1064.0,2025-09-28 18:42:00
4031,47,purchase,1064.0,2025-09-28 18:44:00
4032,830,visit,,2025-07-19 00:23:00
4033,830,product_view,1067.0,2025-07-19 00:27:00
4034,830,add_to_cart,1067.0,2025-07-19 00:28:00
4035,351,visit,,2025-07-29 20:22:00
4036,351,product_view,1024.0,2025-07-29 20:24:00
4037,351,add_to_cart,1024.0,2025-07-29 20:28:00
4038,1351,visit,,2025-07-02 10:34:00
4039,215,visit,,2025-08-03 12:36:00
4040,215,product_view,1088.0,2025-08-03 12:37:00
4041,215,add_to_cart,1088.0,2025-08-03 12:39:00
4042,215,checkout,1088.0,2025-08-03 12:42:00
4043,215,purchase,1088.0,2025-08-03 12:45:00
4044,936,visit,,2025-09-15 01:35:00
4045,936,product_view,1097.0,2025-09-15 01:38:00
4046,936,add_to_cart,1097.0,2025-09-15 01:41:00
4047,34,visit,,2025-07-17 01:54:00
4048,34,product_view,1021.0,2025-07-17 01:55:00
4049,1417,visit,,2025-07-30 21:53:00
4050,1417,product_view,1094.0,2025-07-30 21:58:00
4051,514,visit,,2025-08-07 20:08:00
4052,514,product_view,1065.0,2025-08-07 20:13:00
4053,514,add_to_cart,1065.0,2025-08-07 20:14:00
4054,514,checkout,1065.0,2025-08-07 20:16:00
4055,514,purchase,1065.0,2025-08-07 20:19:00
4056,1040,visit,,2025-07-05 22:41:00
4057,1040,product_view,1059.0,2025-07-05 22:44:00
4058,482,visit,,2025-09-08 12:28:00
4059,482,product_view,1115.0,2025-09-08 12:30:00
4060,482,add_to_cart,1115.0,2025-09-08 12:32:00
4061,482,checkout,1115.0,2025-09-08 12:35:00
4062,482,purchase,1115.0,2025-09-08 12:37:00
4063,1258,visit,,2025-09-19 21:29:00
4064,1258,product_view,1009.0,2025-09-19 21:34:00
4065,1258,add_to_cart,1009.0,2025-09-19 21:36:00
4066,1177,visit,,2025-08-25 16:31:00
4067,1177,product_view,1118.0,2025-08-25 16:33:00
4068,266,visit,,2025-09-05 18:12:00
4069,266,product_view,1041.0,2025-09-05 18:13:00
4070,1090,visit,,2025-09-26 16:00:00
4071,1090,product_view,1041.0,2025-09-26 16:02:00
4072,487,visit,,2025-07-07 22:17:00
4073,1359,visit,,2025-08-16 12:24:00
4074,1359,product_view,1115.0,2025-08-16 12:27:00
4075,1166,visit,,2025-07-04 21:07:00
4076,1166,product_view,1005.0,2025-07-04 21:12:00
4077,1166,add_to_cart,1005.0,2025-07-04 21:15:00
4078,550,visit,,2025-07-24 16:25:00
4079,550,product_view,1033.0,2025-07-24 16:29:00
4080,550,add_to_cart,1033.0,2025-07-24 16:32:00
4081,1253,visit,,2025-07-24 20:15:00
4082,1253,product_view,1038.0,2025-07-24 20:17:00
4083,1180,visit,,2025-08-04 12:53:00
4084,399,visit,,2025-09-12 03:21:00
4085,399,product_view,1070.0,2025-09-12 03:24:00
4086,399,add_to_cart,1070.0,2025-09-12 03:27:00
4087,399,checkout,1070.0,2025-09-12 03:29:00
4088,990,visit,,2025-08-13 12:10:00
4089,352,visit,,2025-09-14 07:55:00
4090,352,product_view,1052.0,2025-09-14 07:58:00
4091,352,add_to_cart,1052.0,2025-09-14 08:01:00
4092,352,checkout,1052.0,2025-09-14 08:04:00
4093,352,purchase,1052.0,2025-09-14 08:07:00
4094,757,visit,,2025-07-04 20:31:00
4095,757,product_view,1047.0,2025-07-04 20:35:00
4096,1145,visit,,2025-07-03 19:20:00
4097,1145,product_view,1042.0,2025-07-03 19:23:00
4098,460,visit,,2025-07-25 09:40:00
4099,460,product_view,1001.0,2025-07-25 09:45:00
4100,153,visit,,2025-07-15 15:38:00
4101,153,product_view,1119.0,2025-07-15 15:39:00
4102,153,add_to_cart,1119.0,2025-07-15 15:42:00
4103,153,checkout,1119.0,2025-07-15 15:44:00
4104,177,visit,,2025-08-16 06:25:00
4105,177,product_view,1108.0,2025-08-16 06:28:00
4106,177,add_to_cart,1108.0,2025-08-16 06:29:00
4107,177,checkout,1108.0,2025-08-16 06:31:00
4108,177,purchase,1108.0,2025-08-16 06:32:00
4109,356,visit,,2025-09-18 06:52:00
4110,356,product_view,1047.0,2025-09-18 06:57:00
4111,356,add_to_cart,1047.0,2025-09-18 07:01:00
4112,356,checkout,1047.0,2025-09-18 07:03:00
4113,356,purchase,1047.0,2025-09-18 07:06:00
4114,307,visit,,2025-09-21 03:18:00
4115,179,visit,,2025-08-15 05:29:00
4116,179,product_view,1005.0,2025-08-15 05:34:00
4117,250,visit,,2025-09-14 16:30:00
4118,250,product_view,1090.0,2025-09-14 16:35:00
4119,270,visit,,2025-08-31 00:17:00
4120,270,product_view,1097.0,2025-08-31 00:19:00
4121,1079,visit,,2025-08-14 12:10:00
4122,678,visit,,2025-08-24 13:03:00
4123,1196,visit,,2025-08-23 14:34:00
4124,1196,product_view,1065.0,2025-08-23 14:37:00
4125,284,visit,,2025-09-29 10:32:00
4126,284,product_view,1064.0,2025-09-29 10:35:00
4127,284,add_to_cart,1064.0,2025-09-29 10:38:00
4128,865,visit,,2025-08-10 22:53:00
4129,865,product_view,1047.0,2025-08-10 22:55:00
4130,865,add_to_cart,1047.0,2025-08-10 22:58:00
4131,244,visit,,2025-09-27 13:21:00
4132,244,product_view,1011.0,2025-09-27 13:22:00
4133,88,visit,,2025-08-09 11:40:00
4134,88,product_view,1020.0,2025-08-09 11:42:00
4135,88,add_to_cart,1020.0,2025-08-09 11:44:00
4136,88,checkout,1020.0,2025-08-09 11:45:00
4137,650,visit,,2025-07-27 00:20:00
4138,650,product_view,1009.0,2025-07-27 00:21:00
4139,650,add_to_cart,1009.0,2025-07-27 00:25:00
4140,650,checkout,1009.0,2025-07-27 00:26:00
4141,650,purchase,1009.0,2025-07-27 00:28:00
4142,583,visit,,2025-09-05 16:39:00
4143,583,product_view,1109.0,2025-09-05 16:44:00
4144,1468,visit,,2025-07-19 15:54:00
4145,1468,product_view,1063.0,2025-07-19 15:56:00
4146,1468,add_to_cart,1063.0,2025-07-19 16:00:00
4147,600,visit,,2025-08-22 04:47:00
4148,600,product_view,1083.0,2025-08-22 04:50:00
4149,1442,visit,,2025-08-17 09:13:00
4150,143,visit,,2025-07-28 05:45:00
4151,143,product_view,1068.0,2025-07-28 05:46:00
4152,390,visit,,2025-07-09 04:12:00
4153,390,product_view,1108.0,2025-07-09 04:13:00
4154,1279,visit,,2025-07-08 12:47:00
4155,1279,product_view,1012.0,2025-07-08 12:48:00
4156,1279,add_to_cart,1012.0,2025-07-08 12:52:00
4157,1279,checkout,1012.0,2025-07-08 12:53:00
4158,1279,purchase,1012.0,2025-07-08 12:56:00
4159,707,visit,,2025-09-07 05:49:00
4160,707,product_view,1004.0,2025-09-07 05:54:00
4161,1363,visit,,2025-07-23 05:57:00
4162,1363,product_view,1059.0,2025-07-23 06:01:00
4163,1363,add_to_cart,1059.0,2025-07-23 06:04:00
4164,1363,checkout,1059.0,2025-07-23 06:06:00
4165,1363,purchase,1059.0,2025-07-23 06:08:00
4166,1170,visit,,2025-08-11 04:39:00
4167,1170,product_view,1005.0,2025-08-11 04:43:00
4168,1170,add_to_cart,1005.0,2025-08-11 04:45:00
4169,804,visit,,2025-09-09 05:45:00
4170,804,product_view,1007.0,2025-09-09 05:46:00
4171,360,visit,,2025-08-28 21:13:00
4172,360,product_view,1009.0,2025-08-28 21:15:00
4173,1343,visit,,2025-07-24 00:20:00
4174,1343,product_view,1075.0,2025-07-24 00:22:00
4175,1161,visit,,2025-09-17 06:47:00
4176,1161,product_view,1117.0,2025-09-17 06:49:00
4177,875,visit,,2025-08-11 21:54:00
4178,875,product_view,1103.0,2025-08-11 21:57:00
4179,875,add_to_cart,1103.0,2025-08-11 21:59:00
4180,875,checkout,1103.0,2025-08-11 22:00:00
4181,875,purchase,1103.0,2025-08-11 22:02:00
4182,501,visit,,2025-09-12 17:13:00
4183,501,product_view,1102.0,2025-09-12 17:16:00
4184,501,add_to_cart,1102.0,2025-09-12 17:17:00
4185,501,checkout,1102.0,2025-09-12 17:20:00
4186,501,purchase,1102.0,2025-09-12 17:23:00
4187,449,visit,,2025-08-20 09:15:00
4188,1170,visit,,2025-08-03 08:36:00
4189,1170,product_view,1043.0,2025-08-03 08:40:00
4190,1485,visit,,2025-07-24 14:38:00
4191,1485,product_view,1015.0,2025-07-24 14:43:00
4192,1485,add_to_cart,1015.0,2025-07-24 14:45:00
4193,1485,checkout,1015.0,2025-07-24 14:47:00
4194,1485,purchase,1015.0,2025-07-24 14:48:00
4195,505,visit,,2025-09-15 14:48:00
4196,505,product_view,1086.0,2025-09-15 14:52:00
4197,439,visit,,2025-09-29 10:08:00
4198,439,product_view,1063.0,2025-09-29 10:13:00
4199,1063,visit,,2025-07-17 04:01:00
4200,1063,product_view,1032.0,2025-07-17 04:02:00
4201,1063,add_to_cart,1032.0,2025-07-17 04:05:00
4202,1063,checkout,1032.0,2025-07-17 04:08:00
4203,1123,visit,,2025-07-23 01:56:00
4204,1123,product_view,1025.0,2025-07-23 02:01:00
4205,1123,add_to_cart,1025.0,2025-07-23 02:05:00
4206,1123,checkout,1025.0,2025-07-23 02:08:00
4207,898,visit,,2025-09-26 06:44:00
4208,898,product_view,1045.0,2025-09-26 06:47:00
4209,732,visit,,2025-07-31 20:34:00
4210,732,product_view,1024.0,2025-07-31 20:35:00
4211,83,visit,,2025-07-03 08:19:00
4212,83,product_view,1026.0,2025-07-03 08:23:00
4213,1173,visit,,2025-09-12 10:07:00
4214,1173,product_view,1110.0,2025-09-12 10:10:00
4215,334,visit,,2025-09-12 02:01:00
4216,334,product_view,1027.0,2025-09-12 02:06:00
4217,334,add_to_cart,1027.0,2025-09-12 02:09:00
4218,190,visit,,2025-07-26 15:17:00
4219,190,product_view,1039.0,2025-07-26 15:22:00
4220,190,add_to_cart,1039.0,2025-07-26 15:24:00
4221,1181,visit,,2025-08-30 02:13:00
4222,1181,product_view,1054.0,2025-08-30 02:17:00
4223,1181,add_to_cart,1054.0,2025-08-30 02:18:00
4224,1181,checkout,1054.0,2025-08-30 02:19:00
4225,1181,purchase,1054.0,2025-08-30 02:22:00
4226,237,visit,,2025-07-21 03:55:00
4227,237,product_view,1027.0,2025-07-21 03:59:00
4228,237,add_to_cart,1027.0,2025-07-21 04:01:00
4229,237,checkout,1027.0,2025-07-21 04:04:00
4230,1380,visit,,2025-07-15 03:24:00
4231,1380,product_view,1012.0,2025-07-15 03:26:00
4232,86,visit,,2025-09-18 23:02:00
4233,86,product_view,1016.0,2025-09-18 23:05:00
4234,1084,visit,,2025-08-26 07:12:00
4235,1495,visit,,2025-07-05 09:36:00
4236,1495,product_view,1028.0,2025-07-05 09:40:00
4237,1495,add_to_cart,1028.0,2025-07-05 09:41:00
4238,933,visit,,2025-09-24 09:49:00
4239,933,product_view,1084.0,2025-09-24 09:51:00
4240,578,visit,,2025-07-13 02:18:00
4241,578,product_view,1023.0,2025-07-13 02:23:00
4242,1281,visit,,2025-07-18 10:55:00
4243,1281,product_view,1068.0,2025-07-18 10:58:00
4244,308,visit,,2025-08-06 12:08:00
4245,308,product_view,1077.0,2025-08-06 12:13:00
4246,308,add_to_cart,1077.0,2025-08-06 12:16:00
4247,717,visit,,2025-08-18 02:51:00
4248,717,product_view,1093.0,2025-08-18 02:52:00
4249,440,visit,,2025-09-24 18:38:00
4250,440,product_view,1092.0,2025-09-24 18:43:00
4251,440,add_to_cart,1092.0,2025-09-24 18:44:00
4252,469,visit,,2025-07-16 04:17:00
4253,469,product_view,1059.0,2025-07-16 04:20:00
4254,469,add_to_cart,1059.0,2025-07-16 04:23:00
4255,469,checkout,1059.0,2025-07-16 04:24:00
4256,469,purchase,1059.0,2025-07-16 04:25:00
4257,154,visit,,2025-07-20 00:09:00
4258,111,visit,,2025-07-16 11:39:00
4259,111,product_view,1055.0,2025-07-16 11:41:00
4260,570,visit,,2025-07-22 19:39:00
4261,570,product_view,1008.0,2025-07-22 19:40:00
4262,570,add_to_cart,1008.0,2025-07-22 19:41:00
4263,570,checkout,1008.0,2025-07-22 19:42:00
4264,570,purchase,1008.0,2025-07-22 19:44:00
4265,1332,visit,,2025-07-14 10:20:00
4266,1332,product_view,1116.0,2025-07-14 10:22:00
4267,1402,visit,,2025-09-21 00:14:00
4268,1402,product_view,1081.0,2025-09-21 00:17:00
4269,1402,add_to_cart,1081.0,2025-09-21 00:18:00
4270,1402,checkout,1081.0,2025-09-21 00:21:00
4271,1402,purchase,1081.0,2025-09-21 00:23:00
4272,1156,visit,,2025-09-20 14:23:00
4273,1156,product_view,1118.0,2025-09-20 14:26:00
4274,760,visit,,2025-09-14 21:49:00
4275,762,visit,,2025-08-24 05:15:00
4276,762,product_view,1037.0,2025-08-24 05:16:00
4277,762,add_to_cart,1037.0,2025-08-24 05:19:00
4278,762,checkout,1037.0,2025-08-24 05:20:00
4279,762,purchase,1037.0,2025-08-24 05:23:00
4280,243,visit,,2025-09-04 03:02:00
4281,243,product_view,1103.0,2025-09-04 03:06:00
4282,206,visit,,2025-08-21 08:48:00
4283,1002,visit,,2025-08-24 16:02:00
4284,1002,product_view,1021.0,2025-08-24 16:07:00
4285,1002,add_to_cart,1021.0,2025-08-24 16:10:00
4286,1002,checkout,1021.0,2025-08-24 16:11:00
4287,1002,purchase,1021.0,2025-08-24 16:14:00
4288,702,visit,,2025-07-08 14:05:00
4289,702,product_view,1091.0,2025-07-08 14:06:00
4290,702,add_to_cart,1091.0,2025-07-08 14:07:00
4291,702,checkout,1091.0,2025-07-08 14:09:00
4292,681,visit,,2025-07-07 09:23:00
4293,565,visit,,2025-08-08 06:51:00
4294,565,product_view,1063.0,2025-08-08 06:52:00
4295,51,visit,,2025-09-11 13:11:00
4296,51,product_view,1003.0,2025-09-11 13:16:00
4297,916,visit,,2025-09-29 13:38:00
4298,916,product_view,1055.0,2025-09-29 13:39:00
4299,916,add_to_cart,1055.0,2025-09-29 13:40:00
4300,916,checkout,1055.0,2025-09-29 13:43:00
4301,411,visit,,2025-08-21 05:52:00
4302,411,product_view,1078.0,2025-08-21 05:56:00
4303,896,visit,,2025-08-20 13:52:00
4304,896,product_view,1114.0,2025-08-20 13:55:00
4305,1075,visit,,2025-07-18 22:54:00
4306,1075,product_view,1031.0,2025-07-18 22:55:00
4307,1075,add_to_cart,1031.0,2025-07-18 22:58:00
4308,1075,checkout,1031.0,2025-07-18 23:00:00
4309,1075,purchase,1031.0,2025-07-18 23:02:00
4310,1207,visit,,2025-07-09 03:03:00
4311,1207,product_view,1004.0,2025-07-09 03:07:00
4312,255,visit,,2025-08-02 01:01:00
4313,255,product_view,1117.0,2025-08-02 01:04:00
4314,1114,visit,,2025-09-09 02:52:00
4315,1114,product_view,1099.0,2025-09-09 02:55:00
4316,646,visit,,2025-09-24 22:04:00
4317,646,product_view,1032.0,2025-09-24 22:06:00
4318,646,add_to_cart,1032.0,2025-09-24 22:07:00
4319,610,visit,,2025-09-15 15:59:00
4320,1242,visit,,2025-09-02 20:14:00
4321,1242,product_view,1068.0,2025-09-02 20:16:00
4322,1242,add_to_cart,1068.0,2025-09-02 20:20:00
4323,850,visit,,2025-09-16 17:47:00
4324,850,product_view,1049.0,2025-09-16 17:51:00
4325,204,visit,,2025-07-28 15:18:00
4326,994,visit,,2025-09-12 08:15:00
4327,994,product_view,1062.0,2025-09-12 08:17:00
4328,895,visit,,2025-07-27 23:44:00
4329,1372,visit,,2025-09-15 09:37:00
4330,1372,product_view,1076.0,2025-09-15 09:38:00
4331,914,visit,,2025-07-02 02:45:00
4332,914,product_view,1104.0,2025-07-02 02:48:00
4333,914,add_to_cart,1104.0,2025-07-02 02:52:00
4334,1353,visit,,2025-07-04 06:29:00
4335,1353,product_view,1018.0,2025-07-04 06:33:00
4336,1108,visit,,2025-07-22 03:05:00
4337,1108,product_view,1109.0,2025-07-22 03:07:00
4338,1351,visit,,2025-09-19 21:40:00
4339,1351,product_view,1004.0,2025-09-19 21:45:00
4340,172,visit,,2025-08-17 21:44:00
4341,172,product_view,1031.0,2025-08-17 21:49:00
4342,172,add_to_cart,1031.0,2025-08-17 21:53:00
4343,230,visit,,2025-08-26 00:46:00
4344,230,product_view,1011.0,2025-08-26 00:51:00
4345,594,visit,,2025-09-23 16:01:00
4346,594,product_view,1119.0,2025-09-23 16:02:00
4347,818,visit,,2025-08-03 09:34:00
4348,818,product_view,1115.0,2025-08-03 09:35:00
4349,818,add_to_cart,1115.0,2025-08-03 09:38:00
4350,818,checkout,1115.0,2025-08-03 09:41:00
4351,1170,visit,,2025-09-03 11:28:00
4352,1105,visit,,2025-07-08 00:16:00
4353,1105,product_view,1023.0,2025-07-08 00:20:00
4354,1105,add_to_cart,1023.0,2025-07-08 00:24:00
4355,369,visit,,2025-07-25 12:36:00
4356,369,product_view,1108.0,2025-07-25 12:41:00
4357,369,add_to_cart,1108.0,2025-07-25 12:42:00
4358,1047,visit,,2025-09-02 21:52:00
4359,1047,product_view,1115.0,2025-09-02 21:54:00
4360,868,visit,,2025-09-03 04:29:00
4361,868,product_view,1072.0,2025-09-03 04:33:00
4362,1373,visit,,2025-08-31 21:40:00
4363,1373,product_view,1120.0,2025-08-31 21:41:00
4364,470,visit,,2025-07-16 08:57:00
4365,470,product_view,1092.0,2025-07-16 09:02:00
4366,470,add_to_cart,1092.0,2025-07-16 09:05:00
4367,470,checkout,1092.0,2025-07-16 09:07:00
4368,1316,visit,,2025-07-23 15:18:00
4369,1316,product_view,1032.0,2025-07-23 15:23:00
4370,683,visit,,2025-08-18 11:06:00
4371,683,product_view,1093.0,2025-08-18 11:10:00
4372,1349,visit,,2025-09-21 12:11:00
4373,1349,product_view,1086.0,2025-09-21 12:12:00
4374,864,visit,,2025-09-20 09:53:00
4375,864,product_view,1090.0,2025-09-20 09:57:00
4376,864,add_to_cart,1090.0,2025-09-20 10:00:00
4377,880,visit,,2025-08-04 14:32:00
4378,880,product_view,1004.0,2025-08-04 14:33:00
4379,880,add_to_cart,1004.0,2025-08-04 14:35:00
4380,880,checkout,1004.0,2025-08-04 14:36:00
4381,880,purchase,1004.0,2025-08-04 14:37:00
4382,1188,visit,,2025-08-01 20:26:00
4383,1188,product_view,1098.0,2025-08-01 20:31:00
4384,1188,add_to_cart,1098.0,2025-08-01 20:33:00
4385,1188,checkout,1098.0,2025-08-01 20:35:00
4386,1188,purchase,1098.0,2025-08-01 20:38:00
4387,1258,visit,,2025-08-25 04:16:00
4388,1258,product_view,1006.0,2025-08-25 04:18:00
4389,1080,visit,,2025-09-16 18:04:00
4390,1080,product_view,1057.0,2025-09-16 18:09:00
4391,183,visit,,2025-07-10 06:53:00
4392,183,product_view,1039.0,2025-07-10 06:55:00
4393,183,add_to_cart,1039.0,2025-07-10 06:57:00
4394,419,visit,,2025-08-22 03:14:00
4395,419,product_view,1092.0,2025-08-22 03:18:00
4396,700,visit,,2025-08-01 01:58:00
4397,700,product_view,1024.0,2025-08-01 02:03:00
4398,700,add_to_cart,1024.0,2025-08-01 02:07:00
4399,700,checkout,1024.0,2025-08-01 02:10:00
4400,700,purchase,1024.0,2025-08-01 02:11:00
4401,571,visit,,2025-08-08 15:09:00
4402,571,product_view,1097.0,2025-08-08 15:14:00
4403,571,add_to_cart,1097.0,2025-08-08 15:17:00
4404,396,visit,,2025-08-07 08:01:00
4405,396,product_view,1090.0,2025-08-07 08:05:00
4406,396,add_to_cart,1090.0,2025-08-07 08:06:00
4407,396,checkout,1090.0,2025-08-07 08:09:00
4408,396,purchase,1090.0,2025-08-07 08:12:00
4409,1057,visit,,2025-09-28 08:38:00
4410,1057,product_view,1017.0,2025-09-28 08:43:00
4411,1120,visit,,2025-07-01 12:29:00
4412,1120,product_view,1070.0,2025-07-01 12:31:00
4413,1120,add_to_cart,1070.0,2025-07-01 12:32:00
4414,1120,checkout,1070.0,2025-07-01 12:34:00
4415,1120,purchase,1070.0,2025-07-01 12:35:00
4416,669,visit,,2025-07-24 12:40:00
4417,669,product_view,1080.0,2025-07-24 12:43:00
4418,669,add_to_cart,1080.0,2025-07-24 12:45:00
4419,1192,visit,,2025-09-28 19:35:00
4420,1192,product_view,1051.0,2025-09-28 19:40:00
4421,1192,add_to_cart,1051.0,2025-09-28 19:43:00
4422,185,visit,,2025-08-13 18:16:00
4423,1352,visit,,2025-07-15 03:39:00
4424,1352,product_view,1007.0,2025-07-15 03:44:00
4425,120,visit,,2025-09-26 15:23:00
4426,120,product_view,1109.0,2025-09-26 15:27:00
4427,92,visit,,2025-07-15 02:30:00
4428,92,product_view,1045.0,2025-07-15 02:31:00
4429,92,add_to_cart,1045.0,2025-07-15 02:35:00
4430,92,checkout,1045.0,2025-07-15 02:37:00
4431,92,purchase,1045.0,2025-07-15 02:40:00
4432,258,visit,,2025-09-04 18:16:00
4433,258,product_view,1013.0,2025-09-04 18:21:00
4434,258,add_to_cart,1013.0,2025-09-04 18:25:00
4435,258,checkout,1013.0,2025-09-04 18:26:00
4436,258,purchase,1013.0,2025-09-04 18:29:00
4437,617,visit,,2025-07-18 09:33:00
4438,513,visit,,2025-07-07 09:58:00
4439,513,product_view,1023.0,2025-07-07 10:02:00
4440,562,visit,,2025-09-10 19:27:00
4441,562,product_view,1101.0,2025-09-10 19:31:00
4442,562,add_to_cart,1101.0,2025-09-10 19:35:00
4443,562,checkout,1101.0,2025-09-10 19:36:00
4444,637,visit,,2025-08-24 11:31:00
4445,637,product_view,1041.0,2025-08-24 11:34:00
4446,637,add_to_cart,1041.0,2025-08-24 11:35:00
4447,637,checkout,1041.0,2025-08-24 11:37:00
4448,453,visit,,2025-09-03 19:01:00
4449,453,product_view,1025.0,2025-09-03 19:03:00
4450,757,visit,,2025-08-21 12:50:00
4451,757,product_view,1034.0,2025-08-21 12:52:00
4452,690,visit,,2025-08-07 01:06:00
4453,690,product_view,1090.0,2025-08-07 01:09:00
4454,711,visit,,2025-07-07 00:44:00
4455,872,visit,,2025-07-24 03:11:00
4456,872,product_view,1021.0,2025-07-24 03:13:00
4457,926,visit,,2025-08-31 22:42:00
4458,926,product_view,1055.0,2025-08-31 22:46:00
4459,926,add_to_cart,1055.0,2025-08-31 22:49:00
4460,926,checkout,1055.0,2025-08-31 22:51:00
4461,926,purchase,1055.0,2025-08-31 22:52:00
4462,576,visit,,2025-07-13 02:23:00
4463,1031,visit,,2025-08-02 17:51:00
4464,1031,product_view,1105.0,2025-08-02 17:55:00
4465,13,visit,,2025-09-07 00:06:00
4466,13,product_view,1098.0,2025-09-07 00:11:00
4467,986,visit,,2025-09-02 17:08:00
4468,986,product_view,1092.0,2025-09-02 17:09:00
4469,986,add_to_cart,1092.0,2025-09-02 17:12:00
4470,986,checkout,1092.0,2025-09-02 17:13:00
4471,560,visit,,2025-07-18 22:26:00
4472,560,product_view,1058.0,2025-07-18 22:28:00
4473,871,visit,,2025-07-19 23:07:00
4474,110,visit,,2025-09-06 08:14:00
4475,110,product_view,1027.0,2025-09-06 08:18:00
4476,110,add_to_cart,1027.0,2025-09-06 08:22:00
4477,110,checkout,1027.0,2025-09-06 08:25:00
4478,1091,visit,,2025-08-29 17:22:00
4479,1302,visit,,2025-08-17 08:32:00
4480,1302,product_view,1022.0,2025-08-17 08:34:00
4481,1302,add_to_cart,1022.0,2025-08-17 08:36:00
4482,1302,checkout,1022.0,2025-08-17 08:38:00
4483,1302,purchase,1022.0,2025-08-17 08:40:00
4484,65,visit,,2025-08-24 08:19:00
4485,65,product_view,1087.0,2025-08-24 08:22:00
4486,694,visit,,2025-07-19 06:54:00
4487,229,visit,,2025-07-25 04:59:00
4488,229,product_view,1018.0,2025-07-25 05:03:00
4489,229,add_to_cart,1018.0,2025-07-25 05:07:00
4490,1272,visit,,2025-07-11 14:28:00
4491,816,visit,,2025-07-27 07:42:00
4492,816,product_view,1098.0,2025-07-27 07:44:00
4493,816,add_to_cart,1098.0,2025-07-27 07:45:00
4494,816,checkout,1098.0,2025-07-27 07:48:00
4495,816,purchase,1098.0,2025-07-27 07:51:00
4496,150,visit,,2025-08-30 11:45:00
4497,150,product_view,1115.0,2025-08-30 11:50:00
4498,150,add_to_cart,1115.0,2025-08-30 11:51:00
4499,150,checkout,1115.0,2025-08-30 11:53:00
4500,86,visit,,2025-08-12 22:40:00
4501,86,product_view,1033.0,2025-08-12 22:44:00
4502,471,visit,,2025-09-08 16:53:00
4503,471,product_view,1042.0,2025-09-08 16:58:00
4504,678,visit,,2025-07-30 09:00:00
4505,678,product_view,1109.0,2025-07-30 09:01:00
4506,678,add_to_cart,1109.0,2025-07-30 09:05:00
4507,678,checkout,1109.0,2025-07-30 09:08:00
4508,678,purchase,1109.0,2025-07-30 09:09:00
4509,708,visit,,2025-08-05 08:16:00
4510,737,visit,,2025-08-03 13:03:00
4511,737,product_view,1034.0,2025-08-03 13:05:00
4512,741,visit,,2025-07-09 15:38:00
4513,741,product_view,1089.0,2025-07-09 15:42:00
4514,1132,visit,,2025-07-02 20:43:00
4515,1132,product_view,1014.0,2025-07-02 20:46:00
4516,1132,add_to_cart,1014.0,2025-07-02 20:47:00
4517,1132,checkout,1014.0,2025-07-02 20:49:00
4518,1050,visit,,2025-08-02 17:47:00
4519,1050,product_view,1085.0,2025-08-02 17:52:00
4520,872,visit,,2025-09-06 16:49:00
4521,872,product_view,1076.0,2025-09-06 16:54:00
4522,872,add_to_cart,1076.0,2025-09-06 16:57:00
4523,872,checkout,1076.0,2025-09-06 17:00:00
4524,872,purchase,1076.0,2025-09-06 17:02:00
4525,562,visit,,2025-08-27 21:08:00
4526,562,product_view,1108.0,2025-08-27 21:10:00
4527,562,add_to_cart,1108.0,2025-08-27 21:11:00
4528,1226,visit,,2025-08-18 22:16:00
4529,1226,product_view,1070.0,2025-08-18 22:18:00
4530,1141,visit,,2025-07-29 18:28:00
4531,1141,product_view,1084.0,2025-07-29 18:30:00
4532,1141,add_to_cart,1084.0,2025-07-29 18:31:00
4533,1141,checkout,1084.0,2025-07-29 18:32:00
4534,1351,visit,,2025-09-02 00:25:00
4535,322,visit,,2025-09-11 06:11:00
4536,322,product_view,1113.0,2025-09-11 06:16:00
4537,1458,visit,,2025-09-10 06:10:00
4538,1458,product_view,1074.0,2025-09-10 06:11:00
4539,31,visit,,2025-07-30 05:56:00
4540,31,product_view,1024.0,2025-07-30 05:57:00
4541,791,visit,,2025-08-25 12:07:00
4542,791,product_view,1060.0,2025-08-25 12:08:00
4543,791,add_to_cart,1060.0,2025-08-25 12:12:00
4544,250,visit,,2025-09-09 02:52:00
4545,250,product_view,1002.0,2025-09-09 02:55:00
4546,250,add_to_cart,1002.0,2025-09-09 02:56:00
4547,250,checkout,1002.0,2025-09-09 02:59:00
4548,250,purchase,1002.0,2025-09-09 03:02:00
4549,654,visit,,2025-08-01 20:05:00
4550,654,product_view,1084.0,2025-08-01 20:06:00
4551,566,visit,,2025-09-09 20:08:00
4552,566,product_view,1054.0,2025-09-09 20:11:00
4553,566,add_to_cart,1054.0,2025-09-09 20:14:00
4554,201,visit,,2025-07-01 06:46:00
4555,201,product_view,1005.0,2025-07-01 06:47:00
4556,201,add_to_cart,1005.0,2025-07-01 06:51:00
4557,8,visit,,2025-08-05 10:47:00
4558,8,product_view,1048.0,2025-08-05 10:51:00
4559,679,visit,,2025-09-27 01:27:00
4560,679,product_view,1003.0,2025-09-27 01:31:00
4561,679,add_to_cart,1003.0,2025-09-27 01:32:00
4562,679,checkout,1003.0,2025-09-27 01:35:00
4563,679,purchase,1003.0,2025-09-27 01:37:00
4564,178,visit,,2025-07-12 22:53:00
4565,461,visit,,2025-07-01 14:34:00
4566,461,product_view,1037.0,2025-07-01 14:38:00
4567,1212,visit,,2025-09-18 15:02:00
4568,1212,product_view,1035.0,2025-09-18 15:03:00
4569,1212,add_to_cart,1035.0,2025-09-18 15:05:00
4570,1212,checkout,1035.0,2025-09-18 15:08:00
4571,1212,purchase,1035.0,2025-09-18 15:11:00
4572,774,visit,,2025-09-11 18:39:00
4573,774,product_view,1069.0,2025-09-11 18:43:00
4574,32,visit,,2025-07-30 17:27:00
4575,32,product_view,1068.0,2025-07-30 17:32:00
4576,1159,visit,,2025-08-30 16:43:00
4577,1159,product_view,1016.0,2025-08-30 16:47:00
4578,149,visit,,2025-07-04 11:51:00
4579,149,product_view,1047.0,2025-07-04 11:53:00
4580,149,add_to_cart,1047.0,2025-07-04 11:54:00
4581,149,checkout,1047.0,2025-07-04 11:56:00
4582,149,purchase,1047.0,2025-07-04 11:59:00
4583,260,visit,,2025-07-12 04:27:00
4584,735,visit,,2025-09-19 16:36:00
4585,735,product_view,1059.0,2025-09-19 16:38:00
4586,735,add_to_cart,1059.0,2025-09-19 16:41:00
4587,1134,visit,,2025-07-01 18:23:00
4588,150,visit,,2025-08-29 11:21:00
4589,150,product_view,1101.0,2025-08-29 11:22:00
4590,150,add_to_cart,1101.0,2025-08-29 11:26:00
4591,150,checkout,1101.0,2025-08-29 11:27:00
4592,150,purchase,1101.0,2025-08-29 11:28:00
4593,608,visit,,2025-09-16 05:50:00
4594,608,product_view,1050.0,2025-09-16 05:55:00
4595,1321,visit,,2025-07-19 08:05:00
4596,1321,product_view,1071.0,2025-07-19 08:10:00
4597,1321,add_to_cart,1071.0,2025-07-19 08:12:00
4598,1321,checkout,1071.0,2025-07-19 08:13:00
4599,1321,purchase,1071.0,2025-07-19 08:16:00
4600,685,visit,,2025-09-14 02:28:00
4601,685,product_view,1066.0,2025-09-14 02:31:00
4602,751,visit,,2025-07-17 03:52:00
4603,751,product_view,1035.0,2025-07-17 03:55:00
4604,751,add_to_cart,1035.0,2025-07-17 03:56:00
4605,751,checkout,1035.0,2025-07-17 03:59:00
4606,751,purchase,1035.0,2025-07-17 04:02:00
4607,259,visit,,2025-08-16 15:53:00
4608,259,product_view,1109.0,2025-08-16 15:58:00
4609,259,add_to_cart,1109.0,2025-08-16 15:59:00
4610,259,checkout,1109.0,2025-08-16 16:01:00
4611,259,purchase,1109.0,2025-08-16 16:04:00
4612,840,visit,,2025-07-07 14:10:00
4613,840,product_view,1036.0,2025-07-07 14:12:00
4614,840,add_to_cart,1036.0,2025-07-07 14:16:00
4615,1031,visit,,2025-09-10 19:20:00
4616,574,visit,,2025-07-08 02:31:00
4617,574,product_view,1001.0,2025-07-08 02:36:00
4618,574,add_to_cart,1001.0,2025-07-08 02:39:00
4619,493,visit,,2025-07-18 13:04:00
4620,493,product_view,1012.0,2025-07-18 13:09:00
4621,765,visit,,2025-08-31 02:03:00
4622,765,product_view,1001.0,2025-08-31 02:08:00
4623,121,visit,,2025-07-15 18:23:00
4624,1251,visit,,2025-08-29 03:52:00
4625,1251,product_view,1023.0,2025-08-29 03:55:00
4626,1251,add_to_cart,1023.0,2025-08-29 03:56:00
4627,90,visit,,2025-08-16 07:52:00
4628,903,visit,,2025-09-11 04:12:00
4629,903,product_view,1007.0,2025-09-11 04:16:00
4630,903,add_to_cart,1007.0,2025-09-11 04:20:00
4631,903,checkout,1007.0,2025-09-11 04:23:00
4632,903,purchase,1007.0,2025-09-11 04:25:00
4633,1435,visit,,2025-09-22 02:56:00
4634,1435,product_view,1107.0,2025-09-22 02:59:00
4635,671,visit,,2025-08-07 07:51:00
4636,671,product_view,1090.0,2025-08-07 07:56:00
4637,671,add_to_cart,1090.0,2025-08-07 08:00:00
4638,671,checkout,1090.0,2025-08-07 08:03:00
4639,671,purchase,1090.0,2025-08-07 08:05:00
4640,270,visit,,2025-08-02 08:30:00
4641,270,product_view,1077.0,2025-08-02 08:34:00
4642,181,visit,,2025-09-04 04:30:00
4643,181,product_view,1080.0,2025-09-04 04:33:00
4644,170,visit,,2025-07-10 01:16:00
4645,170,product_view,1028.0,2025-07-10 01:18:00
4646,170,add_to_cart,1028.0,2025-07-10 01:22:00
4647,170,checkout,1028.0,2025-07-10 01:23:00
4648,170,purchase,1028.0,2025-07-10 01:25:00
4649,1492,visit,,2025-08-26 08:33:00
4650,1492,product_view,1047.0,2025-08-26 08:35:00
4651,1492,add_to_cart,1047.0,2025-08-26 08:37:00
4652,1492,checkout,1047.0,2025-08-26 08:38:00
4653,1492,purchase,1047.0,2025-08-26 08:40:00
4654,892,visit,,2025-08-24 14:12:00
4655,892,product_view,1005.0,2025-08-24 14:14:00
4656,515,visit,,2025-08-08 17:32:00
4657,515,product_view,1115.0,2025-08-08 17:35:00
4658,652,visit,,2025-07-30 12:58:00
4659,1292,visit,,2025-08-08 12:58:00
4660,1292,product_view,1109.0,2025-08-08 12:59:00
4661,1292,add_to_cart,1109.0,2025-08-08 13:00:00
4662,1292,checkout,1109.0,2025-08-08 13:02:00
4663,1444,visit,,2025-08-20 11:28:00
4664,1444,product_view,1007.0,2025-08-20 11:31:00
4665,1444,add_to_cart,1007.0,2025-08-20 11:35:00
4666,1444,checkout,1007.0,2025-08-20 11:38:00
4667,1444,purchase,1007.0,2025-08-20 11:39:00
4668,70,visit,,2025-08-12 10:06:00
4669,70,product_view,1070.0,2025-08-12 10:09:00
4670,1365,visit,,2025-07-14 07:06:00
4671,206,visit,,2025-09-03 12:06:00
4672,206,product_view,1060.0,2025-09-03 12:07:00
4673,206,add_to_cart,1060.0,2025-09-03 12:10:00
4674,912,visit,,2025-08-19 01:43:00
4675,912,product_view,1088.0,2025-08-19 01:45:00
4676,832,visit,,2025-09-18 11:58:00
4677,832,product_view,1092.0,2025-09-18 12:01:00
4678,171,visit,,2025-07-23 00:57:00
4679,171,product_view,1088.0,2025-07-23 00:59:00
4680,171,add_to_cart,1088.0,2025-07-23 01:02:00
4681,1159,visit,,2025-07-08 00:10:00
4682,1433,visit,,2025-07-07 02:20:00
4683,1433,product_view,1118.0,2025-07-07 02:22:00
4684,375,visit,,2025-08-14 20:43:00
4685,375,product_view,1117.0,2025-08-14 20:46:00
4686,375,add_to_cart,1117.0,2025-08-14 20:49:00
4687,375,checkout,1117.0,2025-08-14 20:51:00
4688,375,purchase,1117.0,2025-08-14 20:53:00
4689,908,visit,,2025-07-25 04:29:00
4690,908,product_view,1091.0,2025-07-25 04:30:00
4691,1451,visit,,2025-09-14 21:23:00
4692,1451,product_view,1096.0,2025-09-14 21:25:00
4693,135,visit,,2025-07-02 12:18:00
4694,1274,visit,,2025-08-08 23:00:00
4695,1274,product_view,1028.0,2025-08-08 23:05:00
4696,1274,add_to_cart,1028.0,2025-08-08 23:08:00
4697,1274,checkout,1028.0,2025-08-08 23:09:00
4698,878,visit,,2025-09-03 19:44:00
4699,583,visit,,2025-07-10 17:19:00
4700,583,product_view,1009.0,2025-07-10 17:20:00
4701,1340,visit,,2025-09-17 19:57:00
4702,1340,product_view,1044.0,2025-09-17 20:02:00
4703,1340,add_to_cart,1044.0,2025-09-17 20:04:00
4704,1405,visit,,2025-08-13 04:02:00
4705,1405,product_view,1073.0,2025-08-13 04:03:00
4706,1405,add_to_cart,1073.0,2025-08-13 04:07:00
4707,1167,visit,,2025-07-02 20:01:00
4708,1167,product_view,1074.0,2025-07-02 20:05:00
4709,1122,visit,,2025-07-10 17:24:00
4710,1122,product_view,1008.0,2025-07-10 17:28:00
4711,1122,add_to_cart,1008.0,2025-07-10 17:30:00
4712,1026,visit,,2025-09-27 21:08:00
4713,1026,product_view,1035.0,2025-09-27 21:10:00
4714,1168,visit,,2025-08-06 09:37:00
4715,1168,product_view,1109.0,2025-08-06 09:40:00
4716,43,visit,,2025-08-20 15:29:00
4717,43,product_view,1001.0,2025-08-20 15:31:00
4718,43,add_to_cart,1001.0,2025-08-20 15:32:00
4719,43,checkout,1001.0,2025-08-20 15:35:00
4720,43,purchase,1001.0,2025-08-20 15:36:00
4721,1011,visit,,2025-08-18 10:16:00
4722,1011,product_view,1028.0,2025-08-18 10:20:00
4723,1011,add_to_cart,1028.0,2025-08-18 10:21:00
4724,1011,checkout,1028.0,2025-08-18 10:23:00
4725,1011,purchase,1028.0,2025-08-18 10:24:00
4726,383,visit,,2025-09-12 22:49:00
4727,383,product_view,1085.0,2025-09-12 22:51:00
4728,383,add_to_cart,1085.0,2025-09-12 22:52:00
4729,383,checkout,1085.0,2025-09-12 22:55:00
4730,1171,visit,,2025-09-21 13:53:00
4731,1171,product_view,1006.0,2025-09-21 13:56:00
4732,1171,add_to_cart,1006.0,2025-09-21 14:00:00
4733,1171,checkout,1006.0,2025-09-21 14:01:00
4734,1171,purchase,1006.0,2025-09-21 14:02:00
4735,787,visit,,2025-08-26 07:50:00
4736,787,product_view,1051.0,2025-08-26 07:51:00
4737,787,add_to_cart,1051.0,2025-08-26 07:54:00
4738,935,visit,,2025-09-11 17:50:00
4739,924,visit,,2025-09-11 05:05:00
4740,924,product_view,1042.0,2025-09-11 05:10:00
4741,639,visit,,2025-08-20 01:14:00
4742,493,visit,,2025-09-24 05:51:00
4743,493,product_view,1054.0,2025-09-24 05:53:00
4744,493,add_to_cart,1054.0,2025-09-24 05:56:00
4745,493,checkout,1054.0,2025-09-24 05:57:00
4746,493,purchase,1054.0,2025-09-24 05:59:00
4747,1424,visit,,2025-07-17 00:58:00
4748,1424,product_view,1077.0,2025-07-17 00:59:00
4749,332,visit,,2025-09-09 00:11:00
4750,332,product_view,1029.0,2025-09-09 00:13:00
4751,332,add_to_cart,1029.0,2025-09-09 00:15:00
4752,332,checkout,1029.0,2025-09-09 00:18:00
4753,1070,visit,,2025-09-01 23:00:00
4754,1070,product_view,1074.0,2025-09-01 23:05:00
4755,1070,add_to_cart,1074.0,2025-09-01 23:06:00
4756,1031,visit,,2025-07-28 17:23:00
4757,1031,product_view,1056.0,2025-07-28 17:28:00
4758,1031,add_to_cart,1056.0,2025-07-28 17:31:00
4759,1031,checkout,1056.0,2025-07-28 17:33:00
4760,1031,purchase,1056.0,2025-07-28 17:35:00
4761,1442,visit,,2025-07-13 12:35:00
4762,1442,product_view,1089.0,2025-07-13 12:36:00
4763,696,visit,,2025-07-31 15:34:00
4764,696,product_view,1118.0,2025-07-31 15:39:00
4765,138,visit,,2025-08-18 19:09:00
4766,138,product_view,1071.0,2025-08-18 19:14:00
4767,138,add_to_cart,1071.0,2025-08-18 19:16:00
4768,566,visit,,2025-08-09 01:42:00
4769,566,product_view,1043.0,2025-08-09 01:47:00
4770,566,add_to_cart,1043.0,2025-08-09 01:51:00
4771,566,checkout,1043.0,2025-08-09 01:52:00
4772,566,purchase,1043.0,2025-08-09 01:53:00
4773,604,visit,,2025-07-17 20:59:00
4774,604,product_view,1069.0,2025-07-17 21:01:00
4775,604,add_to_cart,1069.0,2025-07-17 21:03:00
4776,604,checkout,1069.0,2025-07-17 21:04:00
4777,604,purchase,1069.0,2025-07-17 21:06:00
4778,1342,visit,,2025-07-17 23:55:00
4779,1342,product_view,1028.0,2025-07-17 23:56:00
4780,1342,add_to_cart,1028.0,2025-07-17 23:59:00
4781,1342,checkout,1028.0,2025-07-18 00:02:00
4782,1342,purchase,1028.0,2025-07-18 00:03:00
4783,260,visit,,2025-09-19 23:00:00
4784,260,product_view,1095.0,2025-09-19 23:02:00
4785,568,visit,,2025-09-28 04:14:00
4786,268,visit,,2025-08-26 15:22:00
4787,261,visit,,2025-07-14 07:23:00
4788,261,product_view,1090.0,2025-07-14 07:24:00
4789,268,visit,,2025-07-12 13:21:00
4790,834,visit,,2025-08-20 06:00:00
4791,834,product_view,1033.0,2025-08-20 06:01:00
4792,834,add_to_cart,1033.0,2025-08-20 06:03:00
4793,902,visit,,2025-08-28 11:25:00
4794,197,visit,,2025-09-07 07:08:00
4795,197,product_view,1079.0,2025-09-07 07:09:00
4796,1226,visit,,2025-08-23 21:56:00
4797,1226,product_view,1012.0,2025-08-23 21:57:00
4798,1226,add_to_cart,1012.0,2025-08-23 22:01:00
4799,84,visit,,2025-07-21 18:47:00
4800,447,visit,,2025-07-04 08:15:00
4801,447,product_view,1016.0,2025-07-04 08:20:00
4802,137,visit,,2025-08-19 12:10:00
4803,137,product_view,1080.0,2025-08-19 12:11:00
4804,416,visit,,2025-08-23 15:00:00
4805,416,product_view,1016.0,2025-08-23 15:03:00
4806,416,add_to_cart,1016.0,2025-08-23 15:06:00
4807,856,visit,,2025-08-20 14:48:00
4808,84,visit,,2025-07-30 22:25:00
4809,173,visit,,2025-09-04 12:23:00
4810,173,product_view,1074.0,2025-09-04 12:26:00
4811,522,visit,,2025-09-22 01:28:00
4812,802,visit,,2025-09-26 09:38:00
4813,802,product_view,1026.0,2025-09-26 09:40:00
4814,705,visit,,2025-08-08 20:38:00
4815,705,product_view,1002.0,2025-08-08 20:42:00
4816,705,add_to_cart,1002.0,2025-08-08 20:44:00
4817,705,checkout,1002.0,2025-08-08 20:46:00
4818,241,visit,,2025-08-07 04:16:00
4819,241,product_view,1012.0,2025-08-07 04:20:00
4820,704,visit,,2025-09-10 22:20:00
4821,704,product_view,1084.0,2025-09-10 22:22:00
4822,704,add_to_cart,1084.0,2025-09-10 22:23:00
4823,704,checkout,1084.0,2025-09-10 22:25:00
4824,1217,visit,,2025-09-18 03:47:00
4825,1217,product_view,1088.0,2025-09-18 03:51:00
4826,1217,add_to_cart,1088.0,2025-09-18 03:53:00
4827,1457,visit,,2025-09-23 19:36:00
4828,1457,product_view,1011.0,2025-09-23 19:39:00
4829,1457,add_to_cart,1011.0,2025-09-23 19:42:00
4830,275,visit,,2025-08-06 14:11:00
4831,1366,visit,,2025-08-16 17:15:00
4832,1366,product_view,1008.0,2025-08-16 17:18:00
4833,72,visit,,2025-09-27 07:04:00
4834,72,product_view,1104.0,2025-09-27 07:07:00
4835,1084,visit,,2025-08-21 00:23:00
4836,547,visit,,2025-08-29 23:24:00
4837,1155,visit,,2025-08-04 15:21:00
4838,1155,product_view,1087.0,2025-08-04 15:25:00
4839,1476,visit,,2025-08-04 23:49:00
4840,1302,visit,,2025-07-26 11:15:00
4841,1302,product_view,1043.0,2025-07-26 11:20:00
4842,1302,add_to_cart,1043.0,2025-07-26 11:23:00
4843,1302,checkout,1043.0,2025-07-26 11:26:00
4844,1302,purchase,1043.0,2025-07-26 11:29:00
4845,131,visit,,2025-07-27 08:08:00
4846,131,product_view,1056.0,2025-07-27 08:11:00
4847,131,add_to_cart,1056.0,2025-07-27 08:12:00
4848,131,checkout,1056.0,2025-07-27 08:13:00
4849,131,purchase,1056.0,2025-07-27 08:16:00
4850,1041,visit,,2025-08-13 05:48:00
4851,1041,product_view,1012.0,2025-08-13 05:50:00
4852,1041,add_to_cart,1012.0,2025-08-13 05:53:00
4853,1041,checkout,1012.0,2025-08-13 05:55:00
4854,1041,purchase,1012.0,2025-08-13 05:57:00
4855,232,visit,,2025-07-31 00:29:00
4856,566,visit,,2025-07-31 11:49:00
4857,566,product_view,1018.0,2025-07-31 11:50:00
4858,566,add_to_cart,1018.0,2025-07-31 11:54:00
4859,566,checkout,1018.0,2025-07-31 11:56:00
4860,566,purchase,1018.0,2025-07-31 11:59:00
4861,1333,visit,,2025-09-13 06:15:00
4862,1333,product_view,1070.0,2025-09-13 06:17:00
4863,239,visit,,2025-08-10 09:13:00
4864,239,product_view,1039.0,2025-08-10 09:14:00
4865,239,add_to_cart,1039.0,2025-08-10 09:18:00
4866,239,checkout,1039.0,2025-08-10 09:20:00
4867,239,purchase,1039.0,2025-08-10 09:23:00
4868,62,visit,,2025-09-21 21:46:00
4869,62,product_view,1069.0,2025-09-21 21:51:00
4870,343,visit,,2025-07-16 02:23:00
4871,343,product_view,1019.0,2025-07-16 02:27:00
4872,343,add_to_cart,1019.0,2025-07-16 02:30:00
4873,343,checkout,1019.0,2025-07-16 02:31:00
4874,343,purchase,1019.0,2025-07-16 02:34:00
4875,361,visit,,2025-09-03 14:16:00
4876,361,product_view,1056.0,2025-09-03 14:20:00
4877,361,add_to_cart,1056.0,2025-09-03 14:24:00
4878,361,checkout,1056.0,2025-09-03 14:25:00
4879,1386,visit,,2025-09-27 16:26:00
4880,1386,product_view,1004.0,2025-09-27 16:28:00
4881,1386,add_to_cart,1004.0,2025-09-27 16:32:00
4882,1386,checkout,1004.0,2025-09-27 16:33:00
4883,1386,purchase,1004.0,2025-09-27 16:35:00
4884,664,visit,,2025-07-25 06:29:00
4885,664,product_view,1053.0,2025-07-25 06:32:00
4886,1323,visit,,2025-07-06 20:44:00
4887,1323,product_view,1106.0,2025-07-06 20:46:00
4888,1100,visit,,2025-07-04 11:20:00
4889,1100,product_view,1009.0,2025-07-04 11:21:00
4890,1100,add_to_cart,1009.0,2025-07-04 11:23:00
4891,1100,checkout,1009.0,2025-07-04 11:26:00
4892,1100,purchase,1009.0,2025-07-04 11:27:00
4893,634,visit,,2025-08-10 14:42:00
4894,634,product_view,1024.0,2025-08-10 14:44:00
4895,634,add_to_cart,1024.0,2025-08-10 14:45:00
4896,634,checkout,1024.0,2025-08-10 14:46:00
4897,1418,visit,,2025-07-16 06:48:00
4898,1418,product_view,1102.0,2025-07-16 06:49:00
4899,1418,add_to_cart,1102.0,2025-07-16 06:51:00
4900,407,visit,,2025-07-26 12:39:00
4901,407,product_view,1016.0,2025-07-26 12:41:00
4902,407,add_to_cart,1016.0,2025-07-26 12:45:00
4903,407,checkout,1016.0,2025-07-26 12:48:00
4904,407,purchase,1016.0,2025-07-26 12:51:00
4905,1179,visit,,2025-09-19 15:50:00
4906,1179,product_view,1093.0,2025-09-19 15:52:00
4907,1261,visit,,2025-09-23 21:13:00
4908,304,visit,,2025-07-20 20:44:00
4909,304,product_view,1022.0,2025-07-20 20:48:00
4910,304,add_to_cart,1022.0,2025-07-20 20:50:00
4911,1236,visit,,2025-07-23 00:18:00
4912,1236,product_view,1078.0,2025-07-23 00:22:00
4913,455,visit,,2025-08-15 07:08:00
4914,455,product_view,1101.0,2025-08-15 07:12:00
4915,455,add_to_cart,1101.0,2025-08-15 07:15:00
4916,962,visit,,2025-07-12 01:35:00
4917,94,visit,,2025-07-24 12:38:00
4918,94,product_view,1066.0,2025-07-24 12:39:00
4919,325,visit,,2025-07-26 12:02:00
4920,325,product_view,1107.0,2025-07-26 12:06:00
4921,325,add_to_cart,1107.0,2025-07-26 12:10:00
4922,325,checkout,1107.0,2025-07-26 12:13:00
4923,1134,visit,,2025-09-10 21:35:00
4924,1134,product_view,1029.0,2025-09-10 21:37:00
4925,1010,visit,,2025-09-19 13:59:00
4926,1010,product_view,1086.0,2025-09-19 14:02:00
4927,1010,add_to_cart,1086.0,2025-09-19 14:05:00
4928,980,visit,,2025-08-11 14:48:00
4929,980,product_view,1026.0,2025-08-11 14:50:00
4930,980,add_to_cart,1026.0,2025-08-11 14:52:00
4931,313,visit,,2025-07-21 22:32:00
4932,313,product_view,1019.0,2025-07-21 22:33:00
4933,599,visit,,2025-07-20 11:35:00
4934,1160,visit,,2025-09-24 21:40:00
4935,366,visit,,2025-08-15 12:03:00
4936,366,product_view,1094.0,2025-08-15 12:08:00
4937,692,visit,,2025-08-17 20:03:00
4938,497,visit,,2025-09-20 23:30:00
4939,502,visit,,2025-09-21 03:34:00
4940,502,product_view,1009.0,2025-09-21 03:38:00
4941,1008,visit,,2025-07-14 07:00:00
4942,1008,product_view,1036.0,2025-07-14 07:03:00
4943,1008,add_to_cart,1036.0,2025-07-14 07:06:00
4944,1338,visit,,2025-08-11 04:00:00
4945,147,visit,,2025-08-19 05:25:00
4946,147,product_view,1029.0,2025-08-19 05:30:00
4947,1360,visit,,2025-07-30 18:53:00
4948,1360,product_view,1052.0,2025-07-30 18:56:00
4949,1360,add_to_cart,1052.0,2025-07-30 18:59:00
4950,976,visit,,2025-08-16 10:16:00
4951,976,product_view,1006.0,2025-08-16 10:18:00
4952,1352,visit,,2025-08-17 02:27:00
4953,549,visit,,2025-07-10 18:49:00
4954,701,visit,,2025-08-24 08:01:00
4955,701,product_view,1043.0,2025-08-24 08:02:00
4956,770,visit,,2025-07-28 18:20:00
4957,770,product_view,1076.0,2025-07-28 18:24:00
4958,770,add_to_cart,1076.0,2025-07-28 18:26:00
4959,770,checkout,1076.0,2025-07-28 18:27:00
4960,38,visit,,2025-07-22 13:10:00
4961,38,product_view,1033.0,2025-07-22 13:11:00
4962,1336,visit,,2025-07-13 04:46:00
4963,1336,product_view,1064.0,2025-07-13 04:48:00
4964,1336,add_to_cart,1064.0,2025-07-13 04:50:00
4965,1336,checkout,1064.0,2025-07-13 04:53:00
4966,1336,purchase,1064.0,2025-07-13 04:56:00
4967,948,visit,,2025-09-11 20:29:00
4968,948,product_view,1069.0,2025-09-11 20:34:00
4969,972,visit,,2025-07-10 05:27:00
4970,972,product_view,1028.0,2025-07-10 05:31:00
4971,972,add_to_cart,1028.0,2025-07-10 05:33:00
4972,972,checkout,1028.0,2025-07-10 05:36:00
4973,972,purchase,1028.0,2025-07-10 05:37:00
4974,695,visit,,2025-09-12 16:34:00
4975,695,product_view,1090.0,2025-09-12 16:39:00
4976,695,add_to_cart,1090.0,2025-09-12 16:41:00
4977,426,visit,,2025-09-26 18:57:00
4978,1420,visit,,2025-07-26 03:38:00
4979,1420,product_view,1040.0,2025-07-26 03:42:00
4980,1420,add_to_cart,1040.0,2025-07-26 03:44:00
4981,1420,checkout,1040.0,2025-07-26 03:47:00
4982,1420,purchase,1040.0,2025-07-26 03:50:00
4983,686,visit,,2025-07-30 03:09:00
4984,686,product_view,1024.0,2025-07-30 03:10:00
4985,721,visit,,2025-07-04 11:31:00
4986,721,product_view,1108.0,2025-07-04 11:34:00
4987,1154,visit,,2025-08-28 09:30:00
4988,1154,product_view,1082.0,2025-08-28 09:31:00
4989,1154,add_to_cart,1082.0,2025-08-28 09:35:00
4990,951,visit,,2025-08-09 09:34:00
4991,951,product_view,1051.0,2025-08-09 09:38:00
4992,951,add_to_cart,1051.0,2025-08-09 09:41:00
4993,951,checkout,1051.0,2025-08-09 09:44:00
4994,951,purchase,1051.0,2025-08-09 09:46:00
4995,860,visit,,2025-07-26 12:56:00
4996,860,product_view,1105.0,2025-07-26 12:57:00
4997,860,add_to_cart,1105.0,2025-07-26 13:00:00
4998,860,checkout,1105.0,2025-07-26 13:02:00
4999,860,purchase,1105.0,2025-07-26 13:04:00
5000,452,visit,,2025-07-26 01:37:00
5001,452,product_view,1061.0,2025-07-26 01:40:00
5002,1263,visit,,2025-08-29 14:05:00
5003,1263,product_view,1024.0,2025-08-29 14:10:00
5004,282,visit,,2025-09-28 12:14:00
5005,282,product_view,1073.0,2025-09-28 12:15:00
5006,1216,visit,,2025-07-02 05:23:00
5007,1216,product_view,1060.0,2025-07-02 05:25:00
5008,1216,add_to_cart,1060.0,2025-07-02 05:29:00
5009,1216,checkout,1060.0,2025-07-02 05:30:00
5010,1216,purchase,1060.0,2025-07-02 05:31:00
5011,644,visit,,2025-08-07 16:39:00
5012,644,product_view,1079.0,2025-08-07 16:44:00
5013,1253,visit,,2025-08-14 09:26:00
5014,1253,product_view,1051.0,2025-08-14 09:28:00
5015,1253,add_to_cart,1051.0,2025-08-14 09:31:00
5016,599,visit,,2025-07-29 09:45:00
5017,599,product_view,1096.0,2025-07-29 09:46:00
5018,626,visit,,2025-07-16 12:36:00
5019,1207,visit,,2025-09-16 07:53:00
5020,1207,product_view,1032.0,2025-09-16 07:56:00
5021,1207,add_to_cart,1032.0,2025-09-16 08:00:00
5022,1207,checkout,1032.0,2025-09-16 08:03:00
5023,840,visit,,2025-07-03 16:48:00
5024,840,product_view,1034.0,2025-07-03 16:53:00
5025,840,add_to_cart,1034.0,2025-07-03 16:55:00
5026,840,checkout,1034.0,2025-07-03 16:57:00
5027,840,purchase,1034.0,2025-07-03 16:58:00
5028,1481,visit,,2025-07-28 18:42:00
5029,1481,product_view,1062.0,2025-07-28 18:47:00
5030,553,visit,,2025-08-01 05:06:00
5031,1170,visit,,2025-07-17 01:44:00
5032,1170,product_view,1058.0,2025-07-17 01:48:00
5033,981,visit,,2025-08-08 16:22:00
5034,981,product_view,1042.0,2025-08-08 16:26:00
5035,981,add_to_cart,1042.0,2025-08-08 16:30:00
5036,271,visit,,2025-07-17 01:15:00
5037,271,product_view,1110.0,2025-07-17 01:18:00
5038,271,add_to_cart,1110.0,2025-07-17 01:22:00
5039,782,visit,,2025-07-09 04:46:00
5040,782,product_view,1119.0,2025-07-09 04:51:00
5041,782,add_to_cart,1119.0,2025-07-09 04:52:00
5042,782,checkout,1119.0,2025-07-09 04:55:00
5043,219,visit,,2025-07-15 06:46:00
5044,683,visit,,2025-08-20 11:33:00
5045,683,product_view,1110.0,2025-08-20 11:37:00
5046,683,add_to_cart,1110.0,2025-08-20 11:40:00
5047,683,checkout,1110.0,2025-08-20 11:42:00
5048,1138,visit,,2025-07-11 18:39:00
5049,1138,product_view,1056.0,2025-07-11 18:40:00
5050,1138,add_to_cart,1056.0,2025-07-11 18:43:00
5051,1138,checkout,1056.0,2025-07-11 18:44:00
5052,1138,purchase,1056.0,2025-07-11 18:46:00
5053,795,visit,,2025-07-11 02:14:00
5054,1128,visit,,2025-07-07 06:18:00
5055,391,visit,,2025-08-22 05:59:00
5056,391,product_view,1107.0,2025-08-22 06:01:00
5057,391,add_to_cart,1107.0,2025-08-22 06:03:00
5058,391,checkout,1107.0,2025-08-22 06:05:00
5059,391,purchase,1107.0,2025-08-22 06:07:00
5060,426,visit,,2025-07-14 00:19:00
5061,426,product_view,1084.0,2025-07-14 00:23:00
5062,852,visit,,2025-09-27 21:51:00
5063,852,product_view,1065.0,2025-09-27 21:56:00
5064,67,visit,,2025-09-22 10:45:00
5065,67,product_view,1071.0,2025-09-22 10:47:00
5066,575,visit,,2025-09-13 01:09:00
5067,1340,visit,,2025-09-21 21:31:00
5068,1340,product_view,1012.0,2025-09-21 21:34:00
5069,1340,add_to_cart,1012.0,2025-09-21 21:37:00
5070,1340,checkout,1012.0,2025-09-21 21:38:00
5071,1340,purchase,1012.0,2025-09-21 21:40:00
5072,318,visit,,2025-09-07 11:03:00
5073,318,product_view,1030.0,2025-09-07 11:08:00
5074,575,visit,,2025-08-20 10:11:00
5075,575,product_view,1055.0,2025-08-20 10:14:00
5076,327,visit,,2025-07-26 04:33:00
5077,1278,visit,,2025-07-30 00:08:00
5078,1278,product_view,1102.0,2025-07-30 00:11:00
5079,1278,add_to_cart,1102.0,2025-07-30 00:12:00
5080,1278,checkout,1102.0,2025-07-30 00:13:00
5081,1278,purchase,1102.0,2025-07-30 00:14:00
5082,520,visit,,2025-08-29 14:04:00
5083,520,product_view,1053.0,2025-08-29 14:05:00
5084,877,visit,,2025-08-28 11:59:00
5085,877,product_view,1101.0,2025-08-28 12:03:00
5086,291,visit,,2025-08-31 19:39:00
5087,291,product_view,1100.0,2025-08-31 19:42:00
5088,291,add_to_cart,1100.0,2025-08-31 19:43:00
5089,291,checkout,1100.0,2025-08-31 19:46:00
5090,291,purchase,1100.0,2025-08-31 19:47:00
5091,355,visit,,2025-07-30 23:37:00
5092,355,product_view,1117.0,2025-07-30 23:40:00
5093,350,visit,,2025-07-04 06:17:00
5094,350,product_view,1031.0,2025-07-04 06:19:00
5095,350,add_to_cart,1031.0,2025-07-04 06:22:00
5096,350,checkout,1031.0,2025-07-04 06:25:00
5097,34,visit,,2025-08-28 22:10:00
5098,1356,visit,,2025-07-17 09:03:00
5099,120,visit,,2025-08-22 08:42:00
5100,948,visit,,2025-07-14 15:41:00
5101,948,product_view,1094.0,2025-07-14 15:45:00
5102,948,add_to_cart,1094.0,2025-07-14 15:48:00
5103,948,checkout,1094.0,2025-07-14 15:51:00
5104,1231,visit,,2025-07-24 08:03:00
5105,1231,product_view,1120.0,2025-07-24 08:08:00
5106,1231,add_to_cart,1120.0,2025-07-24 08:12:00
5107,1231,checkout,1120.0,2025-07-24 08:15:00
5108,1231,purchase,1120.0,2025-07-24 08:16:00
5109,1036,visit,,2025-07-09 05:09:00
5110,1036,product_view,1112.0,2025-07-09 05:10:00
5111,1198,visit,,2025-09-27 10:24:00
5112,1198,product_view,1101.0,2025-09-27 10:29:00
5113,1198,add_to_cart,1101.0,2025-09-27 10:32:00
5114,1485,visit,,2025-07-19 07:31:00
5115,1485,product_view,1095.0,2025-07-19 07:33:00
5116,1485,add_to_cart,1095.0,2025-07-19 07:34:00
5117,205,visit,,2025-07-11 02:03:00
5118,205,product_view,1017.0,2025-07-11 02:07:00
5119,86,visit,,2025-09-28 11:44:00
5120,86,product_view,1031.0,2025-09-28 11:49:00
5121,86,add_to_cart,1031.0,2025-09-28 11:50:00
5122,86,checkout,1031.0,2025-09-28 11:51:00
5123,993,visit,,2025-09-27 01:51:00
5124,993,product_view,1038.0,2025-09-27 01:53:00
5125,722,visit,,2025-09-14 19:39:00
5126,722,product_view,1014.0,2025-09-14 19:42:00
5127,722,add_to_cart,1014.0,2025-09-14 19:45:00
5128,225,visit,,2025-07-14 05:11:00
5129,225,product_view,1064.0,2025-07-14 05:15:00
5130,522,visit,,2025-07-29 17:29:00
5131,522,product_view,1032.0,2025-07-29 17:30:00
5132,522,add_to_cart,1032.0,2025-07-29 17:33:00
5133,522,checkout,1032.0,2025-07-29 17:34:00
5134,522,purchase,1032.0,2025-07-29 17:36:00
5135,657,visit,,2025-08-03 18:56:00
5136,657,product_view,1088.0,2025-08-03 18:58:00
5137,4,visit,,2025-09-08 06:12:00
5138,603,visit,,2025-08-26 00:19:00
5139,603,product_view,1039.0,2025-08-26 00:24:00
5140,603,add_to_cart,1039.0,2025-08-26 00:27:00
5141,603,checkout,1039.0,2025-08-26 00:29:00
5142,603,purchase,1039.0,2025-08-26 00:30:00
5143,767,visit,,2025-09-26 12:49:00
5144,767,product_view,1079.0,2025-09-26 12:52:00
5145,767,add_to_cart,1079.0,2025-09-26 12:55:00
5146,767,checkout,1079.0,2025-09-26 12:58:00
5147,767,purchase,1079.0,2025-09-26 13:00:00
5148,1438,visit,,2025-07-24 12:27:00
5149,1438,product_view,1116.0,2025-07-24 12:29:00
5150,1438,add_to_cart,1116.0,2025-07-24 12:32:00
5151,1438,checkout,1116.0,2025-07-24 12:34:00
5152,1438,purchase,1116.0,2025-07-24 12:36:00
5153,654,visit,,2025-07-22 05:58:00
5154,654,product_view,1102.0,2025-07-22 06:00:00
5155,654,add_to_cart,1102.0,2025-07-22 06:01:00
5156,716,visit,,2025-07-11 04:51:00
5157,716,product_view,1070.0,2025-07-11 04:52:00
5158,1173,visit,,2025-07-21 04:37:00
5159,1173,product_view,1093.0,2025-07-21 04:38:00
5160,1173,add_to_cart,1093.0,2025-07-21 04:42:00
5161,1173,checkout,1093.0,2025-07-21 04:43:00
5162,1173,purchase,1093.0,2025-07-21 04:45:00
5163,1436,visit,,2025-08-21 07:27:00
5164,1436,product_view,1075.0,2025-08-21 07:29:00
5165,353,visit,,2025-09-18 23:18:00
5166,353,product_view,1106.0,2025-09-18 23:20:00
5167,353,add_to_cart,1106.0,2025-09-18 23:24:00
5168,353,checkout,1106.0,2025-09-18 23:27:00
5169,353,purchase,1106.0,2025-09-18 23:30:00
5170,1324,visit,,2025-09-09 10:06:00
5171,1324,product_view,1086.0,2025-09-09 10:07:00
5172,1324,add_to_cart,1086.0,2025-09-09 10:08:00
5173,1324,checkout,1086.0,2025-09-09 10:11:00
5174,1324,purchase,1086.0,2025-09-09 10:12:00
5175,322,visit,,2025-09-21 02:11:00
5176,194,visit,,2025-07-23 02:23:00
5177,194,product_view,1107.0,2025-07-23 02:28:00
5178,231,visit,,2025-08-17 17:09:00
5179,1113,visit,,2025-09-07 15:25:00
5180,1113,product_view,1054.0,2025-09-07 15:26:00
5181,1113,add_to_cart,1054.0,2025-09-07 15:27:00
5182,1113,checkout,1054.0,2025-09-07 15:29:00
5183,1113,purchase,1054.0,2025-09-07 15:30:00
5184,634,visit,,2025-07-18 21:00:00
5185,634,product_view,1040.0,2025-07-18 21:04:00
5186,634,add_to_cart,1040.0,2025-07-18 21:08:00
5187,634,checkout,1040.0,2025-07-18 21:11:00
5188,634,purchase,1040.0,2025-07-18 21:13:00
5189,671,visit,,2025-08-19 20:25:00
5190,671,product_view,1100.0,2025-08-19 20:29:00
5191,244,visit,,2025-08-25 23:08:00
5192,244,product_view,1077.0,2025-08-25 23:10:00
5193,244,add_to_cart,1077.0,2025-08-25 23:12:00
5194,894,visit,,2025-07-19 05:04:00
5195,894,product_view,1104.0,2025-07-19 05:05:00
5196,894,add_to_cart,1104.0,2025-07-19 05:06:00
5197,894,checkout,1104.0,2025-07-19 05:07:00
5198,894,purchase,1104.0,2025-07-19 05:10:00
5199,231,visit,,2025-09-01 16:58:00
5200,1434,visit,,2025-07-15 02:30:00
5201,915,visit,,2025-08-22 18:39:00
5202,915,product_view,1020.0,2025-08-22 18:44:00
5203,915,add_to_cart,1020.0,2025-08-22 18:45:00
5204,1053,visit,,2025-07-26 03:47:00
5205,1053,product_view,1090.0,2025-07-26 03:48:00
5206,1053,add_to_cart,1090.0,2025-07-26 03:52:00
5207,1053,checkout,1090.0,2025-07-26 03:53:00
5208,345,visit,,2025-07-01 01:00:00
5209,345,product_view,1091.0,2025-07-01 01:02:00
5210,1105,visit,,2025-07-25 17:25:00
5211,1105,product_view,1044.0,2025-07-25 17:26:00
5212,1105,add_to_cart,1044.0,2025-07-25 17:27:00
5213,1105,checkout,1044.0,2025-07-25 17:28:00
5214,1105,purchase,1044.0,2025-07-25 17:31:00
5215,1127,visit,,2025-07-01 11:35:00
5216,1127,product_view,1091.0,2025-07-01 11:39:00
5217,1262,visit,,2025-09-23 18:49:00
5218,1262,product_view,1022.0,2025-09-23 18:50:00
5219,1262,add_to_cart,1022.0,2025-09-23 18:54:00
5220,1262,checkout,1022.0,2025-09-23 18:56:00
5221,500,visit,,2025-07-30 05:54:00
5222,500,product_view,1110.0,2025-07-30 05:56:00
5223,1028,visit,,2025-08-19 21:50:00
5224,418,visit,,2025-08-31 13:57:00
5225,418,product_view,1028.0,2025-08-31 14:02:00
5226,418,add_to_cart,1028.0,2025-08-31 14:03:00
5227,1111,visit,,2025-08-21 05:25:00
5228,1111,product_view,1117.0,2025-08-21 05:27:00
5229,1111,add_to_cart,1117.0,2025-08-21 05:30:00
5230,223,visit,,2025-07-10 06:09:00
5231,223,product_view,1001.0,2025-07-10 06:11:00
5232,223,add_to_cart,1001.0,2025-07-10 06:13:00
5233,313,visit,,2025-09-25 17:54:00
5234,313,product_view,1013.0,2025-09-25 17:56:00
5235,313,add_to_cart,1013.0,2025-09-25 17:58:00
5236,313,checkout,1013.0,2025-09-25 18:01:00
5237,130,visit,,2025-08-31 10:45:00
5238,1435,visit,,2025-08-21 15:31:00
5239,1435,product_view,1003.0,2025-08-21 15:32:00
5240,1435,add_to_cart,1003.0,2025-08-21 15:35:00
5241,343,visit,,2025-09-20 17:33:00
5242,343,product_view,1001.0,2025-09-20 17:36:00
5243,343,add_to_cart,1001.0,2025-09-20 17:37:00
5244,343,checkout,1001.0,2025-09-20 17:39:00
5245,343,purchase,1001.0,2025-09-20 17:41:00
5246,944,visit,,2025-09-03 22:07:00
5247,944,product_view,1118.0,2025-09-03 22:12:00
5248,944,add_to_cart,1118.0,2025-09-03 22:14:00
5249,944,checkout,1118.0,2025-09-03 22:16:00
5250,944,purchase,1118.0,2025-09-03 22:18:00
5251,1384,visit,,2025-07-20 22:25:00
5252,1384,product_view,1003.0,2025-07-20 22:29:00
5253,1384,add_to_cart,1003.0,2025-07-20 22:31:00
5254,1384,checkout,1003.0,2025-07-20 22:33:00
5255,1384,purchase,1003.0,2025-07-20 22:34:00
5256,663,visit,,2025-07-27 09:39:00
5257,663,product_view,1058.0,2025-07-27 09:44:00
5258,333,visit,,2025-08-11 07:38:00
5259,333,product_view,1044.0,2025-08-11 07:42:00
5260,19,visit,,2025-08-26 23:19:00
5261,1187,visit,,2025-09-16 00:28:00
5262,1187,product_view,1111.0,2025-09-16 00:32:00
5263,1187,add_to_cart,1111.0,2025-09-16 00:36:00
5264,1187,checkout,1111.0,2025-09-16 00:38:00
5265,1187,purchase,1111.0,2025-09-16 00:40:00
5266,1268,visit,,2025-09-01 00:35:00
5267,1268,product_view,1051.0,2025-09-01 00:40:00
5268,1268,add_to_cart,1051.0,2025-09-01 00:44:00
5269,1268,checkout,1051.0,2025-09-01 00:46:00
5270,1268,purchase,1051.0,2025-09-01 00:49:00
5271,831,visit,,2025-07-10 16:12:00
5272,831,product_view,1036.0,2025-07-10 16:17:00
5273,231,visit,,2025-08-29 07:18:00
5274,231,product_view,1053.0,2025-08-29 07:23:00
5275,704,visit,,2025-08-21 23:37:00
5276,704,product_view,1027.0,2025-08-21 23:42:00
5277,704,add_to_cart,1027.0,2025-08-21 23:46:00
5278,704,checkout,1027.0,2025-08-21 23:49:00
5279,704,purchase,1027.0,2025-08-21 23:51:00
5280,648,visit,,2025-09-16 05:42:00
5281,648,product_view,1002.0,2025-09-16 05:46:00
5282,670,visit,,2025-07-16 01:10:00
5283,670,product_view,1022.0,2025-07-16 01:14:00
5284,670,add_to_cart,1022.0,2025-07-16 01:18:00
5285,670,checkout,1022.0,2025-07-16 01:21:00
5286,38,visit,,2025-09-08 05:17:00
5287,38,product_view,1108.0,2025-09-08 05:20:00
5288,38,add_to_cart,1108.0,2025-09-08 05:21:00
5289,2,visit,,2025-09-08 18:35:00
5290,2,product_view,1072.0,2025-09-08 18:36:00
5291,2,add_to_cart,1072.0,2025-09-08 18:39:00
5292,1108,visit,,2025-07-31 19:38:00
5293,1108,product_view,1071.0,2025-07-31 19:41:00
5294,218,visit,,2025-08-14 13:55:00
5295,218,product_view,1071.0,2025-08-14 13:57:00
5296,916,visit,,2025-08-17 00:03:00
5297,916,product_view,1101.0,2025-08-17 00:04:00
5298,1475,visit,,2025-09-25 12:06:00
5299,1475,product_view,1050.0,2025-09-25 12:11:00
5300,1475,add_to_cart,1050.0,2025-09-25 12:13:00
5301,1475,checkout,1050.0,2025-09-25 12:15:00
5302,1475,purchase,1050.0,2025-09-25 12:16:00
5303,535,visit,,2025-09-11 06:52:00
5304,535,product_view,1099.0,2025-09-11 06:57:00
5305,603,visit,,2025-08-27 18:03:00
5306,603,product_view,1056.0,2025-08-27 18:07:00
5307,40,visit,,2025-07-16 16:30:00
5308,40,product_view,1084.0,2025-07-16 16:31:00
5309,40,add_to_cart,1084.0,2025-07-16 16:33:00
5310,40,checkout,1084.0,2025-07-16 16:36:00
5311,40,purchase,1084.0,2025-07-16 16:37:00
5312,606,visit,,2025-08-02 04:38:00
5313,606,product_view,1039.0,2025-08-02 04:39:00
5314,606,add_to_cart,1039.0,2025-08-02 04:42:00
5315,865,visit,,2025-08-21 11:10:00
5316,865,product_view,1072.0,2025-08-21 11:11:00
5317,865,add_to_cart,1072.0,2025-08-21 11:13:00
5318,865,checkout,1072.0,2025-08-21 11:15:00
5319,865,purchase,1072.0,2025-08-21 11:17:00
5320,281,visit,,2025-08-24 05:11:00
5321,371,visit,,2025-09-16 00:21:00
5322,371,product_view,1016.0,2025-09-16 00:24:00
5323,371,add_to_cart,1016.0,2025-09-16 00:25:00
5324,371,checkout,1016.0,2025-09-16 00:27:00
5325,371,purchase,1016.0,2025-09-16 00:29:00
5326,1109,visit,,2025-09-26 10:23:00
5327,1109,product_view,1037.0,2025-09-26 10:28:00
5328,1109,add_to_cart,1037.0,2025-09-26 10:30:00
5329,1109,checkout,1037.0,2025-09-26 10:31:00
5330,1109,purchase,1037.0,2025-09-26 10:33:00
5331,1002,visit,,2025-07-11 04:18:00
5332,1002,product_view,1107.0,2025-07-11 04:21:00
5333,1002,add_to_cart,1107.0,2025-07-11 04:23:00
5334,1221,visit,,2025-07-01 23:15:00
5335,1221,product_view,1008.0,2025-07-01 23:17:00
5336,140,visit,,2025-08-30 07:59:00
5337,140,product_view,1119.0,2025-08-30 08:01:00
5338,949,visit,,2025-07-21 13:49:00
5339,949,product_view,1064.0,2025-07-21 13:54:00
5340,1265,visit,,2025-09-10 10:45:00
5341,1265,product_view,1045.0,2025-09-10 10:50:00
5342,1265,add_to_cart,1045.0,2025-09-10 10:52:00
5343,1265,checkout,1045.0,2025-09-10 10:54:00
5344,1265,purchase,1045.0,2025-09-10 10:56:00
5345,1460,visit,,2025-08-10 03:25:00
5346,1460,product_view,1110.0,2025-08-10 03:30:00
5347,1460,add_to_cart,1110.0,2025-08-10 03:33:00
5348,1460,checkout,1110.0,2025-08-10 03:35:00
5349,1460,purchase,1110.0,2025-08-10 03:37:00
5350,1084,visit,,2025-09-20 01:23:00
5351,1084,product_view,1110.0,2025-09-20 01:24:00
5352,1084,add_to_cart,1110.0,2025-09-20 01:28:00
5353,1084,checkout,1110.0,2025-09-20 01:30:00
5354,1084,purchase,1110.0,2025-09-20 01:32:00
5355,440,visit,,2025-07-19 09:28:00
5356,1499,visit,,2025-08-07 03:53:00
5357,1499,product_view,1096.0,2025-08-07 03:57:00
5358,1499,add_to_cart,1096.0,2025-08-07 04:00:00
5359,1170,visit,,2025-07-26 08:18:00
5360,1170,product_view,1059.0,2025-07-26 08:23:00
5361,1170,add_to_cart,1059.0,2025-07-26 08:26:00
5362,1170,checkout,1059.0,2025-07-26 08:29:00
5363,1170,purchase,1059.0,2025-07-26 08:30:00
5364,256,visit,,2025-07-28 13:05:00
5365,141,visit,,2025-07-26 07:52:00
5366,141,product_view,1089.0,2025-07-26 07:57:00
5367,875,visit,,2025-07-05 16:30:00
5368,875,product_view,1120.0,2025-07-05 16:32:00
5369,1141,visit,,2025-08-15 05:30:00
5370,1141,product_view,1009.0,2025-08-15 05:32:00
5371,1141,add_to_cart,1009.0,2025-08-15 05:36:00
5372,1141,checkout,1009.0,2025-08-15 05:39:00
5373,1141,purchase,1009.0,2025-08-15 05:40:00
5374,912,visit,,2025-08-09 13:20:00
5375,912,product_view,1089.0,2025-08-09 13:22:00
5376,1493,visit,,2025-08-31 16:03:00
5377,1493,product_view,1029.0,2025-08-31 16:08:00
5378,730,visit,,2025-09-26 15:12:00
5379,730,product_view,1055.0,2025-09-26 15:16:00
5380,730,add_to_cart,1055.0,2025-09-26 15:20:00
5381,730,checkout,1055.0,2025-09-26 15:22:00
5382,1214,visit,,2025-08-20 18:59:00
5383,1214,product_view,1104.0,2025-08-20 19:02:00
5384,1214,add_to_cart,1104.0,2025-08-20 19:06:00
5385,1214,checkout,1104.0,2025-08-20 19:09:00
5386,1214,purchase,1104.0,2025-08-20 19:11:00
5387,881,visit,,2025-08-13 01:39:00
5388,881,product_view,1034.0,2025-08-13 01:44:00
5389,1413,visit,,2025-07-15 01:34:00
5390,1413,product_view,1005.0,2025-07-15 01:37:00
5391,1413,add_to_cart,1005.0,2025-07-15 01:38:00
5392,1413,checkout,1005.0,2025-07-15 01:39:00
5393,1401,visit,,2025-08-13 05:06:00
5394,1401,product_view,1091.0,2025-08-13 05:11:00
5395,1359,visit,,2025-08-07 09:10:00
5396,1359,product_view,1067.0,2025-08-07 09:14:00
5397,1359,add_to_cart,1067.0,2025-08-07 09:17:00
5398,1359,checkout,1067.0,2025-08-07 09:20:00
5399,1359,purchase,1067.0,2025-08-07 09:22:00
5400,760,visit,,2025-07-22 17:58:00
5401,1005,visit,,2025-09-20 22:36:00
5402,1005,product_view,1043.0,2025-09-20 22:41:00
5403,1005,add_to_cart,1043.0,2025-09-20 22:42:00
5404,106,visit,,2025-07-19 02:28:00
5405,106,product_view,1023.0,2025-07-19 02:32:00
5406,1248,visit,,2025-09-23 20:53:00
5407,1248,product_view,1085.0,2025-09-23 20:55:00
5408,1248,add_to_cart,1085.0,2025-09-23 20:57:00
5409,1248,checkout,1085.0,2025-09-23 20:59:00
5410,947,visit,,2025-08-12 18:33:00
5411,947,product_view,1002.0,2025-08-12 18:36:00
5412,203,visit,,2025-08-04 06:27:00
5413,203,product_view,1102.0,2025-08-04 06:29:00
5414,203,add_to_cart,1102.0,2025-08-04 06:33:00
5415,215,visit,,2025-07-24 23:13:00
5416,215,product_view,1011.0,2025-07-24 23:15:00
5417,215,add_to_cart,1011.0,2025-07-24 23:18:00
5418,1099,visit,,2025-07-11 18:15:00
5419,1099,product_view,1015.0,2025-07-11 18:19:00
5420,164,visit,,2025-08-13 18:00:00
5421,47,visit,,2025-09-18 21:58:00
5422,1475,visit,,2025-09-19 05:53:00
5423,1475,product_view,1074.0,2025-09-19 05:57:00
5424,759,visit,,2025-07-19 17:55:00
5425,759,product_view,1041.0,2025-07-19 17:59:00
5426,453,visit,,2025-08-17 02:40:00
5427,453,product_view,1106.0,2025-08-17 02:43:00
5428,1103,visit,,2025-07-03 23:29:00
5429,25,visit,,2025-09-24 10:12:00
5430,25,product_view,1099.0,2025-09-24 10:16:00
5431,25,add_to_cart,1099.0,2025-09-24 10:17:00
5432,25,checkout,1099.0,2025-09-24 10:18:00
5433,164,visit,,2025-08-01 17:08:00
5434,972,visit,,2025-07-18 20:55:00
5435,972,product_view,1040.0,2025-07-18 20:56:00
5436,972,add_to_cart,1040.0,2025-07-18 21:00:00
5437,972,checkout,1040.0,2025-07-18 21:01:00
5438,972,purchase,1040.0,2025-07-18 21:03:00
5439,207,visit,,2025-09-03 22:07:00
5440,207,product_view,1110.0,2025-09-03 22:10:00
5441,207,add_to_cart,1110.0,2025-09-03 22:12:00
5442,207,checkout,1110.0,2025-09-03 22:15:00
5443,207,purchase,1110.0,2025-09-03 22:17:00
5444,703,visit,,2025-09-28 16:31:00
5445,703,product_view,1120.0,2025-09-28 16:35:00
5446,703,add_to_cart,1120.0,2025-09-28 16:39:00
5447,703,checkout,1120.0,2025-09-28 16:42:00
5448,703,purchase,1120.0,2025-09-28 16:45:00
5449,822,visit,,2025-08-01 06:22:00
5450,822,product_view,1073.0,2025-08-01 06:27:00
5451,822,add_to_cart,1073.0,2025-08-01 06:28:00
5452,822,checkout,1073.0,2025-08-01 06:31:00
5453,822,purchase,1073.0,2025-08-01 06:33:00
5454,752,visit,,2025-08-07 14:42:00
5455,752,product_view,1082.0,2025-08-07 14:45:00
5456,770,visit,,2025-09-13 15:36:00
5457,770,product_view,1031.0,2025-09-13 15:39:00
5458,237,visit,,2025-08-18 09:15:00
5459,237,product_view,1013.0,2025-08-18 09:20:00
5460,237,add_to_cart,1013.0,2025-08-18 09:22:00
5461,492,visit,,2025-09-01 05:29:00
5462,492,product_view,1061.0,2025-09-01 05:31:00
5463,492,add_to_cart,1061.0,2025-09-01 05:35:00
5464,1332,visit,,2025-08-22 00:21:00
5465,605,visit,,2025-09-05 02:24:00
5466,605,product_view,1023.0,2025-09-05 02:27:00
5467,605,add_to_cart,1023.0,2025-09-05 02:31:00
5468,605,checkout,1023.0,2025-09-05 02:32:00
5469,605,purchase,1023.0,2025-09-05 02:35:00
5470,663,visit,,2025-07-27 10:34:00
5471,1301,visit,,2025-08-08 13:53:00
5472,1301,product_view,1118.0,2025-08-08 13:56:00
5473,77,visit,,2025-09-24 17:34:00
5474,77,product_view,1025.0,2025-09-24 17:38:00
5475,17,visit,,2025-07-19 15:26:00
5476,17,product_view,1034.0,2025-07-19 15:28:00
5477,1043,visit,,2025-07-14 08:40:00
5478,1043,product_view,1112.0,2025-07-14 08:43:00
5479,1043,add_to_cart,1112.0,2025-07-14 08:45:00
5480,1043,checkout,1112.0,2025-07-14 08:46:00
5481,1179,visit,,2025-09-12 01:26:00
5482,1179,product_view,1053.0,2025-09-12 01:29:00
5483,1351,visit,,2025-09-16 20:44:00
5484,1167,visit,,2025-07-23 16:34:00
5485,1167,product_view,1023.0,2025-07-23 16:37:00
5486,1043,visit,,2025-08-04 10:48:00
5487,230,visit,,2025-09-29 07:53:00
5488,230,product_view,1110.0,2025-09-29 07:56:00
5489,230,add_to_cart,1110.0,2025-09-29 08:00:00
5490,230,checkout,1110.0,2025-09-29 08:02:00
5491,230,purchase,1110.0,2025-09-29 08:04:00
5492,44,visit,,2025-08-24 17:35:00
5493,217,visit,,2025-08-19 08:49:00
5494,217,product_view,1097.0,2025-08-19 08:50:00
5495,217,add_to_cart,1097.0,2025-08-19 08:52:00
5496,217,checkout,1097.0,2025-08-19 08:55:00
5497,1039,visit,,2025-07-27 17:30:00
5498,1039,product_view,1064.0,2025-07-27 17:33:00
5499,456,visit,,2025-07-30 06:25:00
5500,456,product_view,1094.0,2025-07-30 06:29:00
5501,456,add_to_cart,1094.0,2025-07-30 06:32:00
5502,456,checkout,1094.0,2025-07-30 06:35:00
5503,456,purchase,1094.0,2025-07-30 06:36:00
5504,231,visit,,2025-07-25 16:52:00
5505,231,product_view,1045.0,2025-07-25 16:56:00
5506,382,visit,,2025-07-17 12:08:00
5507,382,product_view,1070.0,2025-07-17 12:10:00
5508,537,visit,,2025-09-22 05:55:00
5509,175,visit,,2025-07-05 23:41:00
5510,175,product_view,1079.0,2025-07-05 23:45:00
5511,175,add_to_cart,1079.0,2025-07-05 23:48:00
5512,136,visit,,2025-07-08 22:44:00
5513,136,product_view,1003.0,2025-07-08 22:49:00
5514,558,visit,,2025-09-11 06:10:00
5515,558,product_view,1013.0,2025-09-11 06:12:00
5516,1318,visit,,2025-07-08 19:30:00
5517,1318,product_view,1010.0,2025-07-08 19:33:00
5518,1318,add_to_cart,1010.0,2025-07-08 19:35:00
5519,1318,checkout,1010.0,2025-07-08 19:37:00
5520,1318,purchase,1010.0,2025-07-08 19:39:00
5521,1203,visit,,2025-09-10 15:09:00
5522,1203,product_view,1094.0,2025-09-10 15:12:00
5523,1177,visit,,2025-07-27 05:11:00
5524,1177,product_view,1053.0,2025-07-27 05:15:00
5525,296,visit,,2025-08-07 00:16:00
5526,296,product_view,1024.0,2025-08-07 00:18:00
5527,296,add_to_cart,1024.0,2025-08-07 00:19:00
5528,296,checkout,1024.0,2025-08-07 00:22:00
5529,296,purchase,1024.0,2025-08-07 00:23:00
5530,784,visit,,2025-08-25 03:44:00
5531,784,product_view,1068.0,2025-08-25 03:45:00
5532,784,add_to_cart,1068.0,2025-08-25 03:47:00
5533,784,checkout,1068.0,2025-08-25 03:49:00
5534,784,purchase,1068.0,2025-08-25 03:50:00
5535,311,visit,,2025-07-05 01:38:00
5536,311,product_view,1100.0,2025-07-05 01:40:00
5537,311,add_to_cart,1100.0,2025-07-05 01:44:00
5538,144,visit,,2025-08-16 06:26:00
5539,1195,visit,,2025-07-02 10:29:00
5540,1195,product_view,1004.0,2025-07-02 10:32:00
5541,1195,add_to_cart,1004.0,2025-07-02 10:33:00
5542,1195,checkout,1004.0,2025-07-02 10:34:00
5543,1195,purchase,1004.0,2025-07-02 10:37:00
5544,54,visit,,2025-08-29 06:39:00
5545,54,product_view,1103.0,2025-08-29 06:41:00
5546,71,visit,,2025-08-27 05:10:00
5547,71,product_view,1084.0,2025-08-27 05:12:00
5548,71,add_to_cart,1084.0,2025-08-27 05:16:00
5549,71,checkout,1084.0,2025-08-27 05:19:00
5550,71,purchase,1084.0,2025-08-27 05:20:00
5551,799,visit,,2025-07-19 05:07:00
5552,799,product_view,1064.0,2025-07-19 05:10:00
5553,799,add_to_cart,1064.0,2025-07-19 05:13:00
5554,230,visit,,2025-07-15 18:10:00
5555,230,product_view,1064.0,2025-07-15 18:11:00
5556,230,add_to_cart,1064.0,2025-07-15 18:12:00
5557,230,checkout,1064.0,2025-07-15 18:14:00
5558,230,purchase,1064.0,2025-07-15 18:15:00
5559,462,visit,,2025-08-08 09:54:00
5560,462,product_view,1098.0,2025-08-08 09:56:00
5561,462,add_to_cart,1098.0,2025-08-08 09:58:00
5562,462,checkout,1098.0,2025-08-08 10:00:00
5563,462,purchase,1098.0,2025-08-08 10:02:00
5564,440,visit,,2025-09-14 08:48:00
5565,440,product_view,1117.0,2025-09-14 08:49:00
5566,625,visit,,2025-08-27 15:56:00
5567,625,product_view,1095.0,2025-08-27 16:01:00
5568,625,add_to_cart,1095.0,2025-08-27 16:03:00
5569,625,checkout,1095.0,2025-08-27 16:06:00
5570,625,purchase,1095.0,2025-08-27 16:07:00
5571,268,visit,,2025-08-22 02:41:00
5572,268,product_view,1061.0,2025-08-22 02:44:00
5573,50,visit,,2025-07-18 08:22:00
5574,50,product_view,1087.0,2025-07-18 08:25:00
5575,719,visit,,2025-08-18 01:08:00
5576,719,product_view,1015.0,2025-08-18 01:13:00
5577,655,visit,,2025-09-07 18:59:00
5578,655,product_view,1120.0,2025-09-07 19:01:00
5579,1107,visit,,2025-08-21 22:18:00
5580,1107,product_view,1113.0,2025-08-21 22:23:00
5581,523,visit,,2025-09-10 13:50:00
5582,1053,visit,,2025-08-23 04:13:00
5583,1053,product_view,1087.0,2025-08-23 04:14:00
5584,1025,visit,,2025-08-04 09:29:00
5585,1025,product_view,1068.0,2025-08-04 09:34:00
5586,898,visit,,2025-09-23 17:05:00
5587,225,visit,,2025-07-05 15:18:00
5588,225,product_view,1074.0,2025-07-05 15:23:00
5589,225,add_to_cart,1074.0,2025-07-05 15:27:00
5590,225,checkout,1074.0,2025-07-05 15:28:00
5591,225,purchase,1074.0,2025-07-05 15:31:00
5592,1084,visit,,2025-07-26 12:38:00
5593,1281,visit,,2025-07-26 10:14:00
5594,1281,product_view,1017.0,2025-07-26 10:17:00
5595,1281,add_to_cart,1017.0,2025-07-26 10:20:00
5596,1281,checkout,1017.0,2025-07-26 10:21:00
5597,1281,purchase,1017.0,2025-07-26 10:22:00
5598,1176,visit,,2025-08-22 10:17:00
5599,1176,product_view,1068.0,2025-08-22 10:19:00
5600,20,visit,,2025-07-09 05:12:00
5601,20,product_view,1022.0,2025-07-09 05:16:00
5602,304,visit,,2025-07-02 11:57:00
5603,304,product_view,1111.0,2025-07-02 11:59:00
5604,5,visit,,2025-07-03 00:35:00
5605,5,product_view,1008.0,2025-07-03 00:37:00
5606,1463,visit,,2025-08-28 07:37:00
5607,1463,product_view,1052.0,2025-08-28 07:38:00
5608,1463,add_to_cart,1052.0,2025-08-28 07:39:00
5609,1463,checkout,1052.0,2025-08-28 07:40:00
5610,1463,purchase,1052.0,2025-08-28 07:41:00
5611,1188,visit,,2025-07-12 12:36:00
5612,1188,product_view,1110.0,2025-07-12 12:38:00
5613,285,visit,,2025-09-02 06:59:00
5614,285,product_view,1088.0,2025-09-02 07:04:00
5615,1183,visit,,2025-08-28 23:45:00
5616,1183,product_view,1094.0,2025-08-28 23:49:00
5617,1183,add_to_cart,1094.0,2025-08-28 23:52:00
5618,1183,checkout,1094.0,2025-08-28 23:53:00
5619,1122,visit,,2025-08-31 08:24:00
5620,1122,product_view,1055.0,2025-08-31 08:25:00
5621,1122,add_to_cart,1055.0,2025-08-31 08:28:00
5622,511,visit,,2025-07-16 03:46:00
5623,511,product_view,1056.0,2025-07-16 03:50:00
5624,511,add_to_cart,1056.0,2025-07-16 03:51:00
5625,511,checkout,1056.0,2025-07-16 03:52:00
5626,511,purchase,1056.0,2025-07-16 03:55:00
5627,1138,visit,,2025-08-17 22:16:00
5628,1138,product_view,1083.0,2025-08-17 22:18:00
5629,633,visit,,2025-07-03 06:40:00
5630,633,product_view,1020.0,2025-07-03 06:41:00
5631,633,add_to_cart,1020.0,2025-07-03 06:43:00
5632,633,checkout,1020.0,2025-07-03 06:44:00
5633,633,purchase,1020.0,2025-07-03 06:46:00
5634,915,visit,,2025-08-18 18:38:00
5635,915,product_view,1042.0,2025-08-18 18:41:00
5636,1442,visit,,2025-08-21 13:28:00
5637,1442,product_view,1035.0,2025-08-21 13:29:00
5638,1442,add_to_cart,1035.0,2025-08-21 13:31:00
5639,1442,checkout,1035.0,2025-08-21 13:34:00
5640,286,visit,,2025-09-08 02:44:00
5641,286,product_view,1091.0,2025-09-08 02:46:00
5642,1052,visit,,2025-09-15 09:00:00
5643,1052,product_view,1058.0,2025-09-15 09:04:00
5644,1052,add_to_cart,1058.0,2025-09-15 09:07:00
5645,1052,checkout,1058.0,2025-09-15 09:08:00
5646,1052,purchase,1058.0,2025-09-15 09:11:00
5647,279,visit,,2025-07-30 11:40:00
5648,843,visit,,2025-07-21 07:22:00
5649,36,visit,,2025-08-07 02:10:00
5650,36,product_view,1002.0,2025-08-07 02:15:00
5651,1130,visit,,2025-08-12 03:35:00
5652,1130,product_view,1090.0,2025-08-12 03:39:00
5653,1287,visit,,2025-09-19 10:22:00
5654,1287,product_view,1023.0,2025-09-19 10:25:00
5655,815,visit,,2025-07-05 01:29:00
5656,815,product_view,1015.0,2025-07-05 01:31:00
5657,815,add_to_cart,1015.0,2025-07-05 01:35:00
5658,815,checkout,1015.0,2025-07-05 01:36:00
5659,815,purchase,1015.0,2025-07-05 01:39:00
5660,1070,visit,,2025-08-28 02:01:00
5661,1070,product_view,1019.0,2025-08-28 02:03:00
5662,1070,add_to_cart,1019.0,2025-08-28 02:05:00
5663,1070,checkout,1019.0,2025-08-28 02:08:00
5664,1070,purchase,1019.0,2025-08-28 02:10:00
5665,257,visit,,2025-09-22 08:34:00
5666,257,product_view,1004.0,2025-09-22 08:35:00
5667,257,add_to_cart,1004.0,2025-09-22 08:39:00
5668,257,checkout,1004.0,2025-09-22 08:41:00
5669,257,purchase,1004.0,2025-09-22 08:44:00
5670,640,visit,,2025-07-06 09:41:00
5671,640,product_view,1049.0,2025-07-06 09:43:00
5672,859,visit,,2025-09-20 09:24:00
5673,859,product_view,1029.0,2025-09-20 09:25:00
5674,859,add_to_cart,1029.0,2025-09-20 09:26:00
5675,859,checkout,1029.0,2025-09-20 09:27:00
5676,859,purchase,1029.0,2025-09-20 09:30:00
5677,1282,visit,,2025-08-09 15:54:00
5678,1282,product_view,1027.0,2025-08-09 15:56:00
5679,1282,add_to_cart,1027.0,2025-08-09 16:00:00
5680,1282,checkout,1027.0,2025-08-09 16:02:00
5681,1282,purchase,1027.0,2025-08-09 16:03:00
5682,208,visit,,2025-09-25 04:52:00
5683,208,product_view,1096.0,2025-09-25 04:54:00
5684,208,add_to_cart,1096.0,2025-09-25 04:55:00
5685,208,checkout,1096.0,2025-09-25 04:57:00
5686,794,visit,,2025-08-14 22:50:00
5687,794,product_view,1120.0,2025-08-14 22:52:00
5688,566,visit,,2025-09-18 14:56:00
5689,1118,visit,,2025-09-04 08:50:00
5690,1118,product_view,1057.0,2025-09-04 08:54:00
5691,1118,add_to_cart,1057.0,2025-09-04 08:55:00
5692,1185,visit,,2025-09-20 06:23:00
5693,1185,product_view,1008.0,2025-09-20 06:27:00
5694,223,visit,,2025-09-04 09:32:00
5695,223,product_view,1104.0,2025-09-04 09:35:00
5696,258,visit,,2025-08-10 08:51:00
5697,258,product_view,1031.0,2025-08-10 08:52:00
5698,258,add_to_cart,1031.0,2025-08-10 08:56:00
5699,775,visit,,2025-07-20 03:09:00
5700,775,product_view,1071.0,2025-07-20 03:13:00
5701,1239,visit,,2025-08-15 05:22:00
5702,1239,product_view,1095.0,2025-08-15 05:24:00
5703,1239,add_to_cart,1095.0,2025-08-15 05:28:00
5704,567,visit,,2025-08-06 20:52:00
5705,567,product_view,1103.0,2025-08-06 20:53:00
5706,567,add_to_cart,1103.0,2025-08-06 20:57:00
5707,1120,visit,,2025-07-11 16:09:00
5708,1120,product_view,1071.0,2025-07-11 16:10:00
5709,879,visit,,2025-08-09 07:21:00
5710,879,product_view,1030.0,2025-08-09 07:24:00
5711,879,add_to_cart,1030.0,2025-08-09 07:26:00
5712,1082,visit,,2025-08-05 18:51:00
5713,1082,product_view,1067.0,2025-08-05 18:52:00
5714,830,visit,,2025-07-03 11:54:00
5715,830,product_view,1034.0,2025-07-03 11:55:00
5716,373,visit,,2025-07-21 11:19:00
5717,373,product_view,1012.0,2025-07-21 11:22:00
5718,373,add_to_cart,1012.0,2025-07-21 11:24:00
5719,373,checkout,1012.0,2025-07-21 11:25:00
5720,373,purchase,1012.0,2025-07-21 11:27:00
5721,637,visit,,2025-09-06 13:00:00
5722,637,product_view,1079.0,2025-09-06 13:02:00
5723,637,add_to_cart,1079.0,2025-09-06 13:03:00
5724,1315,visit,,2025-09-03 12:03:00
5725,415,visit,,2025-07-08 22:12:00
5726,415,product_view,1021.0,2025-07-08 22:16:00
5727,1213,visit,,2025-09-16 01:05:00
5728,1213,product_view,1080.0,2025-09-16 01:08:00
5729,1213,add_to_cart,1080.0,2025-09-16 01:09:00
5730,1213,checkout,1080.0,2025-09-16 01:11:00
5731,493,visit,,2025-09-27 15:47:00
5732,493,product_view,1014.0,2025-09-27 15:51:00
5733,1137,visit,,2025-07-06 23:06:00
5734,795,visit,,2025-07-20 11:43:00
5735,795,product_view,1114.0,2025-07-20 11:44:00
5736,530,visit,,2025-09-13 20:18:00
5737,530,product_view,1013.0,2025-09-13 20:22:00
5738,674,visit,,2025-08-16 00:40:00
5739,674,product_view,1112.0,2025-08-16 00:42:00
5740,698,visit,,2025-08-13 16:10:00
5741,698,product_view,1029.0,2025-08-13 16:11:00
5742,698,add_to_cart,1029.0,2025-08-13 16:13:00
5743,698,checkout,1029.0,2025-08-13 16:16:00
5744,909,visit,,2025-07-01 15:08:00
5745,909,product_view,1067.0,2025-07-01 15:13:00
5746,1465,visit,,2025-08-29 03:26:00
5747,1465,product_view,1030.0,2025-08-29 03:27:00
5748,1049,visit,,2025-09-17 15:53:00
5749,1049,product_view,1015.0,2025-09-17 15:55:00
5750,1205,visit,,2025-08-19 08:30:00
5751,1205,product_view,1082.0,2025-08-19 08:31:00
5752,1205,add_to_cart,1082.0,2025-08-19 08:35:00
5753,1205,checkout,1082.0,2025-08-19 08:36:00
5754,1205,purchase,1082.0,2025-08-19 08:38:00
5755,218,visit,,2025-07-01 05:51:00
5756,218,product_view,1116.0,2025-07-01 05:52:00
5757,1468,visit,,2025-08-16 11:29:00
5758,1026,visit,,2025-07-02 05:41:00
5759,1026,product_view,1005.0,2025-07-02 05:44:00
5760,1026,add_to_cart,1005.0,2025-07-02 05:46:00
5761,1026,checkout,1005.0,2025-07-02 05:48:00
5762,333,visit,,2025-07-16 12:37:00
5763,333,product_view,1106.0,2025-07-16 12:41:00
5764,784,visit,,2025-08-15 14:16:00
5765,784,product_view,1071.0,2025-08-15 14:20:00
5766,784,add_to_cart,1071.0,2025-08-15 14:24:00
5767,731,visit,,2025-08-25 19:44:00
5768,731,product_view,1009.0,2025-08-25 19:49:00
5769,747,visit,,2025-07-19 02:20:00
5770,747,product_view,1090.0,2025-07-19 02:21:00
5771,611,visit,,2025-07-19 12:04:00
5772,611,product_view,1106.0,2025-07-19 12:05:00
5773,611,add_to_cart,1106.0,2025-07-19 12:08:00
5774,611,checkout,1106.0,2025-07-19 12:11:00
5775,611,purchase,1106.0,2025-07-19 12:13:00
5776,578,visit,,2025-07-28 22:47:00
5777,578,product_view,1109.0,2025-07-28 22:52:00
5778,578,add_to_cart,1109.0,2025-07-28 22:54:00
5779,578,checkout,1109.0,2025-07-28 22:56:00
5780,578,purchase,1109.0,2025-07-28 22:58:00
5781,136,visit,,2025-07-04 00:19:00
5782,871,visit,,2025-07-10 00:20:00
5783,96,visit,,2025-07-13 11:58:00
5784,96,product_view,1019.0,2025-07-13 12:02:00
5785,1463,visit,,2025-08-19 22:18:00
5786,1463,product_view,1071.0,2025-08-19 22:20:00
5787,1463,add_to_cart,1071.0,2025-08-19 22:23:00
5788,1463,checkout,1071.0,2025-08-19 22:26:00
5789,1463,purchase,1071.0,2025-08-19 22:27:00
5790,35,visit,,2025-07-16 08:58:00
5791,35,product_view,1105.0,2025-07-16 09:01:00
5792,319,visit,,2025-09-03 18:50:00
5793,319,product_view,1063.0,2025-09-03 18:51:00
5794,319,add_to_cart,1063.0,2025-09-03 18:53:00
5795,319,checkout,1063.0,2025-09-03 18:55:00
5796,228,visit,,2025-09-08 02:57:00
5797,228,product_view,1018.0,2025-09-08 03:01:00
5798,228,add_to_cart,1018.0,2025-09-08 03:02:00
5799,228,checkout,1018.0,2025-09-08 03:05:00
5800,228,purchase,1018.0,2025-09-08 03:08:00
5801,1038,visit,,2025-08-13 11:16:00
5802,1038,product_view,1013.0,2025-08-13 11:17:00
5803,1226,visit,,2025-07-21 07:46:00
5804,1226,product_view,1060.0,2025-07-21 07:48:00
5805,1226,add_to_cart,1060.0,2025-07-21 07:51:00
5806,1226,checkout,1060.0,2025-07-21 07:54:00
5807,758,visit,,2025-08-05 13:49:00
5808,758,product_view,1099.0,2025-08-05 13:51:00
5809,758,add_to_cart,1099.0,2025-08-05 13:52:00
5810,758,checkout,1099.0,2025-08-05 13:53:00
5811,758,purchase,1099.0,2025-08-05 13:54:00
5812,950,visit,,2025-08-16 12:51:00
5813,950,product_view,1016.0,2025-08-16 12:55:00
5814,950,add_to_cart,1016.0,2025-08-16 12:57:00
5815,950,checkout,1016.0,2025-08-16 13:00:00
5816,950,purchase,1016.0,2025-08-16 13:01:00
5817,652,visit,,2025-07-30 16:01:00
5818,652,product_view,1040.0,2025-07-30 16:05:00
5819,652,add_to_cart,1040.0,2025-07-30 16:06:00
5820,1031,visit,,2025-08-11 22:29:00
5821,1031,product_view,1109.0,2025-08-11 22:33:00
5822,1031,add_to_cart,1109.0,2025-08-11 22:35:00
5823,1031,checkout,1109.0,2025-08-11 22:37:00
5824,1031,purchase,1109.0,2025-08-11 22:39:00
5825,924,visit,,2025-09-10 16:53:00
5826,924,product_view,1024.0,2025-09-10 16:54:00
5827,924,add_to_cart,1024.0,2025-09-10 16:58:00
5828,924,checkout,1024.0,2025-09-10 16:59:00
5829,924,purchase,1024.0,2025-09-10 17:01:00
5830,424,visit,,2025-08-31 02:55:00
5831,424,product_view,1019.0,2025-08-31 02:57:00
5832,427,visit,,2025-09-09 12:30:00
5833,427,product_view,1094.0,2025-09-09 12:32:00
5834,427,add_to_cart,1094.0,2025-09-09 12:34:00
5835,427,checkout,1094.0,2025-09-09 12:37:00
5836,427,purchase,1094.0,2025-09-09 12:40:00
5837,1244,visit,,2025-08-22 21:44:00
5838,1244,product_view,1007.0,2025-08-22 21:47:00
5839,1244,add_to_cart,1007.0,2025-08-22 21:51:00
5840,1244,checkout,1007.0,2025-08-22 21:52:00
5841,1244,purchase,1007.0,2025-08-22 21:55:00
5842,759,visit,,2025-07-31 08:00:00
5843,759,product_view,1100.0,2025-07-31 08:01:00
5844,1237,visit,,2025-07-19 15:12:00
5845,1237,product_view,1099.0,2025-07-19 15:13:00
5846,671,visit,,2025-08-27 13:16:00
5847,671,product_view,1077.0,2025-08-27 13:19:00
5848,671,add_to_cart,1077.0,2025-08-27 13:22:00
5849,671,checkout,1077.0,2025-08-27 13:23:00
5850,1025,visit,,2025-08-29 15:45:00
5851,1025,product_view,1077.0,2025-08-29 15:48:00
5852,1025,add_to_cart,1077.0,2025-08-29 15:49:00
5853,1025,checkout,1077.0,2025-08-29 15:50:00
5854,1025,purchase,1077.0,2025-08-29 15:53:00
5855,302,visit,,2025-07-24 15:13:00
5856,267,visit,,2025-07-27 05:03:00
5857,267,product_view,1059.0,2025-07-27 05:05:00
5858,302,visit,,2025-07-14 03:48:00
5859,302,product_view,1062.0,2025-07-14 03:52:00
5860,1334,visit,,2025-09-01 13:38:00
5861,1334,product_view,1114.0,2025-09-01 13:42:00
5862,1334,add_to_cart,1114.0,2025-09-01 13:44:00
5863,1334,checkout,1114.0,2025-09-01 13:46:00
5864,1334,purchase,1114.0,2025-09-01 13:49:00
5865,234,visit,,2025-08-04 17:25:00
5866,234,product_view,1037.0,2025-08-04 17:27:00
5867,234,add_to_cart,1037.0,2025-08-04 17:29:00
5868,871,visit,,2025-07-02 06:37:00
5869,367,visit,,2025-07-04 05:47:00
5870,367,product_view,1024.0,2025-07-04 05:52:00
5871,29,visit,,2025-08-04 05:43:00
5872,29,product_view,1013.0,2025-08-04 05:47:00
5873,125,visit,,2025-09-08 00:55:00
5874,125,product_view,1055.0,2025-09-08 00:59:00
5875,40,visit,,2025-07-28 02:25:00
5876,913,visit,,2025-07-06 10:43:00
5877,913,product_view,1114.0,2025-07-06 10:44:00
5878,913,add_to_cart,1114.0,2025-07-06 10:46:00
5879,913,checkout,1114.0,2025-07-06 10:48:00
5880,376,visit,,2025-08-05 12:36:00
5881,376,product_view,1033.0,2025-08-05 12:37:00
5882,903,visit,,2025-09-11 08:50:00
5883,903,product_view,1021.0,2025-09-11 08:52:00
5884,11,visit,,2025-07-29 18:02:00
5885,11,product_view,1070.0,2025-07-29 18:05:00
5886,11,add_to_cart,1070.0,2025-07-29 18:07:00
5887,1262,visit,,2025-09-17 17:20:00
5888,1262,product_view,1094.0,2025-09-17 17:25:00
5889,1262,add_to_cart,1094.0,2025-09-17 17:27:00
5890,1262,checkout,1094.0,2025-09-17 17:30:00
5891,1262,purchase,1094.0,2025-09-17 17:32:00
5892,1108,visit,,2025-07-12 05:57:00
5893,1108,product_view,1111.0,2025-07-12 06:01:00
5894,1108,add_to_cart,1111.0,2025-07-12 06:02:00
5895,1108,checkout,1111.0,2025-07-12 06:05:00
5896,122,visit,,2025-08-25 22:26:00
5897,122,product_view,1017.0,2025-08-25 22:29:00
5898,930,visit,,2025-07-22 17:41:00
5899,930,product_view,1111.0,2025-07-22 17:43:00
5900,543,visit,,2025-09-19 18:23:00
5901,543,product_view,1080.0,2025-09-19 18:24:00
5902,543,add_to_cart,1080.0,2025-09-19 18:28:00
5903,543,checkout,1080.0,2025-09-19 18:29:00
5904,543,purchase,1080.0,2025-09-19 18:31:00
5905,846,visit,,2025-07-03 05:02:00
5906,846,product_view,1109.0,2025-07-03 05:03:00
5907,352,visit,,2025-07-06 05:11:00
5908,352,product_view,1077.0,2025-07-06 05:14:00
5909,613,visit,,2025-07-31 19:02:00
5910,613,product_view,1113.0,2025-07-31 19:07:00
5911,71,visit,,2025-07-29 05:57:00
5912,71,product_view,1075.0,2025-07-29 05:59:00
5913,71,add_to_cart,1075.0,2025-07-29 06:01:00
5914,71,checkout,1075.0,2025-07-29 06:02:00
5915,71,purchase,1075.0,2025-07-29 06:03:00
5916,316,visit,,2025-08-17 20:51:00
5917,316,product_view,1104.0,2025-08-17 20:52:00
5918,316,add_to_cart,1104.0,2025-08-17 20:54:00
5919,581,visit,,2025-09-26 01:14:00
5920,1190,visit,,2025-09-09 17:18:00
5921,1190,product_view,1065.0,2025-09-09 17:20:00
5922,503,visit,,2025-07-21 09:54:00
5923,503,product_view,1025.0,2025-07-21 09:56:00
5924,271,visit,,2025-09-07 00:22:00
5925,271,product_view,1001.0,2025-09-07 00:27:00
5926,473,visit,,2025-07-17 08:48:00
5927,473,product_view,1016.0,2025-07-17 08:50:00
5928,118,visit,,2025-08-12 19:25:00
5929,118,product_view,1057.0,2025-08-12 19:30:00
5930,275,visit,,2025-07-16 04:15:00
5931,823,visit,,2025-07-10 15:29:00
5932,823,product_view,1026.0,2025-07-10 15:32:00
5933,823,add_to_cart,1026.0,2025-07-10 15:33:00
5934,787,visit,,2025-09-15 08:41:00
5935,787,product_view,1024.0,2025-09-15 08:43:00
5936,701,visit,,2025-07-13 18:08:00
5937,701,product_view,1080.0,2025-07-13 18:12:00
5938,701,add_to_cart,1080.0,2025-07-13 18:14:00
5939,701,checkout,1080.0,2025-07-13 18:16:00
5940,701,purchase,1080.0,2025-07-13 18:18:00
5941,868,visit,,2025-08-05 15:20:00
5942,868,product_view,1110.0,2025-08-05 15:25:00
5943,817,visit,,2025-08-19 03:57:00
5944,1437,visit,,2025-09-18 13:07:00
5945,1437,product_view,1004.0,2025-09-18 13:09:00
5946,1437,add_to_cart,1004.0,2025-09-18 13:11:00
5947,1092,visit,,2025-08-04 10:55:00
5948,1092,product_view,1116.0,2025-08-04 10:56:00
5949,1092,add_to_cart,1116.0,2025-08-04 10:57:00
5950,1092,checkout,1116.0,2025-08-04 11:00:00
5951,1092,purchase,1116.0,2025-08-04 11:02:00
5952,21,visit,,2025-07-13 08:13:00
5953,21,product_view,1041.0,2025-07-13 08:15:00
5954,21,add_to_cart,1041.0,2025-07-13 08:16:00
5955,21,checkout,1041.0,2025-07-13 08:19:00
5956,1060,visit,,2025-08-26 15:58:00
5957,1060,product_view,1109.0,2025-08-26 16:00:00
5958,1060,add_to_cart,1109.0,2025-08-26 16:02:00
5959,1060,checkout,1109.0,2025-08-26 16:05:00
5960,1060,purchase,1109.0,2025-08-26 16:06:00
5961,192,visit,,2025-09-08 07:45:00
5962,192,product_view,1065.0,2025-09-08 07:48:00
5963,1106,visit,,2025-07-15 18:11:00
5964,1106,product_view,1102.0,2025-07-15 18:12:00
5965,1106,add_to_cart,1102.0,2025-07-15 18:16:00
5966,1106,checkout,1102.0,2025-07-15 18:18:00
5967,1106,purchase,1102.0,2025-07-15 18:20:00
5968,407,visit,,2025-07-31 05:37:00
5969,407,product_view,1027.0,2025-07-31 05:42:00
5970,407,add_to_cart,1027.0,2025-07-31 05:43:00
5971,407,checkout,1027.0,2025-07-31 05:46:00
5972,340,visit,,2025-08-29 22:34:00
5973,340,product_view,1044.0,2025-08-29 22:38:00
5974,340,add_to_cart,1044.0,2025-08-29 22:41:00
5975,340,checkout,1044.0,2025-08-29 22:43:00
5976,1087,visit,,2025-09-08 05:49:00
5977,1087,product_view,1025.0,2025-09-08 05:53:00
5978,979,visit,,2025-08-21 05:01:00
5979,979,product_view,1018.0,2025-08-21 05:04:00
5980,979,add_to_cart,1018.0,2025-08-21 05:06:00
5981,345,visit,,2025-08-09 06:55:00
5982,345,product_view,1047.0,2025-08-09 06:58:00
5983,165,visit,,2025-09-13 12:10:00
5984,165,product_view,1101.0,2025-09-13 12:12:00
5985,165,add_to_cart,1101.0,2025-09-13 12:15:00
5986,165,checkout,1101.0,2025-09-13 12:16:00
5987,165,purchase,1101.0,2025-09-13 12:18:00
5988,1360,visit,,2025-09-20 12:10:00
5989,1360,product_view,1120.0,2025-09-20 12:13:00
5990,1360,add_to_cart,1120.0,2025-09-20 12:17:00
5991,1360,checkout,1120.0,2025-09-20 12:19:00
5992,1324,visit,,2025-07-12 05:50:00
5993,1324,product_view,1002.0,2025-07-12 05:53:00
5994,1324,add_to_cart,1002.0,2025-07-12 05:55:00
5995,1324,checkout,1002.0,2025-07-12 05:56:00
5996,1324,purchase,1002.0,2025-07-12 05:59:00
5997,808,visit,,2025-09-27 14:02:00
5998,808,product_view,1022.0,2025-09-27 14:06:00
5999,808,add_to_cart,1022.0,2025-09-27 14:09:00
6000,108,visit,,2025-08-16 13:12:00
6001,108,product_view,1075.0,2025-08-16 13:16:00
6002,1326,visit,,2025-07-03 22:14:00
6003,1326,product_view,1006.0,2025-07-03 22:15:00
6004,173,visit,,2025-07-29 07:23:00
6005,173,product_view,1074.0,2025-07-29 07:28:00
6006,276,visit,,2025-08-08 14:05:00
6007,276,product_view,1021.0,2025-08-08 14:10:00
6008,276,add_to_cart,1021.0,2025-08-08 14:11:00
6009,860,visit,,2025-09-06 04:29:00
6010,860,product_view,1003.0,2025-09-06 04:30:00
6011,860,add_to_cart,1003.0,2025-09-06 04:33:00
6012,860,checkout,1003.0,2025-09-06 04:36:00
6013,113,visit,,2025-08-25 04:25:00
6014,113,product_view,1061.0,2025-08-25 04:30:00
6015,725,visit,,2025-07-02 18:20:00
6016,725,product_view,1002.0,2025-07-02 18:22:00
6017,725,add_to_cart,1002.0,2025-07-02 18:26:00
6018,725,checkout,1002.0,2025-07-02 18:28:00
6019,725,purchase,1002.0,2025-07-02 18:29:00
6020,228,visit,,2025-07-26 13:07:00
6021,228,product_view,1027.0,2025-07-26 13:12:00
6022,228,add_to_cart,1027.0,2025-07-26 13:13:00
6023,614,visit,,2025-07-26 22:06:00
6024,614,product_view,1018.0,2025-07-26 22:09:00
6025,590,visit,,2025-07-26 14:11:00
6026,590,product_view,1015.0,2025-07-26 14:15:00
6027,590,add_to_cart,1015.0,2025-07-26 14:19:00
6028,65,visit,,2025-09-27 06:50:00
6029,65,product_view,1055.0,2025-09-27 06:53:00
6030,65,add_to_cart,1055.0,2025-09-27 06:54:00
6031,878,visit,,2025-07-09 15:20:00
6032,205,visit,,2025-09-09 14:01:00
6033,1013,visit,,2025-09-17 18:12:00
6034,1013,product_view,1080.0,2025-09-17 18:14:00
6035,1013,add_to_cart,1080.0,2025-09-17 18:16:00
6036,1013,checkout,1080.0,2025-09-17 18:17:00
6037,1013,purchase,1080.0,2025-09-17 18:19:00
6038,160,visit,,2025-09-02 05:14:00
6039,160,product_view,1099.0,2025-09-02 05:18:00
6040,403,visit,,2025-08-19 18:16:00
6041,403,product_view,1065.0,2025-08-19 18:17:00
6042,403,add_to_cart,1065.0,2025-08-19 18:20:00
6043,758,visit,,2025-07-29 12:53:00
6044,758,product_view,1096.0,2025-07-29 12:57:00
6045,85,visit,,2025-09-27 14:11:00
6046,85,product_view,1036.0,2025-09-27 14:15:00
6047,546,visit,,2025-09-22 00:00:00
6048,546,product_view,1009.0,2025-09-22 00:02:00
6049,546,add_to_cart,1009.0,2025-09-22 00:05:00
6050,546,checkout,1009.0,2025-09-22 00:07:00
6051,546,purchase,1009.0,2025-09-22 00:09:00
6052,188,visit,,2025-08-05 07:20:00
6053,188,product_view,1051.0,2025-08-05 07:25:00
6054,188,add_to_cart,1051.0,2025-08-05 07:26:00
6055,188,checkout,1051.0,2025-08-05 07:27:00
6056,188,purchase,1051.0,2025-08-05 07:28:00
6057,1377,visit,,2025-07-07 09:31:00
6058,1377,product_view,1055.0,2025-07-07 09:35:00
6059,602,visit,,2025-08-28 16:58:00
6060,602,product_view,1029.0,2025-08-28 17:01:00
6061,602,add_to_cart,1029.0,2025-08-28 17:02:00
6062,602,checkout,1029.0,2025-08-28 17:04:00
6063,602,purchase,1029.0,2025-08-28 17:06:00
6064,720,visit,,2025-08-23 08:57:00
6065,720,product_view,1113.0,2025-08-23 09:01:00
6066,720,add_to_cart,1113.0,2025-08-23 09:05:00
6067,828,visit,,2025-07-09 11:42:00
6068,828,product_view,1071.0,2025-07-09 11:43:00
6069,828,add_to_cart,1071.0,2025-07-09 11:44:00
6070,306,visit,,2025-08-30 22:10:00
6071,306,product_view,1058.0,2025-08-30 22:11:00
6072,306,add_to_cart,1058.0,2025-08-30 22:14:00
6073,306,checkout,1058.0,2025-08-30 22:17:00
6074,306,purchase,1058.0,2025-08-30 22:20:00
6075,42,visit,,2025-07-31 11:26:00
6076,42,product_view,1038.0,2025-07-31 11:30:00
6077,42,add_to_cart,1038.0,2025-07-31 11:31:00
6078,42,checkout,1038.0,2025-07-31 11:32:00
6079,42,purchase,1038.0,2025-07-31 11:34:00
6080,1043,visit,,2025-07-28 00:25:00
6081,1043,product_view,1032.0,2025-07-28 00:29:00
6082,46,visit,,2025-08-21 15:44:00
6083,46,product_view,1105.0,2025-08-21 15:45:00
6084,46,add_to_cart,1105.0,2025-08-21 15:47:00
6085,46,checkout,1105.0,2025-08-21 15:48:00
6086,46,purchase,1105.0,2025-08-21 15:50:00
6087,1316,visit,,2025-07-11 19:01:00
6088,1316,product_view,1036.0,2025-07-11 19:05:00
6089,1316,add_to_cart,1036.0,2025-07-11 19:09:00
6090,1316,checkout,1036.0,2025-07-11 19:12:00
6091,1385,visit,,2025-07-06 12:30:00
6092,1385,product_view,1077.0,2025-07-06 12:35:00
6093,1385,add_to_cart,1077.0,2025-07-06 12:38:00
6094,347,visit,,2025-09-04 22:39:00
6095,1032,visit,,2025-08-31 12:01:00
6096,1032,product_view,1097.0,2025-08-31 12:04:00
6097,1306,visit,,2025-07-03 21:40:00
6098,1306,product_view,1042.0,2025-07-03 21:42:00
6099,1306,add_to_cart,1042.0,2025-07-03 21:43:00
6100,121,visit,,2025-09-21 17:27:00
6101,121,product_view,1034.0,2025-09-21 17:28:00
6102,121,add_to_cart,1034.0,2025-09-21 17:32:00
6103,907,visit,,2025-08-22 12:13:00
6104,907,product_view,1004.0,2025-08-22 12:14:00
6105,824,visit,,2025-07-21 18:59:00
6106,31,visit,,2025-07-25 18:37:00
6107,31,product_view,1061.0,2025-07-25 18:42:00
6108,165,visit,,2025-09-11 17:59:00
6109,165,product_view,1087.0,2025-09-11 18:00:00
6110,858,visit,,2025-08-11 06:49:00
6111,858,product_view,1090.0,2025-08-11 06:53:00
6112,858,add_to_cart,1090.0,2025-08-11 06:54:00
6113,858,checkout,1090.0,2025-08-11 06:56:00
6114,858,purchase,1090.0,2025-08-11 06:57:00
6115,1203,visit,,2025-07-21 00:13:00
6116,1203,product_view,1038.0,2025-07-21 00:18:00
6117,1203,add_to_cart,1038.0,2025-07-21 00:20:00
6118,179,visit,,2025-07-31 10:19:00
6119,179,product_view,1087.0,2025-07-31 10:24:00
6120,232,visit,,2025-08-15 18:39:00
6121,921,visit,,2025-08-18 19:11:00
6122,921,product_view,1004.0,2025-08-18 19:14:00
6123,900,visit,,2025-07-01 11:16:00
6124,1087,visit,,2025-08-04 07:35:00
6125,570,visit,,2025-08-01 01:44:00
6126,570,product_view,1085.0,2025-08-01 01:45:00
6127,570,add_to_cart,1085.0,2025-08-01 01:46:00
6128,570,checkout,1085.0,2025-08-01 01:49:00
6129,12,visit,,2025-09-20 12:41:00
6130,12,product_view,1050.0,2025-09-20 12:43:00
6131,704,visit,,2025-09-21 16:37:00
6132,107,visit,,2025-08-18 20:54:00
6133,107,product_view,1014.0,2025-08-18 20:59:00
6134,1348,visit,,2025-09-22 16:05:00
6135,1348,product_view,1019.0,2025-09-22 16:07:00
6136,95,visit,,2025-08-30 01:59:00
6137,95,product_view,1015.0,2025-08-30 02:01:00
6138,95,add_to_cart,1015.0,2025-08-30 02:04:00
6139,95,checkout,1015.0,2025-08-30 02:05:00
6140,95,purchase,1015.0,2025-08-30 02:08:00
6141,1105,visit,,2025-09-05 20:57:00
6142,135,visit,,2025-07-21 12:09:00
6143,135,product_view,1059.0,2025-07-21 12:14:00
6144,1127,visit,,2025-09-22 09:53:00
6145,1127,product_view,1023.0,2025-09-22 09:58:00
6146,1127,add_to_cart,1023.0,2025-09-22 09:59:00
6147,40,visit,,2025-07-19 16:32:00
6148,40,product_view,1059.0,2025-07-19 16:35:00
6149,377,visit,,2025-09-21 14:40:00
6150,377,product_view,1083.0,2025-09-21 14:41:00
6151,377,add_to_cart,1083.0,2025-09-21 14:42:00
6152,377,checkout,1083.0,2025-09-21 14:45:00
6153,377,purchase,1083.0,2025-09-21 14:48:00
6154,789,visit,,2025-07-15 05:51:00
6155,789,product_view,1110.0,2025-07-15 05:55:00
6156,789,add_to_cart,1110.0,2025-07-15 05:56:00
6157,789,checkout,1110.0,2025-07-15 05:57:00
6158,789,purchase,1110.0,2025-07-15 05:58:00
6159,117,visit,,2025-07-23 13:12:00
6160,117,product_view,1082.0,2025-07-23 13:15:00
6161,117,add_to_cart,1082.0,2025-07-23 13:17:00
6162,117,checkout,1082.0,2025-07-23 13:20:00
6163,117,purchase,1082.0,2025-07-23 13:23:00
6164,1315,visit,,2025-08-12 16:43:00
6165,1315,product_view,1033.0,2025-08-12 16:47:00
6166,167,visit,,2025-07-02 23:47:00
6167,167,product_view,1023.0,2025-07-02 23:49:00
6168,167,add_to_cart,1023.0,2025-07-02 23:52:00
6169,167,checkout,1023.0,2025-07-02 23:55:00
6170,167,purchase,1023.0,2025-07-02 23:56:00
6171,457,visit,,2025-08-16 07:00:00
6172,457,product_view,1059.0,2025-08-16 07:03:00
6173,830,visit,,2025-09-29 01:15:00
6174,830,product_view,1106.0,2025-09-29 01:19:00
6175,830,add_to_cart,1106.0,2025-09-29 01:22:00
6176,830,checkout,1106.0,2025-09-29 01:24:00
6177,830,purchase,1106.0,2025-09-29 01:27:00
6178,87,visit,,2025-08-15 07:44:00
6179,87,product_view,1046.0,2025-08-15 07:47:00
6180,87,add_to_cart,1046.0,2025-08-15 07:48:00
6181,901,visit,,2025-08-17 08:43:00
6182,901,product_view,1102.0,2025-08-17 08:45:00
6183,1438,visit,,2025-09-04 17:09:00
6184,1438,product_view,1035.0,2025-09-04 17:14:00
6185,1438,add_to_cart,1035.0,2025-09-04 17:18:00
6186,1438,checkout,1035.0,2025-09-04 17:20:00
6187,1438,purchase,1035.0,2025-09-04 17:23:00
6188,842,visit,,2025-07-26 04:14:00
6189,842,product_view,1020.0,2025-07-26 04:18:00
6190,842,add_to_cart,1020.0,2025-07-26 04:22:00
6191,842,checkout,1020.0,2025-07-26 04:25:00
6192,836,visit,,2025-09-13 02:08:00
6193,836,product_view,1037.0,2025-09-13 02:11:00
6194,993,visit,,2025-09-24 05:08:00
6195,993,product_view,1117.0,2025-09-24 05:11:00
6196,993,add_to_cart,1117.0,2025-09-24 05:15:00
6197,993,checkout,1117.0,2025-09-24 05:17:00
6198,993,purchase,1117.0,2025-09-24 05:18:00
6199,787,visit,,2025-08-20 02:29:00
6200,1166,visit,,2025-08-22 05:12:00
6201,773,visit,,2025-09-14 19:42:00
6202,773,product_view,1079.0,2025-09-14 19:47:00
6203,1236,visit,,2025-09-09 07:13:00
6204,1236,product_view,1102.0,2025-09-09 07:18:00
6205,819,visit,,2025-09-04 14:45:00
6206,819,product_view,1072.0,2025-09-04 14:50:00
6207,819,add_to_cart,1072.0,2025-09-04 14:54:00
6208,819,checkout,1072.0,2025-09-04 14:55:00
6209,819,purchase,1072.0,2025-09-04 14:58:00
6210,101,visit,,2025-08-02 19:52:00
6211,101,product_view,1067.0,2025-08-02 19:55:00
6212,101,add_to_cart,1067.0,2025-08-02 19:57:00
6213,1228,visit,,2025-07-20 04:25:00
6214,1228,product_view,1011.0,2025-07-20 04:26:00
6215,594,visit,,2025-07-07 20:42:00
6216,594,product_view,1039.0,2025-07-07 20:46:00
6217,594,add_to_cart,1039.0,2025-07-07 20:47:00
6218,625,visit,,2025-09-22 21:14:00
6219,583,visit,,2025-09-11 02:13:00
6220,583,product_view,1094.0,2025-09-11 02:14:00
6221,583,add_to_cart,1094.0,2025-09-11 02:18:00
6222,583,checkout,1094.0,2025-09-11 02:21:00
6223,963,visit,,2025-07-05 18:39:00
6224,963,product_view,1017.0,2025-07-05 18:42:00
6225,786,visit,,2025-07-21 23:50:00
6226,786,product_view,1039.0,2025-07-21 23:52:00
6227,786,add_to_cart,1039.0,2025-07-21 23:53:00
6228,786,checkout,1039.0,2025-07-21 23:56:00
6229,786,purchase,1039.0,2025-07-21 23:57:00
6230,375,visit,,2025-08-13 07:01:00
6231,375,product_view,1030.0,2025-08-13 07:05:00
6232,877,visit,,2025-07-14 19:16:00
6233,877,product_view,1078.0,2025-07-14 19:21:00
6234,877,add_to_cart,1078.0,2025-07-14 19:22:00
6235,877,checkout,1078.0,2025-07-14 19:24:00
6236,877,purchase,1078.0,2025-07-14 19:25:00
6237,175,visit,,2025-09-23 11:15:00
6238,175,product_view,1061.0,2025-09-23 11:16:00
6239,175,add_to_cart,1061.0,2025-09-23 11:20:00
6240,175,checkout,1061.0,2025-09-23 11:23:00
6241,175,purchase,1061.0,2025-09-23 11:25:00
6242,314,visit,,2025-09-22 23:41:00
6243,595,visit,,2025-07-01 09:15:00
6244,595,product_view,1109.0,2025-07-01 09:18:00
6245,595,add_to_cart,1109.0,2025-07-01 09:19:00
6246,652,visit,,2025-07-10 21:12:00
6247,652,product_view,1029.0,2025-07-10 21:17:00
6248,652,add_to_cart,1029.0,2025-07-10 21:21:00
6249,652,checkout,1029.0,2025-07-10 21:22:00
6250,652,purchase,1029.0,2025-07-10 21:24:00
6251,1316,visit,,2025-07-10 15:22:00
6252,1316,product_view,1022.0,2025-07-10 15:26:00
6253,1316,add_to_cart,1022.0,2025-07-10 15:28:00
6254,301,visit,,2025-08-12 19:47:00
6255,301,product_view,1089.0,2025-08-12 19:52:00
6256,1210,visit,,2025-09-05 15:12:00
6257,1210,product_view,1026.0,2025-09-05 15:13:00
6258,1210,add_to_cart,1026.0,2025-09-05 15:15:00
6259,636,visit,,2025-08-27 09:35:00
6260,636,product_view,1036.0,2025-08-27 09:38:00
6261,636,add_to_cart,1036.0,2025-08-27 09:39:00
6262,636,checkout,1036.0,2025-08-27 09:42:00
6263,636,purchase,1036.0,2025-08-27 09:43:00
6264,646,visit,,2025-07-01 22:53:00
6265,646,product_view,1009.0,2025-07-01 22:56:00
6266,646,add_to_cart,1009.0,2025-07-01 22:57:00
6267,1290,visit,,2025-09-27 17:54:00
6268,1290,product_view,1005.0,2025-09-27 17:57:00
6269,1290,add_to_cart,1005.0,2025-09-27 17:59:00
6270,341,visit,,2025-09-07 18:22:00
6271,341,product_view,1111.0,2025-09-07 18:25:00
6272,341,add_to_cart,1111.0,2025-09-07 18:28:00
6273,341,checkout,1111.0,2025-09-07 18:29:00
6274,341,purchase,1111.0,2025-09-07 18:31:00
6275,3,visit,,2025-08-14 17:47:00
6276,3,product_view,1045.0,2025-08-14 17:48:00
6277,3,add_to_cart,1045.0,2025-08-14 17:52:00
6278,3,checkout,1045.0,2025-08-14 17:55:00
6279,804,visit,,2025-08-16 07:38:00
6280,804,product_view,1086.0,2025-08-16 07:42:00
6281,804,add_to_cart,1086.0,2025-08-16 07:46:00
6282,6,visit,,2025-08-06 00:37:00
6283,6,product_view,1007.0,2025-08-06 00:38:00
6284,654,visit,,2025-08-09 03:34:00
6285,654,product_view,1115.0,2025-08-09 03:35:00
6286,510,visit,,2025-09-08 04:11:00
6287,510,product_view,1078.0,2025-09-08 04:16:00
6288,510,add_to_cart,1078.0,2025-09-08 04:18:00
6289,510,checkout,1078.0,2025-09-08 04:20:00
6290,1498,visit,,2025-07-31 16:23:00
6291,1115,visit,,2025-08-21 21:17:00
6292,1115,product_view,1071.0,2025-08-21 21:18:00
6293,1094,visit,,2025-07-02 04:25:00
6294,1094,product_view,1070.0,2025-07-02 04:30:00
6295,186,visit,,2025-08-18 09:44:00
6296,186,product_view,1116.0,2025-08-18 09:49:00
6297,186,add_to_cart,1116.0,2025-08-18 09:51:00
6298,702,visit,,2025-08-23 04:12:00
6299,702,product_view,1093.0,2025-08-23 04:14:00
6300,960,visit,,2025-08-03 00:32:00
6301,110,visit,,2025-08-25 15:02:00
6302,110,product_view,1098.0,2025-08-25 15:07:00
6303,88,visit,,2025-07-22 01:43:00
6304,88,product_view,1077.0,2025-07-22 01:48:00
6305,190,visit,,2025-09-27 20:56:00
6306,456,visit,,2025-07-12 06:43:00
6307,298,visit,,2025-08-19 12:06:00
6308,298,product_view,1104.0,2025-08-19 12:11:00
6309,298,add_to_cart,1104.0,2025-08-19 12:14:00
6310,298,checkout,1104.0,2025-08-19 12:16:00
6311,298,purchase,1104.0,2025-08-19 12:18:00
6312,382,visit,,2025-07-16 03:38:00
6313,382,product_view,1085.0,2025-07-16 03:39:00
6314,382,add_to_cart,1085.0,2025-07-16 03:43:00
6315,1377,visit,,2025-07-19 00:20:00
6316,1377,product_view,1021.0,2025-07-19 00:24:00
6317,975,visit,,2025-08-04 11:45:00
6318,975,product_view,1062.0,2025-08-04 11:49:00
6319,117,visit,,2025-09-07 21:57:00
6320,117,product_view,1111.0,2025-09-07 21:59:00
6321,403,visit,,2025-08-26 02:18:00
6322,403,product_view,1011.0,2025-08-26 02:19:00
6323,1173,visit,,2025-08-01 18:17:00
6324,1173,product_view,1044.0,2025-08-01 18:21:00
6325,836,visit,,2025-08-22 05:15:00
6326,836,product_view,1017.0,2025-08-22 05:20:00
6327,836,add_to_cart,1017.0,2025-08-22 05:21:00
6328,836,checkout,1017.0,2025-08-22 05:22:00
6329,836,purchase,1017.0,2025-08-22 05:24:00
6330,1095,visit,,2025-07-03 04:23:00
6331,1095,product_view,1039.0,2025-07-03 04:28:00
6332,13,visit,,2025-08-19 16:25:00
6333,13,product_view,1028.0,2025-08-19 16:26:00
6334,13,add_to_cart,1028.0,2025-08-19 16:27:00
6335,13,checkout,1028.0,2025-08-19 16:28:00
6336,13,purchase,1028.0,2025-08-19 16:29:00
6337,91,visit,,2025-09-06 20:05:00
6338,91,product_view,1017.0,2025-09-06 20:09:00
6339,91,add_to_cart,1017.0,2025-09-06 20:10:00
6340,91,checkout,1017.0,2025-09-06 20:13:00
6341,91,purchase,1017.0,2025-09-06 20:14:00
6342,90,visit,,2025-07-16 05:03:00
6343,90,product_view,1076.0,2025-07-16 05:05:00
6344,294,visit,,2025-07-18 00:38:00
6345,294,product_view,1047.0,2025-07-18 00:40:00
6346,943,visit,,2025-08-17 18:29:00
6347,943,product_view,1097.0,2025-08-17 18:32:00
6348,943,add_to_cart,1097.0,2025-08-17 18:33:00
6349,943,checkout,1097.0,2025-08-17 18:34:00
6350,86,visit,,2025-09-18 22:34:00
6351,86,product_view,1007.0,2025-09-18 22:36:00
6352,950,visit,,2025-09-02 09:42:00
6353,950,product_view,1045.0,2025-09-02 09:45:00
6354,1210,visit,,2025-07-06 10:18:00
6355,1210,product_view,1018.0,2025-07-06 10:23:00
6356,1210,add_to_cart,1018.0,2025-07-06 10:26:00
6357,462,visit,,2025-07-12 03:35:00
6358,462,product_view,1066.0,2025-07-12 03:40:00
6359,462,add_to_cart,1066.0,2025-07-12 03:44:00
6360,462,checkout,1066.0,2025-07-12 03:46:00
6361,462,purchase,1066.0,2025-07-12 03:48:00
6362,677,visit,,2025-08-21 05:55:00
6363,677,product_view,1051.0,2025-08-21 05:58:00
6364,677,add_to_cart,1051.0,2025-08-21 06:02:00
6365,677,checkout,1051.0,2025-08-21 06:03:00
6366,677,purchase,1051.0,2025-08-21 06:05:00
6367,25,visit,,2025-08-22 03:51:00
6368,25,product_view,1031.0,2025-08-22 03:53:00
6369,25,add_to_cart,1031.0,2025-08-22 03:57:00
6370,25,checkout,1031.0,2025-08-22 03:58:00
6371,25,purchase,1031.0,2025-08-22 04:01:00
6372,864,visit,,2025-08-21 00:08:00
6373,864,product_view,1116.0,2025-08-21 00:09:00
6374,864,add_to_cart,1116.0,2025-08-21 00:12:00
6375,864,checkout,1116.0,2025-08-21 00:14:00
6376,1395,visit,,2025-07-09 14:14:00
6377,1395,product_view,1001.0,2025-07-09 14:15:00
6378,1395,add_to_cart,1001.0,2025-07-09 14:16:00
6379,1395,checkout,1001.0,2025-07-09 14:17:00
6380,1395,purchase,1001.0,2025-07-09 14:19:00
6381,127,visit,,2025-07-17 05:16:00
6382,127,product_view,1048.0,2025-07-17 05:18:00
6383,127,add_to_cart,1048.0,2025-07-17 05:21:00
6384,127,checkout,1048.0,2025-07-17 05:24:00
6385,127,purchase,1048.0,2025-07-17 05:27:00
6386,542,visit,,2025-08-16 06:06:00
6387,542,product_view,1094.0,2025-08-16 06:09:00
6388,958,visit,,2025-07-07 10:46:00
6389,958,product_view,1075.0,2025-07-07 10:51:00
6390,164,visit,,2025-09-21 16:40:00
6391,164,product_view,1098.0,2025-09-21 16:44:00
6392,164,add_to_cart,1098.0,2025-09-21 16:47:00
6393,829,visit,,2025-07-28 13:21:00
6394,829,product_view,1075.0,2025-07-28 13:22:00
6395,399,visit,,2025-08-11 22:38:00
6396,399,product_view,1113.0,2025-08-11 22:43:00
6397,399,add_to_cart,1113.0,2025-08-11 22:44:00
6398,399,checkout,1113.0,2025-08-11 22:46:00
6399,399,purchase,1113.0,2025-08-11 22:47:00
6400,1422,visit,,2025-08-30 23:05:00
6401,1422,product_view,1062.0,2025-08-30 23:07:00
6402,1316,visit,,2025-09-11 05:10:00
6403,1316,product_view,1013.0,2025-09-11 05:13:00
6404,1316,add_to_cart,1013.0,2025-09-11 05:15:00
6405,1316,checkout,1013.0,2025-09-11 05:16:00
6406,1316,purchase,1013.0,2025-09-11 05:19:00
6407,982,visit,,2025-09-26 04:13:00
6408,982,product_view,1028.0,2025-09-26 04:17:00
6409,982,add_to_cart,1028.0,2025-09-26 04:18:00
6410,982,checkout,1028.0,2025-09-26 04:21:00
6411,660,visit,,2025-07-21 12:59:00
6412,660,product_view,1031.0,2025-07-21 13:03:00
6413,660,add_to_cart,1031.0,2025-07-21 13:05:00
6414,660,checkout,1031.0,2025-07-21 13:07:00
6415,660,purchase,1031.0,2025-07-21 13:08:00
6416,1453,visit,,2025-07-29 23:34:00
6417,1335,visit,,2025-07-06 04:15:00
6418,1335,product_view,1019.0,2025-07-06 04:16:00
6419,515,visit,,2025-07-01 02:27:00
6420,515,product_view,1089.0,2025-07-01 02:29:00
6421,359,visit,,2025-08-05 09:08:00
6422,359,product_view,1067.0,2025-08-05 09:11:00
6423,359,add_to_cart,1067.0,2025-08-05 09:12:00
6424,359,checkout,1067.0,2025-08-05 09:15:00
6425,359,purchase,1067.0,2025-08-05 09:18:00
6426,1378,visit,,2025-08-12 10:55:00
6427,1378,product_view,1062.0,2025-08-12 10:58:00
6428,260,visit,,2025-08-19 01:58:00
6429,663,visit,,2025-09-11 22:38:00
6430,663,product_view,1056.0,2025-09-11 22:40:00
6431,453,visit,,2025-07-04 00:45:00
6432,453,product_view,1016.0,2025-07-04 00:48:00
6433,438,visit,,2025-07-20 05:49:00
6434,438,product_view,1087.0,2025-07-20 05:51:00
6435,1010,visit,,2025-08-29 14:13:00
6436,1010,product_view,1058.0,2025-08-29 14:14:00
6437,1010,add_to_cart,1058.0,2025-08-29 14:15:00
6438,823,visit,,2025-08-08 23:30:00
6439,823,product_view,1119.0,2025-08-08 23:34:00
6440,823,add_to_cart,1119.0,2025-08-08 23:37:00
6441,823,checkout,1119.0,2025-08-08 23:39:00
6442,687,visit,,2025-08-10 05:39:00
6443,687,product_view,1079.0,2025-08-10 05:42:00
6444,687,add_to_cart,1079.0,2025-08-10 05:45:00
6445,687,checkout,1079.0,2025-08-10 05:46:00
6446,687,purchase,1079.0,2025-08-10 05:49:00
6447,1491,visit,,2025-07-17 15:17:00
6448,1491,product_view,1007.0,2025-07-17 15:21:00
6449,1491,add_to_cart,1007.0,2025-07-17 15:24:00
6450,1491,checkout,1007.0,2025-07-17 15:26:00
6451,1491,purchase,1007.0,2025-07-17 15:27:00
6452,1166,visit,,2025-07-01 13:53:00
6453,1166,product_view,1119.0,2025-07-01 13:54:00
6454,1166,add_to_cart,1119.0,2025-07-01 13:58:00
6455,1166,checkout,1119.0,2025-07-01 14:01:00
6456,1166,purchase,1119.0,2025-07-01 14:03:00
6457,827,visit,,2025-08-03 13:46:00
6458,827,product_view,1114.0,2025-08-03 13:51:00
6459,827,add_to_cart,1114.0,2025-08-03 13:54:00
6460,827,checkout,1114.0,2025-08-03 13:57:00
6461,827,purchase,1114.0,2025-08-03 13:58:00
6462,446,visit,,2025-09-28 18:43:00
6463,446,product_view,1076.0,2025-09-28 18:48:00
6464,1451,visit,,2025-09-15 02:16:00
6465,1451,product_view,1036.0,2025-09-15 02:21:00
6466,1451,add_to_cart,1036.0,2025-09-15 02:24:00
6467,30,visit,,2025-08-06 19:44:00
6468,30,product_view,1111.0,2025-08-06 19:46:00
6469,30,add_to_cart,1111.0,2025-08-06 19:50:00
6470,894,visit,,2025-07-28 04:08:00
6471,894,product_view,1038.0,2025-07-28 04:13:00
6472,894,add_to_cart,1038.0,2025-07-28 04:17:00
6473,894,checkout,1038.0,2025-07-28 04:18:00
6474,894,purchase,1038.0,2025-07-28 04:21:00
6475,1442,visit,,2025-09-07 20:04:00
6476,1442,product_view,1120.0,2025-09-07 20:05:00
6477,1442,add_to_cart,1120.0,2025-09-07 20:08:00
6478,1442,checkout,1120.0,2025-09-07 20:10:00
6479,1442,purchase,1120.0,2025-09-07 20:11:00
6480,1434,visit,,2025-07-24 21:28:00
6481,1434,product_view,1010.0,2025-07-24 21:30:00
6482,1434,add_to_cart,1010.0,2025-07-24 21:32:00
6483,1088,visit,,2025-08-08 15:19:00
6484,1088,product_view,1091.0,2025-08-08 15:21:00
6485,1088,add_to_cart,1091.0,2025-08-08 15:25:00
6486,1426,visit,,2025-07-09 16:49:00
6487,1426,product_view,1063.0,2025-07-09 16:51:00
6488,264,visit,,2025-08-27 16:41:00
6489,264,product_view,1027.0,2025-08-27 16:45:00
6490,264,add_to_cart,1027.0,2025-08-27 16:48:00
6491,264,checkout,1027.0,2025-08-27 16:51:00
6492,264,purchase,1027.0,2025-08-27 16:54:00
6493,1498,visit,,2025-09-28 23:16:00
6494,1498,product_view,1026.0,2025-09-28 23:19:00
6495,1498,add_to_cart,1026.0,2025-09-28 23:23:00
6496,1178,visit,,2025-09-07 08:25:00
6497,1178,product_view,1077.0,2025-09-07 08:28:00
6498,1178,add_to_cart,1077.0,2025-09-07 08:32:00
6499,1178,checkout,1077.0,2025-09-07 08:35:00
6500,793,visit,,2025-09-25 17:15:00
6501,1272,visit,,2025-08-26 04:12:00
6502,1272,product_view,1110.0,2025-08-26 04:13:00
6503,1272,add_to_cart,1110.0,2025-08-26 04:14:00
6504,1272,checkout,1110.0,2025-08-26 04:15:00
6505,1272,purchase,1110.0,2025-08-26 04:17:00
6506,272,visit,,2025-07-13 13:20:00
6507,272,product_view,1001.0,2025-07-13 13:23:00
6508,1402,visit,,2025-08-22 08:21:00
6509,1402,product_view,1065.0,2025-08-22 08:26:00
6510,661,visit,,2025-08-15 15:22:00
6511,661,product_view,1042.0,2025-08-15 15:24:00
6512,661,add_to_cart,1042.0,2025-08-15 15:28:00
6513,661,checkout,1042.0,2025-08-15 15:29:00
6514,661,purchase,1042.0,2025-08-15 15:32:00
6515,692,visit,,2025-08-23 16:54:00
6516,692,product_view,1067.0,2025-08-23 16:55:00
6517,692,add_to_cart,1067.0,2025-08-23 16:59:00
6518,692,checkout,1067.0,2025-08-23 17:01:00
6519,692,purchase,1067.0,2025-08-23 17:02:00
6520,526,visit,,2025-08-08 08:04:00
6521,526,product_view,1111.0,2025-08-08 08:09:00
6522,607,visit,,2025-07-19 06:12:00
6523,607,product_view,1001.0,2025-07-19 06:17:00
6524,35,visit,,2025-07-30 10:52:00
6525,35,product_view,1066.0,2025-07-30 10:53:00
6526,927,visit,,2025-08-01 13:12:00
6527,927,product_view,1003.0,2025-08-01 13:17:00
6528,927,add_to_cart,1003.0,2025-08-01 13:20:00
6529,927,checkout,1003.0,2025-08-01 13:21:00
6530,927,purchase,1003.0,2025-08-01 13:23:00
6531,356,visit,,2025-09-27 10:46:00
6532,356,product_view,1006.0,2025-09-27 10:51:00
6533,458,visit,,2025-09-16 08:47:00
6534,458,product_view,1004.0,2025-09-16 08:50:00
6535,25,visit,,2025-08-25 20:04:00
6536,25,product_view,1075.0,2025-08-25 20:08:00
6537,1180,visit,,2025-09-01 04:53:00
6538,1180,product_view,1113.0,2025-09-01 04:55:00
6539,225,visit,,2025-08-16 12:39:00
6540,225,product_view,1027.0,2025-08-16 12:40:00
6541,225,add_to_cart,1027.0,2025-08-16 12:41:00
6542,225,checkout,1027.0,2025-08-16 12:43:00
6543,774,visit,,2025-09-27 15:19:00
6544,30,visit,,2025-08-11 15:40:00
6545,30,product_view,1074.0,2025-08-11 15:42:00
6546,1387,visit,,2025-08-13 18:53:00
6547,1387,product_view,1003.0,2025-08-13 18:58:00
6548,1387,add_to_cart,1003.0,2025-08-13 19:02:00
6549,1387,checkout,1003.0,2025-08-13 19:05:00
6550,1387,purchase,1003.0,2025-08-13 19:07:00
6551,1333,visit,,2025-07-06 07:05:00
6552,1333,product_view,1112.0,2025-07-06 07:10:00
6553,287,visit,,2025-09-05 08:39:00
6554,287,product_view,1043.0,2025-09-05 08:40:00
6555,287,add_to_cart,1043.0,2025-09-05 08:43:00
6556,287,checkout,1043.0,2025-09-05 08:44:00
6557,287,purchase,1043.0,2025-09-05 08:47:00
6558,1362,visit,,2025-08-30 09:34:00
6559,1362,product_view,1059.0,2025-08-30 09:37:00
6560,233,visit,,2025-08-09 02:32:00
6561,548,visit,,2025-09-26 16:46:00
6562,548,product_view,1117.0,2025-09-26 16:47:00
6563,548,add_to_cart,1117.0,2025-09-26 16:49:00
6564,656,visit,,2025-09-21 16:55:00
6565,656,product_view,1101.0,2025-09-21 17:00:00
6566,567,visit,,2025-09-12 13:10:00
6567,567,product_view,1014.0,2025-09-12 13:12:00
6568,567,add_to_cart,1014.0,2025-09-12 13:16:00
6569,567,checkout,1014.0,2025-09-12 13:19:00
6570,567,purchase,1014.0,2025-09-12 13:22:00
6571,1468,visit,,2025-08-05 05:29:00
6572,1468,product_view,1080.0,2025-08-05 05:33:00
6573,1468,add_to_cart,1080.0,2025-08-05 05:35:00
6574,1468,checkout,1080.0,2025-08-05 05:37:00
6575,1468,purchase,1080.0,2025-08-05 05:38:00
6576,826,visit,,2025-09-14 06:42:00
6577,1396,visit,,2025-08-17 02:51:00
6578,1396,product_view,1012.0,2025-08-17 02:52:00
6579,1396,add_to_cart,1012.0,2025-08-17 02:54:00
6580,1396,checkout,1012.0,2025-08-17 02:55:00
6581,741,visit,,2025-08-13 18:19:00
6582,741,product_view,1106.0,2025-08-13 18:24:00
6583,48,visit,,2025-08-23 04:15:00
6584,48,product_view,1120.0,2025-08-23 04:17:00
6585,48,add_to_cart,1120.0,2025-08-23 04:21:00
6586,48,checkout,1120.0,2025-08-23 04:24:00
6587,48,purchase,1120.0,2025-08-23 04:27:00
6588,311,visit,,2025-07-22 07:30:00
6589,311,product_view,1114.0,2025-07-22 07:35:00
6590,311,add_to_cart,1114.0,2025-07-22 07:39:00
6591,311,checkout,1114.0,2025-07-22 07:41:00
6592,1464,visit,,2025-09-19 20:28:00
6593,1464,product_view,1070.0,2025-09-19 20:33:00
6594,1464,add_to_cart,1070.0,2025-09-19 20:37:00
6595,1190,visit,,2025-09-29 08:04:00
6596,1190,product_view,1042.0,2025-09-29 08:08:00
6597,1190,add_to_cart,1042.0,2025-09-29 08:11:00
6598,1190,checkout,1042.0,2025-09-29 08:14:00
6599,1190,purchase,1042.0,2025-09-29 08:17:00
6600,1279,visit,,2025-07-06 14:47:00
6601,1279,product_view,1088.0,2025-07-06 14:52:00
6602,1279,add_to_cart,1088.0,2025-07-06 14:53:00
6603,1279,checkout,1088.0,2025-07-06 14:56:00
6604,1279,purchase,1088.0,2025-07-06 14:59:00
6605,757,visit,,2025-09-16 22:40:00
6606,757,product_view,1066.0,2025-09-16 22:44:00
6607,431,visit,,2025-08-03 17:32:00
6608,431,product_view,1065.0,2025-08-03 17:34:00
6609,431,add_to_cart,1065.0,2025-08-03 17:36:00
6610,1404,visit,,2025-08-21 02:09:00
6611,1404,product_view,1062.0,2025-08-21 02:13:00
6612,370,visit,,2025-09-19 21:38:00
6613,370,product_view,1015.0,2025-09-19 21:41:00
6614,1121,visit,,2025-09-08 03:09:00
6615,1326,visit,,2025-09-08 16:41:00
6616,1326,product_view,1102.0,2025-09-08 16:42:00
6617,1326,add_to_cart,1102.0,2025-09-08 16:44:00
6618,55,visit,,2025-09-01 00:58:00
6619,55,product_view,1084.0,2025-09-01 01:03:00
6620,55,add_to_cart,1084.0,2025-09-01 01:04:00
6621,55,checkout,1084.0,2025-09-01 01:07:00
6622,55,purchase,1084.0,2025-09-01 01:09:00
6623,1208,visit,,2025-07-19 12:35:00
6624,1208,product_view,1072.0,2025-07-19 12:37:00
6625,1208,add_to_cart,1072.0,2025-07-19 12:41:00
6626,1245,visit,,2025-08-28 01:15:00
6627,1245,product_view,1116.0,2025-08-28 01:16:00
6628,1245,add_to_cart,1116.0,2025-08-28 01:19:00
6629,1245,checkout,1116.0,2025-08-28 01:22:00
6630,1245,purchase,1116.0,2025-08-28 01:25:00
6631,462,visit,,2025-08-13 11:44:00
6632,462,product_view,1025.0,2025-08-13 11:48:00
6633,462,add_to_cart,1025.0,2025-08-13 11:49:00
6634,1348,visit,,2025-07-28 03:20:00
6635,1348,product_view,1116.0,2025-07-28 03:21:00
6636,652,visit,,2025-09-25 01:22:00
6637,652,product_view,1057.0,2025-09-25 01:23:00
6638,652,add_to_cart,1057.0,2025-09-25 01:25:00
6639,652,checkout,1057.0,2025-09-25 01:28:00
6640,540,visit,,2025-08-09 11:32:00
6641,540,product_view,1006.0,2025-08-09 11:33:00
6642,638,visit,,2025-08-09 15:03:00
6643,638,product_view,1009.0,2025-08-09 15:04:00
6644,465,visit,,2025-08-11 01:12:00
6645,465,product_view,1083.0,2025-08-11 01:16:00
6646,465,add_to_cart,1083.0,2025-08-11 01:20:00
6647,1094,visit,,2025-07-10 23:02:00
6648,1094,product_view,1078.0,2025-07-10 23:06:00
6649,923,visit,,2025-08-27 17:03:00
6650,292,visit,,2025-09-20 09:51:00
6651,292,product_view,1030.0,2025-09-20 09:54:00
6652,292,add_to_cart,1030.0,2025-09-20 09:57:00
6653,292,checkout,1030.0,2025-09-20 09:59:00
6654,292,purchase,1030.0,2025-09-20 10:01:00
6655,475,visit,,2025-08-24 23:54:00
6656,475,product_view,1105.0,2025-08-24 23:57:00
6657,136,visit,,2025-07-28 04:39:00
6658,136,product_view,1056.0,2025-07-28 04:41:00
6659,1037,visit,,2025-07-27 03:22:00
6660,1037,product_view,1085.0,2025-07-27 03:26:00
6661,1037,add_to_cart,1085.0,2025-07-27 03:28:00
6662,1037,checkout,1085.0,2025-07-27 03:31:00
6663,1037,purchase,1085.0,2025-07-27 03:34:00
6664,479,visit,,2025-09-04 12:35:00
6665,479,product_view,1014.0,2025-09-04 12:37:00
6666,280,visit,,2025-07-12 10:35:00
6667,280,product_view,1073.0,2025-07-12 10:38:00
6668,465,visit,,2025-07-23 09:05:00
6669,465,product_view,1030.0,2025-07-23 09:08:00
6670,465,add_to_cart,1030.0,2025-07-23 09:11:00
6671,465,checkout,1030.0,2025-07-23 09:13:00
6672,465,purchase,1030.0,2025-07-23 09:16:00
6673,797,visit,,2025-08-29 06:19:00
6674,797,product_view,1004.0,2025-08-29 06:23:00
6675,1453,visit,,2025-08-19 05:46:00
6676,1453,product_view,1033.0,2025-08-19 05:51:00
6677,1453,add_to_cart,1033.0,2025-08-19 05:54:00
6678,1285,visit,,2025-08-04 23:59:00
6679,1249,visit,,2025-08-24 02:28:00
6680,1249,product_view,1015.0,2025-08-24 02:29:00
6681,340,visit,,2025-09-04 21:06:00
6682,340,product_view,1010.0,2025-09-04 21:11:00
6683,340,add_to_cart,1010.0,2025-09-04 21:14:00
6684,203,visit,,2025-08-08 08:42:00
6685,203,product_view,1030.0,2025-08-08 08:43:00
6686,523,visit,,2025-09-10 06:44:00
6687,523,product_view,1105.0,2025-09-10 06:48:00
6688,523,add_to_cart,1105.0,2025-09-10 06:50:00
6689,523,checkout,1105.0,2025-09-10 06:53:00
6690,1098,visit,,2025-08-06 21:40:00
6691,413,visit,,2025-07-04 04:27:00
6692,1300,visit,,2025-07-04 18:46:00
6693,1300,product_view,1045.0,2025-07-04 18:50:00
6694,384,visit,,2025-09-10 06:26:00
6695,384,product_view,1015.0,2025-09-10 06:30:00
6696,384,add_to_cart,1015.0,2025-09-10 06:34:00
6697,848,visit,,2025-07-10 00:08:00
6698,808,visit,,2025-07-31 08:11:00
6699,808,product_view,1118.0,2025-07-31 08:12:00
6700,808,add_to_cart,1118.0,2025-07-31 08:14:00
6701,808,checkout,1118.0,2025-07-31 08:17:00
6702,551,visit,,2025-09-14 17:02:00
6703,551,product_view,1079.0,2025-09-14 17:04:00
6704,868,visit,,2025-07-29 13:31:00
6705,868,product_view,1071.0,2025-07-29 13:32:00
6706,868,add_to_cart,1071.0,2025-07-29 13:36:00
6707,868,checkout,1071.0,2025-07-29 13:38:00
6708,868,purchase,1071.0,2025-07-29 13:40:00
6709,827,visit,,2025-08-05 09:01:00
6710,827,product_view,1016.0,2025-08-05 09:03:00
6711,827,add_to_cart,1016.0,2025-08-05 09:06:00
6712,827,checkout,1016.0,2025-08-05 09:08:00
6713,739,visit,,2025-08-09 04:55:00
6714,739,product_view,1056.0,2025-08-09 04:56:00
6715,739,add_to_cart,1056.0,2025-08-09 05:00:00
6716,739,checkout,1056.0,2025-08-09 05:01:00
6717,739,purchase,1056.0,2025-08-09 05:02:00
6718,1198,visit,,2025-08-15 23:57:00
6719,1198,product_view,1101.0,2025-08-16 00:02:00
6720,730,visit,,2025-07-21 20:11:00
6721,730,product_view,1075.0,2025-07-21 20:15:00
6722,730,add_to_cart,1075.0,2025-07-21 20:18:00
6723,612,visit,,2025-07-06 00:13:00
6724,1122,visit,,2025-07-01 05:47:00
6725,1122,product_view,1042.0,2025-07-01 05:50:00
6726,1122,add_to_cart,1042.0,2025-07-01 05:52:00
6727,556,visit,,2025-08-06 21:16:00
6728,818,visit,,2025-07-19 05:34:00
6729,469,visit,,2025-07-01 09:30:00
6730,469,product_view,1074.0,2025-07-01 09:32:00
6731,469,add_to_cart,1074.0,2025-07-01 09:35:00
6732,469,checkout,1074.0,2025-07-01 09:38:00
6733,172,visit,,2025-09-26 15:18:00
6734,172,product_view,1048.0,2025-09-26 15:20:00
6735,172,add_to_cart,1048.0,2025-09-26 15:21:00
6736,172,checkout,1048.0,2025-09-26 15:24:00
6737,938,visit,,2025-09-05 14:37:00
6738,938,product_view,1068.0,2025-09-05 14:39:00
6739,938,add_to_cart,1068.0,2025-09-05 14:40:00
6740,938,checkout,1068.0,2025-09-05 14:43:00
6741,938,purchase,1068.0,2025-09-05 14:44:00
6742,1015,visit,,2025-08-25 13:06:00
6743,1015,product_view,1084.0,2025-08-25 13:07:00
6744,766,visit,,2025-07-07 01:06:00
6745,766,product_view,1065.0,2025-07-07 01:11:00
6746,766,add_to_cart,1065.0,2025-07-07 01:13:00
6747,766,checkout,1065.0,2025-07-07 01:14:00
6748,766,purchase,1065.0,2025-07-07 01:16:00
6749,133,visit,,2025-07-30 13:30:00
6750,133,product_view,1033.0,2025-07-30 13:32:00
6751,31,visit,,2025-09-09 02:35:00
6752,31,product_view,1063.0,2025-09-09 02:36:00
6753,831,visit,,2025-09-06 10:27:00
6754,831,product_view,1081.0,2025-09-06 10:30:00
6755,109,visit,,2025-09-21 17:41:00
6756,109,product_view,1053.0,2025-09-21 17:43:00
6757,1185,visit,,2025-07-26 07:59:00
6758,1185,product_view,1085.0,2025-07-26 08:00:00
6759,1185,add_to_cart,1085.0,2025-07-26 08:03:00
6760,1185,checkout,1085.0,2025-07-26 08:06:00
6761,1185,purchase,1085.0,2025-07-26 08:08:00
6762,109,visit,,2025-07-25 01:11:00
6763,885,visit,,2025-08-12 20:44:00
6764,1425,visit,,2025-09-25 10:58:00
6765,1425,product_view,1003.0,2025-09-25 11:00:00
6766,1425,add_to_cart,1003.0,2025-09-25 11:01:00
6767,1425,checkout,1003.0,2025-09-25 11:02:00
6768,1425,purchase,1003.0,2025-09-25 11:04:00
6769,76,visit,,2025-08-10 02:16:00
6770,76,product_view,1014.0,2025-08-10 02:21:00
6771,40,visit,,2025-08-21 13:57:00
6772,40,product_view,1013.0,2025-08-21 14:02:00
6773,40,add_to_cart,1013.0,2025-08-21 14:04:00
6774,570,visit,,2025-07-05 10:14:00
6775,1203,visit,,2025-07-24 21:11:00
6776,1203,product_view,1017.0,2025-07-24 21:15:00
6777,1203,add_to_cart,1017.0,2025-07-24 21:16:00
6778,1203,checkout,1017.0,2025-07-24 21:19:00
6779,95,visit,,2025-07-10 03:48:00
6780,95,product_view,1109.0,2025-07-10 03:53:00
6781,95,add_to_cart,1109.0,2025-07-10 03:55:00
6782,95,checkout,1109.0,2025-07-10 03:56:00
6783,95,purchase,1109.0,2025-07-10 03:57:00
6784,372,visit,,2025-08-18 03:50:00
6785,372,product_view,1067.0,2025-08-18 03:52:00
6786,521,visit,,2025-08-22 21:18:00
6787,521,product_view,1043.0,2025-08-22 21:20:00
6788,521,add_to_cart,1043.0,2025-08-22 21:24:00
6789,521,checkout,1043.0,2025-08-22 21:26:00
6790,521,purchase,1043.0,2025-08-22 21:28:00
6791,355,visit,,2025-09-13 16:27:00
6792,355,product_view,1034.0,2025-09-13 16:30:00
6793,355,add_to_cart,1034.0,2025-09-13 16:31:00
6794,1195,visit,,2025-08-01 13:48:00
6795,1195,product_view,1046.0,2025-08-01 13:52:00
6796,497,visit,,2025-09-23 18:35:00
6797,497,product_view,1036.0,2025-09-23 18:38:00
6798,497,add_to_cart,1036.0,2025-09-23 18:42:00
6799,730,visit,,2025-07-12 10:44:00
6800,730,product_view,1052.0,2025-07-12 10:48:00
6801,828,visit,,2025-08-12 18:54:00
6802,828,product_view,1048.0,2025-08-12 18:58:00
6803,799,visit,,2025-08-17 07:55:00
6804,799,product_view,1021.0,2025-08-17 07:56:00
6805,854,visit,,2025-08-08 03:17:00
6806,854,product_view,1054.0,2025-08-08 03:20:00
6807,854,add_to_cart,1054.0,2025-08-08 03:24:00
6808,1430,visit,,2025-07-21 09:56:00
6809,1430,product_view,1048.0,2025-07-21 09:59:00
6810,807,visit,,2025-08-10 21:14:00
6811,807,product_view,1056.0,2025-08-10 21:19:00
6812,1412,visit,,2025-08-22 04:48:00
6813,1412,product_view,1090.0,2025-08-22 04:53:00
6814,695,visit,,2025-08-01 04:18:00
6815,695,product_view,1096.0,2025-08-01 04:22:00
6816,695,add_to_cart,1096.0,2025-08-01 04:24:00
6817,695,checkout,1096.0,2025-08-01 04:26:00
6818,695,purchase,1096.0,2025-08-01 04:27:00
6819,938,visit,,2025-09-21 22:59:00
6820,938,product_view,1111.0,2025-09-21 23:01:00
6821,1121,visit,,2025-07-29 10:17:00
6822,1121,product_view,1120.0,2025-07-29 10:20:00
6823,1121,add_to_cart,1120.0,2025-07-29 10:23:00
6824,1121,checkout,1120.0,2025-07-29 10:25:00
6825,1121,purchase,1120.0,2025-07-29 10:28:00
6826,846,visit,,2025-07-13 12:46:00
6827,846,product_view,1101.0,2025-07-13 12:49:00
6828,1209,visit,,2025-07-31 19:38:00
6829,1209,product_view,1082.0,2025-07-31 19:43:00
6830,159,visit,,2025-07-13 11:55:00
6831,159,product_view,1054.0,2025-07-13 12:00:00
6832,159,add_to_cart,1054.0,2025-07-13 12:04:00
6833,1056,visit,,2025-07-26 22:29:00
6834,1056,product_view,1084.0,2025-07-26 22:31:00
6835,1056,add_to_cart,1084.0,2025-07-26 22:33:00
6836,1056,checkout,1084.0,2025-07-26 22:35:00
6837,1056,purchase,1084.0,2025-07-26 22:38:00
6838,9,visit,,2025-08-05 17:39:00
6839,9,product_view,1013.0,2025-08-05 17:43:00
6840,1458,visit,,2025-09-10 04:24:00
6841,1458,product_view,1003.0,2025-09-10 04:29:00
6842,1458,add_to_cart,1003.0,2025-09-10 04:31:00
6843,585,visit,,2025-07-26 18:49:00
6844,585,product_view,1051.0,2025-07-26 18:53:00
6845,585,add_to_cart,1051.0,2025-07-26 18:56:00
6846,585,checkout,1051.0,2025-07-26 18:57:00
6847,1297,visit,,2025-08-19 22:18:00
6848,1297,product_view,1022.0,2025-08-19 22:22:00
6849,1297,add_to_cart,1022.0,2025-08-19 22:24:00
6850,1297,checkout,1022.0,2025-08-19 22:26:00
6851,1297,purchase,1022.0,2025-08-19 22:29:00
6852,1292,visit,,2025-08-08 00:13:00
6853,1292,product_view,1116.0,2025-08-08 00:18:00
6854,1292,add_to_cart,1116.0,2025-08-08 00:19:00
6855,225,visit,,2025-09-21 13:44:00
6856,1472,visit,,2025-09-11 14:05:00
6857,1472,product_view,1038.0,2025-09-11 14:09:00
6858,53,visit,,2025-09-26 17:14:00
6859,53,product_view,1053.0,2025-09-26 17:16:00
6860,68,visit,,2025-08-19 03:10:00
6861,68,product_view,1014.0,2025-08-19 03:15:00
6862,68,add_to_cart,1014.0,2025-08-19 03:19:00
6863,506,visit,,2025-09-16 08:46:00
6864,506,product_view,1073.0,2025-09-16 08:47:00
6865,506,add_to_cart,1073.0,2025-09-16 08:49:00
6866,506,checkout,1073.0,2025-09-16 08:51:00
6867,506,purchase,1073.0,2025-09-16 08:54:00
6868,988,visit,,2025-07-27 21:17:00
6869,988,product_view,1085.0,2025-07-27 21:18:00
6870,988,add_to_cart,1085.0,2025-07-27 21:21:00
6871,988,checkout,1085.0,2025-07-27 21:22:00
6872,890,visit,,2025-09-15 06:02:00
6873,890,product_view,1064.0,2025-09-15 06:05:00
6874,187,visit,,2025-08-21 00:18:00
6875,187,product_view,1014.0,2025-08-21 00:23:00
6876,171,visit,,2025-07-04 01:54:00
6877,171,product_view,1099.0,2025-07-04 01:56:00
6878,80,visit,,2025-09-06 17:53:00
6879,855,visit,,2025-07-16 12:58:00
6880,855,product_view,1119.0,2025-07-16 12:59:00
6881,149,visit,,2025-09-18 19:02:00
6882,149,product_view,1113.0,2025-09-18 19:04:00
6883,149,add_to_cart,1113.0,2025-09-18 19:06:00
6884,149,checkout,1113.0,2025-09-18 19:09:00
6885,620,visit,,2025-08-03 04:03:00
6886,620,product_view,1071.0,2025-08-03 04:05:00
6887,620,add_to_cart,1071.0,2025-08-03 04:06:00
6888,1159,visit,,2025-07-13 15:53:00
6889,1212,visit,,2025-07-27 17:24:00
6890,1212,product_view,1013.0,2025-07-27 17:27:00
6891,203,visit,,2025-09-28 02:50:00
6892,203,product_view,1110.0,2025-09-28 02:52:00
6893,1445,visit,,2025-09-13 21:19:00
6894,34,visit,,2025-08-08 14:42:00
6895,331,visit,,2025-09-05 17:51:00
6896,331,product_view,1120.0,2025-09-05 17:54:00
6897,331,add_to_cart,1120.0,2025-09-05 17:56:00
6898,941,visit,,2025-09-19 09:20:00
6899,941,product_view,1109.0,2025-09-19 09:24:00
6900,154,visit,,2025-09-16 06:27:00
6901,154,product_view,1099.0,2025-09-16 06:32:00
6902,154,add_to_cart,1099.0,2025-09-16 06:36:00
6903,154,checkout,1099.0,2025-09-16 06:38:00
6904,154,purchase,1099.0,2025-09-16 06:39:00
6905,1135,visit,,2025-07-11 01:58:00
6906,1135,product_view,1101.0,2025-07-11 02:01:00
6907,228,visit,,2025-08-18 03:50:00
6908,228,product_view,1085.0,2025-08-18 03:53:00
6909,228,add_to_cart,1085.0,2025-08-18 03:55:00
6910,228,checkout,1085.0,2025-08-18 03:57:00
6911,156,visit,,2025-07-31 02:58:00
6912,156,product_view,1091.0,2025-07-31 03:01:00
6913,156,add_to_cart,1091.0,2025-07-31 03:05:00
6914,380,visit,,2025-07-09 13:35:00
6915,380,product_view,1050.0,2025-07-09 13:38:00
6916,380,add_to_cart,1050.0,2025-07-09 13:41:00
6917,380,checkout,1050.0,2025-07-09 13:44:00
6918,380,purchase,1050.0,2025-07-09 13:46:00
6919,5,visit,,2025-09-20 11:18:00
6920,5,product_view,1018.0,2025-09-20 11:19:00
6921,956,visit,,2025-09-08 19:45:00
6922,956,product_view,1075.0,2025-09-08 19:50:00
6923,956,add_to_cart,1075.0,2025-09-08 19:53:00
6924,956,checkout,1075.0,2025-09-08 19:56:00
6925,956,purchase,1075.0,2025-09-08 19:59:00
6926,453,visit,,2025-07-04 11:06:00
6927,453,product_view,1008.0,2025-07-04 11:09:00
6928,453,add_to_cart,1008.0,2025-07-04 11:12:00
6929,824,visit,,2025-08-16 11:49:00
6930,824,product_view,1027.0,2025-08-16 11:51:00
6931,378,visit,,2025-09-20 23:05:00
6932,378,product_view,1058.0,2025-09-20 23:09:00
6933,378,add_to_cart,1058.0,2025-09-20 23:12:00
6934,378,checkout,1058.0,2025-09-20 23:13:00
6935,378,purchase,1058.0,2025-09-20 23:14:00
6936,47,visit,,2025-07-06 02:18:00
6937,1340,visit,,2025-08-05 03:53:00
6938,1340,product_view,1118.0,2025-08-05 03:57:00
6939,1340,add_to_cart,1118.0,2025-08-05 04:01:00
6940,534,visit,,2025-09-28 16:28:00
6941,534,product_view,1006.0,2025-09-28 16:29:00
6942,8,visit,,2025-08-22 13:34:00
6943,8,product_view,1082.0,2025-08-22 13:37:00
6944,206,visit,,2025-07-18 17:09:00
6945,206,product_view,1063.0,2025-07-18 17:13:00
6946,206,add_to_cart,1063.0,2025-07-18 17:14:00
6947,206,checkout,1063.0,2025-07-18 17:17:00
6948,206,purchase,1063.0,2025-07-18 17:18:00
6949,1131,visit,,2025-07-24 05:35:00
6950,1131,product_view,1019.0,2025-07-24 05:36:00
6951,1131,add_to_cart,1019.0,2025-07-24 05:40:00
6952,1131,checkout,1019.0,2025-07-24 05:41:00
6953,1131,purchase,1019.0,2025-07-24 05:43:00
6954,1211,visit,,2025-08-08 01:00:00
6955,1211,product_view,1077.0,2025-08-08 01:01:00
6956,1136,visit,,2025-08-27 19:51:00
6957,1136,product_view,1035.0,2025-08-27 19:54:00
6958,209,visit,,2025-07-15 07:22:00
6959,209,product_view,1091.0,2025-07-15 07:25:00
6960,209,add_to_cart,1091.0,2025-07-15 07:29:00
6961,338,visit,,2025-09-21 16:37:00
6962,338,product_view,1099.0,2025-09-21 16:38:00
6963,895,visit,,2025-07-16 20:44:00
6964,737,visit,,2025-09-10 01:38:00
6965,737,product_view,1063.0,2025-09-10 01:43:00
6966,737,add_to_cart,1063.0,2025-09-10 01:45:00
6967,36,visit,,2025-07-10 00:57:00
6968,36,product_view,1109.0,2025-07-10 01:02:00
6969,36,add_to_cart,1109.0,2025-07-10 01:05:00
6970,36,checkout,1109.0,2025-07-10 01:06:00
6971,36,purchase,1109.0,2025-07-10 01:07:00
6972,196,visit,,2025-09-22 08:18:00
6973,196,product_view,1120.0,2025-09-22 08:22:00
6974,590,visit,,2025-09-19 04:35:00
6975,590,product_view,1094.0,2025-09-19 04:36:00
6976,1381,visit,,2025-09-17 07:01:00
6977,1381,product_view,1072.0,2025-09-17 07:04:00
6978,1381,add_to_cart,1072.0,2025-09-17 07:05:00
6979,466,visit,,2025-09-10 18:49:00
6980,466,product_view,1060.0,2025-09-10 18:51:00
6981,466,add_to_cart,1060.0,2025-09-10 18:55:00
6982,466,checkout,1060.0,2025-09-10 18:56:00
6983,825,visit,,2025-09-12 00:20:00
6984,825,product_view,1077.0,2025-09-12 00:25:00
6985,825,add_to_cart,1077.0,2025-09-12 00:28:00
6986,763,visit,,2025-09-12 09:44:00
6987,763,product_view,1076.0,2025-09-12 09:49:00
6988,383,visit,,2025-07-01 13:38:00
6989,1161,visit,,2025-07-07 22:19:00
6990,1161,product_view,1082.0,2025-07-07 22:21:00
6991,1161,add_to_cart,1082.0,2025-07-07 22:25:00
6992,1161,checkout,1082.0,2025-07-07 22:26:00
6993,796,visit,,2025-08-23 14:15:00
6994,796,product_view,1043.0,2025-08-23 14:18:00
6995,796,add_to_cart,1043.0,2025-08-23 14:19:00
6996,796,checkout,1043.0,2025-08-23 14:21:00
6997,796,purchase,1043.0,2025-08-23 14:23:00
6998,457,visit,,2025-09-23 17:04:00
6999,457,product_view,1054.0,2025-09-23 17:09:00
7000,457,add_to_cart,1054.0,2025-09-23 17:12:00
7001,457,checkout,1054.0,2025-09-23 17:13:00
7002,457,purchase,1054.0,2025-09-23 17:14:00
7003,1481,visit,,2025-09-17 19:10:00
7004,1481,product_view,1052.0,2025-09-17 19:14:00
7005,1481,add_to_cart,1052.0,2025-09-17 19:17:00
7006,1481,checkout,1052.0,2025-09-17 19:19:00
7007,370,visit,,2025-07-02 17:18:00
7008,370,product_view,1042.0,2025-07-02 17:20:00
7009,514,visit,,2025-07-28 09:32:00
7010,514,product_view,1023.0,2025-07-28 09:33:00
7011,514,add_to_cart,1023.0,2025-07-28 09:37:00
7012,631,visit,,2025-08-12 10:15:00
7013,816,visit,,2025-07-14 10:34:00
7014,816,product_view,1077.0,2025-07-14 10:38:00
7015,816,add_to_cart,1077.0,2025-07-14 10:39:00
7016,816,checkout,1077.0,2025-07-14 10:41:00
7017,816,purchase,1077.0,2025-07-14 10:43:00
7018,333,visit,,2025-07-22 11:28:00
7019,333,product_view,1036.0,2025-07-22 11:30:00
7020,333,add_to_cart,1036.0,2025-07-22 11:32:00
7021,333,checkout,1036.0,2025-07-22 11:34:00
7022,333,purchase,1036.0,2025-07-22 11:36:00
7023,372,visit,,2025-07-29 02:20:00
7024,372,product_view,1120.0,2025-07-29 02:22:00
7025,372,add_to_cart,1120.0,2025-07-29 02:24:00
7026,372,checkout,1120.0,2025-07-29 02:25:00
7027,287,visit,,2025-08-25 12:11:00
7028,1414,visit,,2025-09-15 02:28:00
7029,1414,product_view,1080.0,2025-09-15 02:32:00
7030,1414,add_to_cart,1080.0,2025-09-15 02:34:00
7031,1414,checkout,1080.0,2025-09-15 02:35:00
7032,1414,purchase,1080.0,2025-09-15 02:36:00
7033,951,visit,,2025-07-23 03:22:00
7034,951,product_view,1070.0,2025-07-23 03:27:00
7035,951,add_to_cart,1070.0,2025-07-23 03:31:00
7036,951,checkout,1070.0,2025-07-23 03:32:00
7037,951,purchase,1070.0,2025-07-23 03:33:00
7038,454,visit,,2025-08-15 01:13:00
7039,454,product_view,1017.0,2025-08-15 01:15:00
7040,1025,visit,,2025-08-08 17:49:00
7041,734,visit,,2025-07-24 04:02:00
7042,734,product_view,1001.0,2025-07-24 04:07:00
7043,734,add_to_cart,1001.0,2025-07-24 04:09:00
7044,734,checkout,1001.0,2025-07-24 04:10:00
7045,734,purchase,1001.0,2025-07-24 04:11:00
7046,1238,visit,,2025-07-11 19:03:00
7047,1238,product_view,1063.0,2025-07-11 19:04:00
7048,1238,add_to_cart,1063.0,2025-07-11 19:07:00
7049,1238,checkout,1063.0,2025-07-11 19:09:00
7050,1238,purchase,1063.0,2025-07-11 19:11:00
7051,1466,visit,,2025-09-25 08:44:00
7052,1466,product_view,1092.0,2025-09-25 08:49:00
7053,725,visit,,2025-08-09 00:46:00
7054,725,product_view,1077.0,2025-08-09 00:51:00
7055,293,visit,,2025-07-01 09:50:00
7056,293,product_view,1030.0,2025-07-01 09:52:00
7057,293,add_to_cart,1030.0,2025-07-01 09:54:00
7058,293,checkout,1030.0,2025-07-01 09:56:00
7059,293,purchase,1030.0,2025-07-01 09:58:00
7060,1095,visit,,2025-07-10 09:21:00
7061,1095,product_view,1099.0,2025-07-10 09:25:00
7062,502,visit,,2025-07-02 23:07:00
7063,502,product_view,1057.0,2025-07-02 23:10:00
7064,502,add_to_cart,1057.0,2025-07-02 23:11:00
7065,1373,visit,,2025-09-02 13:26:00
7066,1373,product_view,1058.0,2025-09-02 13:29:00
7067,1373,add_to_cart,1058.0,2025-09-02 13:31:00
7068,1328,visit,,2025-08-23 02:08:00
7069,1328,product_view,1115.0,2025-08-23 02:13:00
7070,1328,add_to_cart,1115.0,2025-08-23 02:14:00
7071,1328,visit,,2025-08-31 17:03:00
7072,1328,product_view,1042.0,2025-08-31 17:04:00
7073,1280,visit,,2025-07-20 04:15:00
7074,1280,product_view,1008.0,2025-07-20 04:16:00
7075,1280,add_to_cart,1008.0,2025-07-20 04:20:00
7076,1280,checkout,1008.0,2025-07-20 04:23:00
7077,1296,visit,,2025-07-27 10:15:00
7078,1296,product_view,1055.0,2025-07-27 10:17:00
7079,253,visit,,2025-08-15 18:09:00
7080,253,product_view,1070.0,2025-08-15 18:11:00
7081,253,add_to_cart,1070.0,2025-08-15 18:14:00
7082,253,checkout,1070.0,2025-08-15 18:16:00
7083,253,purchase,1070.0,2025-08-15 18:18:00
7084,171,visit,,2025-07-20 19:19:00
7085,171,product_view,1037.0,2025-07-20 19:20:00
7086,171,add_to_cart,1037.0,2025-07-20 19:22:00
7087,171,checkout,1037.0,2025-07-20 19:24:00
7088,504,visit,,2025-09-07 18:58:00
7089,504,product_view,1073.0,2025-09-07 19:00:00
7090,150,visit,,2025-07-19 08:27:00
7091,150,product_view,1027.0,2025-07-19 08:32:00
7092,779,visit,,2025-07-27 04:30:00
7093,779,product_view,1079.0,2025-07-27 04:35:00
7094,212,visit,,2025-09-23 17:12:00
7095,212,product_view,1063.0,2025-09-23 17:16:00
7096,212,add_to_cart,1063.0,2025-09-23 17:17:00
7097,699,visit,,2025-07-27 16:08:00
7098,699,product_view,1115.0,2025-07-27 16:09:00
7099,1367,visit,,2025-07-04 12:51:00
7100,1367,product_view,1112.0,2025-07-04 12:55:00
7101,1367,add_to_cart,1112.0,2025-07-04 12:57:00
7102,1367,checkout,1112.0,2025-07-04 12:58:00
7103,756,visit,,2025-07-19 15:11:00
7104,648,visit,,2025-07-29 07:31:00
7105,749,visit,,2025-08-20 10:59:00
7106,749,product_view,1087.0,2025-08-20 11:04:00
7107,749,add_to_cart,1087.0,2025-08-20 11:08:00
7108,749,checkout,1087.0,2025-08-20 11:10:00
7109,749,purchase,1087.0,2025-08-20 11:13:00
7110,328,visit,,2025-08-05 18:18:00
7111,328,product_view,1022.0,2025-08-05 18:19:00
7112,328,add_to_cart,1022.0,2025-08-05 18:23:00
7113,328,checkout,1022.0,2025-08-05 18:25:00
7114,328,purchase,1022.0,2025-08-05 18:27:00
7115,266,visit,,2025-08-23 10:24:00
7116,266,product_view,1073.0,2025-08-23 10:27:00
7117,293,visit,,2025-09-25 01:55:00
7118,293,product_view,1105.0,2025-09-25 01:57:00
7119,856,visit,,2025-09-02 05:38:00
7120,655,visit,,2025-07-03 19:28:00
7121,655,product_view,1090.0,2025-07-03 19:30:00
7122,655,add_to_cart,1090.0,2025-07-03 19:33:00
7123,150,visit,,2025-09-12 03:19:00
7124,150,product_view,1017.0,2025-09-12 03:22:00
7125,382,visit,,2025-07-26 09:57:00
7126,382,product_view,1019.0,2025-07-26 10:02:00
7127,1413,visit,,2025-09-28 21:46:00
7128,1413,product_view,1120.0,2025-09-28 21:49:00
7129,1010,visit,,2025-09-11 14:54:00
7130,766,visit,,2025-09-05 09:44:00
7131,766,product_view,1015.0,2025-09-05 09:48:00
7132,766,add_to_cart,1015.0,2025-09-05 09:50:00
7133,766,checkout,1015.0,2025-09-05 09:53:00
7134,766,purchase,1015.0,2025-09-05 09:55:00
7135,1138,visit,,2025-07-19 07:12:00
7136,1138,product_view,1088.0,2025-07-19 07:14:00
7137,1163,visit,,2025-09-29 08:20:00
7138,1163,product_view,1090.0,2025-09-29 08:24:00
7139,1163,add_to_cart,1090.0,2025-09-29 08:28:00
7140,1163,checkout,1090.0,2025-09-29 08:29:00
7141,1163,purchase,1090.0,2025-09-29 08:30:00
7142,288,visit,,2025-09-05 13:12:00
7143,288,product_view,1109.0,2025-09-05 13:13:00
7144,311,visit,,2025-07-07 23:43:00
7145,311,product_view,1004.0,2025-07-07 23:48:00
7146,260,visit,,2025-08-02 17:13:00
7147,260,product_view,1050.0,2025-08-02 17:15:00
7148,260,add_to_cart,1050.0,2025-08-02 17:19:00
7149,781,visit,,2025-09-04 05:44:00
7150,781,product_view,1003.0,2025-09-04 05:48:00
7151,781,add_to_cart,1003.0,2025-09-04 05:49:00
7152,781,visit,,2025-08-12 20:43:00
7153,781,product_view,1002.0,2025-08-12 20:46:00
7154,1228,visit,,2025-07-04 17:23:00
7155,574,visit,,2025-07-07 03:55:00
7156,574,product_view,1073.0,2025-07-07 03:58:00
7157,192,visit,,2025-09-11 06:23:00
7158,192,product_view,1117.0,2025-09-11 06:24:00
7159,192,add_to_cart,1117.0,2025-09-11 06:27:00
7160,192,checkout,1117.0,2025-09-11 06:28:00
7161,192,purchase,1117.0,2025-09-11 06:31:00
7162,1416,visit,,2025-09-29 20:03:00
7163,1416,product_view,1115.0,2025-09-29 20:04:00
7164,1416,add_to_cart,1115.0,2025-09-29 20:05:00
7165,1416,checkout,1115.0,2025-09-29 20:08:00
7166,1416,purchase,1115.0,2025-09-29 20:10:00
7167,557,visit,,2025-07-09 11:25:00
7168,557,product_view,1031.0,2025-07-09 11:30:00
7169,557,add_to_cart,1031.0,2025-07-09 11:32:00
7170,392,visit,,2025-09-20 20:06:00
7171,392,product_view,1067.0,2025-09-20 20:08:00
7172,392,add_to_cart,1067.0,2025-09-20 20:12:00
7173,392,checkout,1067.0,2025-09-20 20:15:00
7174,392,purchase,1067.0,2025-09-20 20:16:00
7175,1310,visit,,2025-07-14 12:33:00
7176,782,visit,,2025-08-27 03:31:00
7177,782,product_view,1037.0,2025-08-27 03:35:00
7178,782,add_to_cart,1037.0,2025-08-27 03:36:00
7179,782,checkout,1037.0,2025-08-27 03:39:00
7180,782,purchase,1037.0,2025-08-27 03:41:00
7181,211,visit,,2025-09-16 16:44:00
7182,211,product_view,1052.0,2025-09-16 16:46:00
7183,211,add_to_cart,1052.0,2025-09-16 16:47:00
7184,211,checkout,1052.0,2025-09-16 16:48:00
7185,211,purchase,1052.0,2025-09-16 16:50:00
7186,1060,visit,,2025-07-15 02:36:00
7187,1060,product_view,1055.0,2025-07-15 02:40:00
7188,1060,add_to_cart,1055.0,2025-07-15 02:42:00
7189,328,visit,,2025-07-09 15:55:00
7190,328,product_view,1053.0,2025-07-09 15:58:00
7191,682,visit,,2025-07-27 11:12:00
7192,682,product_view,1069.0,2025-07-27 11:17:00
7193,682,add_to_cart,1069.0,2025-07-27 11:20:00
7194,682,checkout,1069.0,2025-07-27 11:22:00
7195,1118,visit,,2025-08-01 11:15:00
7196,1185,visit,,2025-09-14 16:10:00
7197,1185,product_view,1084.0,2025-09-14 16:14:00
7198,1185,add_to_cart,1084.0,2025-09-14 16:16:00
7199,1185,checkout,1084.0,2025-09-14 16:19:00
7200,1185,purchase,1084.0,2025-09-14 16:22:00
7201,137,visit,,2025-08-12 17:52:00
7202,137,product_view,1088.0,2025-08-12 17:56:00
7203,137,add_to_cart,1088.0,2025-08-12 18:00:00
7204,137,checkout,1088.0,2025-08-12 18:01:00
7205,137,purchase,1088.0,2025-08-12 18:02:00
7206,311,visit,,2025-09-04 10:13:00
7207,311,product_view,1101.0,2025-09-04 10:17:00
7208,311,add_to_cart,1101.0,2025-09-04 10:21:00
7209,311,checkout,1101.0,2025-09-04 10:24:00
7210,455,visit,,2025-08-10 02:40:00
7211,455,product_view,1033.0,2025-08-10 02:41:00
7212,455,add_to_cart,1033.0,2025-08-10 02:43:00
7213,760,visit,,2025-08-24 03:15:00
7214,760,product_view,1039.0,2025-08-24 03:20:00
7215,760,add_to_cart,1039.0,2025-08-24 03:22:00
7216,16,visit,,2025-09-11 15:08:00
7217,17,visit,,2025-08-28 07:35:00
7218,342,visit,,2025-08-30 15:29:00
7219,238,visit,,2025-09-03 09:08:00
7220,238,product_view,1016.0,2025-09-03 09:12:00
7221,799,visit,,2025-07-01 19:03:00
7222,799,product_view,1026.0,2025-07-01 19:04:00
7223,799,add_to_cart,1026.0,2025-07-01 19:05:00
7224,1468,visit,,2025-08-05 04:12:00
7225,1468,product_view,1110.0,2025-08-05 04:15:00
7226,1468,add_to_cart,1110.0,2025-08-05 04:16:00
7227,1468,checkout,1110.0,2025-08-05 04:19:00
7228,1468,purchase,1110.0,2025-08-05 04:22:00
7229,916,visit,,2025-07-13 19:53:00
7230,1458,visit,,2025-08-24 03:43:00
7231,1458,product_view,1116.0,2025-08-24 03:47:00
7232,1458,add_to_cart,1116.0,2025-08-24 03:50:00
7233,890,visit,,2025-08-21 12:49:00
7234,890,product_view,1045.0,2025-08-21 12:52:00
7235,890,add_to_cart,1045.0,2025-08-21 12:56:00
7236,890,checkout,1045.0,2025-08-21 12:57:00
7237,890,purchase,1045.0,2025-08-21 12:59:00
7238,36,visit,,2025-08-16 04:10:00
7239,577,visit,,2025-09-25 12:43:00
7240,577,product_view,1018.0,2025-09-25 12:45:00
7241,1279,visit,,2025-09-27 05:08:00
7242,1279,product_view,1026.0,2025-09-27 05:13:00
7243,1279,add_to_cart,1026.0,2025-09-27 05:16:00
7244,1279,checkout,1026.0,2025-09-27 05:19:00
7245,940,visit,,2025-08-16 22:18:00
7246,940,product_view,1003.0,2025-08-16 22:20:00
7247,940,add_to_cart,1003.0,2025-08-16 22:21:00
7248,940,checkout,1003.0,2025-08-16 22:24:00
7249,940,purchase,1003.0,2025-08-16 22:25:00
7250,77,visit,,2025-09-28 03:02:00
7251,77,product_view,1096.0,2025-09-28 03:04:00
7252,77,add_to_cart,1096.0,2025-09-28 03:05:00
7253,77,checkout,1096.0,2025-09-28 03:06:00
7254,77,purchase,1096.0,2025-09-28 03:09:00
7255,1470,visit,,2025-09-24 08:54:00
7256,1470,product_view,1027.0,2025-09-24 08:57:00
7257,1140,visit,,2025-07-27 07:20:00
7258,1140,product_view,1118.0,2025-07-27 07:25:00
7259,734,visit,,2025-07-12 19:11:00
7260,734,product_view,1063.0,2025-07-12 19:16:00
7261,734,add_to_cart,1063.0,2025-07-12 19:17:00
7262,788,visit,,2025-09-29 16:59:00
7263,788,product_view,1032.0,2025-09-29 17:03:00
7264,1391,visit,,2025-07-31 04:01:00
7265,188,visit,,2025-09-27 04:52:00
7266,188,product_view,1064.0,2025-09-27 04:56:00
7267,188,add_to_cart,1064.0,2025-09-27 04:58:00
7268,188,checkout,1064.0,2025-09-27 05:01:00
7269,188,purchase,1064.0,2025-09-27 05:04:00
7270,1476,visit,,2025-09-24 04:18:00
7271,1476,product_view,1064.0,2025-09-24 04:19:00
7272,1384,visit,,2025-07-19 00:34:00
7273,1384,product_view,1085.0,2025-07-19 00:35:00
7274,1384,add_to_cart,1085.0,2025-07-19 00:39:00
7275,655,visit,,2025-09-14 00:35:00
7276,655,product_view,1012.0,2025-09-14 00:38:00
7277,655,add_to_cart,1012.0,2025-09-14 00:40:00
7278,655,checkout,1012.0,2025-09-14 00:41:00
7279,655,purchase,1012.0,2025-09-14 00:44:00
7280,1495,visit,,2025-09-21 22:46:00
7281,1495,product_view,1008.0,2025-09-21 22:48:00
7282,1495,add_to_cart,1008.0,2025-09-21 22:52:00
7283,445,visit,,2025-09-15 22:48:00
7284,445,product_view,1049.0,2025-09-15 22:50:00
7285,184,visit,,2025-07-08 01:46:00
7286,184,product_view,1117.0,2025-07-08 01:47:00
7287,184,add_to_cart,1117.0,2025-07-08 01:49:00
7288,184,checkout,1117.0,2025-07-08 01:51:00
7289,184,purchase,1117.0,2025-07-08 01:54:00
7290,635,visit,,2025-09-07 01:11:00
7291,635,product_view,1110.0,2025-09-07 01:13:00
7292,635,add_to_cart,1110.0,2025-09-07 01:16:00
7293,635,checkout,1110.0,2025-09-07 01:19:00
7294,1230,visit,,2025-07-24 19:43:00
7295,1230,product_view,1097.0,2025-07-24 19:45:00
7296,1230,add_to_cart,1097.0,2025-07-24 19:48:00
7297,1298,visit,,2025-08-23 13:05:00
7298,1298,product_view,1057.0,2025-08-23 13:09:00
7299,1298,add_to_cart,1057.0,2025-08-23 13:10:00
7300,1298,checkout,1057.0,2025-08-23 13:11:00
7301,1298,purchase,1057.0,2025-08-23 13:12:00
7302,1301,visit,,2025-09-05 02:22:00
7303,1172,visit,,2025-08-28 22:16:00
7304,1172,product_view,1039.0,2025-08-28 22:17:00
7305,1471,visit,,2025-07-10 02:02:00
7306,1395,visit,,2025-07-28 21:49:00
7307,1395,product_view,1071.0,2025-07-28 21:50:00
7308,887,visit,,2025-07-26 19:28:00
7309,887,product_view,1064.0,2025-07-26 19:31:00
7310,194,visit,,2025-09-13 03:47:00
7311,194,product_view,1072.0,2025-09-13 03:51:00
7312,972,visit,,2025-08-15 20:01:00
7313,972,product_view,1053.0,2025-08-15 20:02:00
7314,972,add_to_cart,1053.0,2025-08-15 20:06:00
7315,972,checkout,1053.0,2025-08-15 20:09:00
7316,1043,visit,,2025-08-31 12:55:00
7317,1348,visit,,2025-09-08 06:26:00
7318,886,visit,,2025-09-06 21:42:00
7319,886,product_view,1070.0,2025-09-06 21:43:00
7320,813,visit,,2025-09-20 05:29:00
7321,353,visit,,2025-07-21 05:27:00
7322,353,product_view,1076.0,2025-07-21 05:31:00
7323,353,add_to_cart,1076.0,2025-07-21 05:32:00
7324,353,checkout,1076.0,2025-07-21 05:35:00
7325,353,purchase,1076.0,2025-07-21 05:38:00
7326,176,visit,,2025-08-11 05:11:00
7327,176,product_view,1051.0,2025-08-11 05:16:00
7328,1463,visit,,2025-09-16 00:29:00
7329,1463,product_view,1069.0,2025-09-16 00:34:00
7330,1463,add_to_cart,1069.0,2025-09-16 00:37:00
7331,1463,checkout,1069.0,2025-09-16 00:38:00
7332,1463,purchase,1069.0,2025-09-16 00:40:00
7333,977,visit,,2025-08-29 04:27:00
7334,977,product_view,1062.0,2025-08-29 04:32:00
7335,779,visit,,2025-07-04 17:53:00
7336,779,product_view,1038.0,2025-07-04 17:58:00
7337,779,add_to_cart,1038.0,2025-07-04 17:59:00
7338,779,checkout,1038.0,2025-07-04 18:00:00
7339,596,visit,,2025-08-26 03:57:00
7340,794,visit,,2025-08-31 17:37:00
7341,794,product_view,1043.0,2025-08-31 17:38:00
7342,285,visit,,2025-08-15 12:22:00
7343,285,product_view,1076.0,2025-08-15 12:27:00
7344,285,add_to_cart,1076.0,2025-08-15 12:28:00
7345,285,checkout,1076.0,2025-08-15 12:30:00
7346,285,purchase,1076.0,2025-08-15 12:31:00
7347,1335,visit,,2025-07-06 00:45:00
7348,1335,product_view,1047.0,2025-07-06 00:48:00
7349,1335,add_to_cart,1047.0,2025-07-06 00:50:00
7350,1335,checkout,1047.0,2025-07-06 00:52:00
7351,1335,purchase,1047.0,2025-07-06 00:54:00
7352,1310,visit,,2025-07-07 20:14:00
7353,1310,product_view,1060.0,2025-07-07 20:16:00
7354,37,visit,,2025-07-14 23:56:00
7355,37,product_view,1016.0,2025-07-14 23:57:00
7356,37,add_to_cart,1016.0,2025-07-15 00:01:00
7357,74,visit,,2025-08-05 05:36:00
7358,74,product_view,1064.0,2025-08-05 05:37:00
7359,74,add_to_cart,1064.0,2025-08-05 05:40:00
7360,74,checkout,1064.0,2025-08-05 05:41:00
7361,74,purchase,1064.0,2025-08-05 05:42:00
7362,1239,visit,,2025-07-16 20:35:00
7363,1239,product_view,1027.0,2025-07-16 20:37:00
7364,28,visit,,2025-09-02 20:12:00
7365,28,product_view,1101.0,2025-09-02 20:14:00
7366,354,visit,,2025-08-19 20:45:00
7367,354,product_view,1116.0,2025-08-19 20:48:00
7368,1176,visit,,2025-08-16 07:30:00
7369,1301,visit,,2025-07-04 22:51:00
7370,1301,product_view,1037.0,2025-07-04 22:52:00
7371,568,visit,,2025-08-20 21:38:00
7372,568,product_view,1040.0,2025-08-20 21:42:00
7373,1016,visit,,2025-07-07 23:24:00
7374,1016,product_view,1033.0,2025-07-07 23:28:00
7375,742,visit,,2025-08-08 08:23:00
7376,742,product_view,1083.0,2025-08-08 08:26:00
7377,575,visit,,2025-09-22 13:57:00
7378,575,product_view,1049.0,2025-09-22 14:02:00
7379,858,visit,,2025-09-04 06:42:00
7380,858,product_view,1046.0,2025-09-04 06:45:00
7381,858,add_to_cart,1046.0,2025-09-04 06:48:00
7382,858,checkout,1046.0,2025-09-04 06:49:00
7383,858,purchase,1046.0,2025-09-04 06:51:00
7384,1121,visit,,2025-09-19 05:54:00
7385,1121,product_view,1055.0,2025-09-19 05:58:00
7386,1121,add_to_cart,1055.0,2025-09-19 06:02:00
7387,1061,visit,,2025-07-31 04:01:00
7388,944,visit,,2025-08-16 16:30:00
7389,944,product_view,1061.0,2025-08-16 16:35:00
7390,596,visit,,2025-07-21 20:26:00
7391,596,product_view,1032.0,2025-07-21 20:31:00
7392,1346,visit,,2025-09-22 08:19:00
7393,1346,product_view,1107.0,2025-09-22 08:23:00
7394,1415,visit,,2025-09-07 01:22:00
7395,1415,product_view,1044.0,2025-09-07 01:25:00
7396,1415,add_to_cart,1044.0,2025-09-07 01:26:00
7397,1415,checkout,1044.0,2025-09-07 01:29:00
7398,1415,purchase,1044.0,2025-09-07 01:30:00
7399,552,visit,,2025-08-29 05:46:00
7400,552,product_view,1052.0,2025-08-29 05:47:00
7401,552,add_to_cart,1052.0,2025-08-29 05:50:00
7402,552,checkout,1052.0,2025-08-29 05:53:00
7403,1162,visit,,2025-09-28 14:28:00
7404,1162,product_view,1006.0,2025-09-28 14:32:00
7405,1209,visit,,2025-08-04 20:50:00
7406,1366,visit,,2025-09-26 00:15:00
7407,1366,product_view,1081.0,2025-09-26 00:16:00
7408,1366,add_to_cart,1081.0,2025-09-26 00:18:00
7409,1366,checkout,1081.0,2025-09-26 00:20:00
7410,1366,purchase,1081.0,2025-09-26 00:21:00
7411,272,visit,,2025-09-28 20:00:00
7412,272,product_view,1089.0,2025-09-28 20:03:00
7413,272,add_to_cart,1089.0,2025-09-28 20:05:00
7414,193,visit,,2025-07-27 10:14:00
7415,286,visit,,2025-08-29 19:16:00
7416,286,product_view,1117.0,2025-08-29 19:18:00
7417,1007,visit,,2025-08-12 06:05:00
7418,1007,product_view,1080.0,2025-08-12 06:06:00
7419,1007,add_to_cart,1080.0,2025-08-12 06:08:00
7420,1180,visit,,2025-08-05 05:25:00
7421,1180,product_view,1004.0,2025-08-05 05:29:00
7422,306,visit,,2025-08-25 21:24:00
7423,1368,visit,,2025-07-15 22:03:00
7424,1368,product_view,1045.0,2025-07-15 22:07:00
7425,1368,add_to_cart,1045.0,2025-07-15 22:09:00
7426,1368,checkout,1045.0,2025-07-15 22:12:00
7427,1368,purchase,1045.0,2025-07-15 22:14:00
7428,165,visit,,2025-09-19 13:02:00
7429,165,product_view,1034.0,2025-09-19 13:03:00
7430,664,visit,,2025-07-11 15:42:00
7431,624,visit,,2025-08-15 10:48:00
7432,624,product_view,1045.0,2025-08-15 10:52:00
7433,856,visit,,2025-08-30 05:34:00
7434,856,product_view,1018.0,2025-08-30 05:38:00
7435,856,add_to_cart,1018.0,2025-08-30 05:40:00
7436,856,checkout,1018.0,2025-08-30 05:42:00
7437,856,purchase,1018.0,2025-08-30 05:43:00
7438,1368,visit,,2025-08-30 11:27:00
7439,1368,product_view,1041.0,2025-08-30 11:29:00
7440,528,visit,,2025-07-13 05:48:00
7441,528,product_view,1114.0,2025-07-13 05:53:00
7442,528,add_to_cart,1114.0,2025-07-13 05:54:00
7443,528,checkout,1114.0,2025-07-13 05:57:00
7444,528,purchase,1114.0,2025-07-13 05:58:00
7445,1207,visit,,2025-07-08 13:36:00
7446,1207,product_view,1080.0,2025-07-08 13:41:00
7447,493,visit,,2025-07-31 19:38:00
7448,493,product_view,1003.0,2025-07-31 19:39:00
7449,493,add_to_cart,1003.0,2025-07-31 19:43:00
7450,637,visit,,2025-07-05 22:21:00
7451,637,product_view,1043.0,2025-07-05 22:26:00
7452,637,add_to_cart,1043.0,2025-07-05 22:28:00
7453,1442,visit,,2025-08-23 14:14:00
7454,1442,product_view,1093.0,2025-08-23 14:15:00
7455,441,visit,,2025-07-30 16:58:00
7456,441,product_view,1036.0,2025-07-30 16:59:00
7457,441,add_to_cart,1036.0,2025-07-30 17:02:00
7458,186,visit,,2025-08-07 20:09:00
7459,186,product_view,1085.0,2025-08-07 20:12:00
7460,497,visit,,2025-08-08 11:02:00
7461,297,visit,,2025-07-23 23:15:00
7462,297,product_view,1071.0,2025-07-23 23:18:00
7463,297,add_to_cart,1071.0,2025-07-23 23:21:00
7464,905,visit,,2025-08-29 05:38:00
7465,905,product_view,1049.0,2025-08-29 05:39:00
7466,600,visit,,2025-07-04 23:18:00
7467,600,product_view,1076.0,2025-07-04 23:20:00
7468,1068,visit,,2025-09-29 06:41:00
7469,1068,product_view,1109.0,2025-09-29 06:45:00
7470,763,visit,,2025-07-11 01:43:00
7471,763,product_view,1029.0,2025-07-11 01:45:00
7472,1199,visit,,2025-08-31 03:43:00
7473,1199,product_view,1062.0,2025-08-31 03:46:00
7474,1199,add_to_cart,1062.0,2025-08-31 03:48:00
7475,235,visit,,2025-08-29 19:08:00
7476,235,product_view,1087.0,2025-08-29 19:11:00
7477,926,visit,,2025-07-21 16:07:00
7478,926,product_view,1028.0,2025-07-21 16:09:00
7479,171,visit,,2025-07-07 23:32:00
7480,171,product_view,1096.0,2025-07-07 23:37:00
7481,171,add_to_cart,1096.0,2025-07-07 23:38:00
7482,171,checkout,1096.0,2025-07-07 23:39:00
7483,171,purchase,1096.0,2025-07-07 23:40:00
7484,907,visit,,2025-09-25 14:27:00
7485,907,product_view,1028.0,2025-09-25 14:28:00
7486,736,visit,,2025-09-11 16:43:00
7487,736,product_view,1018.0,2025-09-11 16:44:00
7488,736,add_to_cart,1018.0,2025-09-11 16:47:00
7489,736,checkout,1018.0,2025-09-11 16:50:00
7490,1493,visit,,2025-08-17 06:03:00
7491,1493,product_view,1011.0,2025-08-17 06:06:00
7492,1493,add_to_cart,1011.0,2025-08-17 06:08:00
7493,1493,checkout,1011.0,2025-08-17 06:11:00
7494,1493,purchase,1011.0,2025-08-17 06:14:00
7495,1148,visit,,2025-09-10 19:02:00
7496,635,visit,,2025-08-14 01:10:00
7497,635,product_view,1082.0,2025-08-14 01:15:00
7498,635,add_to_cart,1082.0,2025-08-14 01:19:00
7499,635,checkout,1082.0,2025-08-14 01:22:00
7500,558,visit,,2025-09-16 23:50:00
7501,558,product_view,1002.0,2025-09-16 23:54:00
7502,941,visit,,2025-08-14 09:40:00
7503,941,product_view,1087.0,2025-08-14 09:42:00
7504,941,add_to_cart,1087.0,2025-08-14 09:46:00
7505,941,checkout,1087.0,2025-08-14 09:47:00
7506,941,purchase,1087.0,2025-08-14 09:48:00
7507,1362,visit,,2025-08-27 05:04:00
7508,1362,product_view,1017.0,2025-08-27 05:07:00
7509,1362,add_to_cart,1017.0,2025-08-27 05:09:00
7510,1362,checkout,1017.0,2025-08-27 05:10:00
7511,1362,purchase,1017.0,2025-08-27 05:12:00
7512,305,visit,,2025-07-13 07:34:00
7513,305,product_view,1001.0,2025-07-13 07:36:00
7514,305,add_to_cart,1001.0,2025-07-13 07:38:00
7515,305,checkout,1001.0,2025-07-13 07:41:00
7516,1404,visit,,2025-07-10 21:24:00
7517,1404,product_view,1094.0,2025-07-10 21:28:00
7518,1404,add_to_cart,1094.0,2025-07-10 21:29:00
7519,1404,checkout,1094.0,2025-07-10 21:32:00
7520,1404,purchase,1094.0,2025-07-10 21:35:00
7521,1329,visit,,2025-08-31 07:47:00
7522,1329,product_view,1090.0,2025-08-31 07:48:00
7523,1329,add_to_cart,1090.0,2025-08-31 07:51:00
7524,1329,checkout,1090.0,2025-08-31 07:53:00
7525,1329,purchase,1090.0,2025-08-31 07:54:00
7526,48,visit,,2025-07-17 02:16:00
7527,48,product_view,1046.0,2025-07-17 02:17:00
7528,971,visit,,2025-07-02 14:07:00
7529,971,product_view,1117.0,2025-07-02 14:10:00
7530,57,visit,,2025-09-22 21:34:00
7531,57,product_view,1102.0,2025-09-22 21:37:00
7532,57,add_to_cart,1102.0,2025-09-22 21:39:00
7533,57,checkout,1102.0,2025-09-22 21:42:00
7534,57,purchase,1102.0,2025-09-22 21:43:00
7535,165,visit,,2025-08-03 20:19:00
7536,165,product_view,1080.0,2025-08-03 20:22:00
7537,165,add_to_cart,1080.0,2025-08-03 20:26:00
7538,165,checkout,1080.0,2025-08-03 20:28:00
7539,165,purchase,1080.0,2025-08-03 20:30:00
7540,1229,visit,,2025-08-28 13:31:00
7541,1229,product_view,1024.0,2025-08-28 13:35:00
7542,1229,add_to_cart,1024.0,2025-08-28 13:36:00
7543,1384,visit,,2025-09-03 13:48:00
7544,1384,product_view,1065.0,2025-09-03 13:52:00
7545,1384,add_to_cart,1065.0,2025-09-03 13:55:00
7546,1384,checkout,1065.0,2025-09-03 13:56:00
7547,782,visit,,2025-08-26 17:14:00
7548,763,visit,,2025-09-02 06:29:00
7549,763,product_view,1047.0,2025-09-02 06:34:00
7550,1075,visit,,2025-08-06 01:10:00
7551,1075,product_view,1062.0,2025-08-06 01:12:00
7552,1470,visit,,2025-08-06 21:24:00
7553,619,visit,,2025-08-20 12:11:00
7554,619,product_view,1039.0,2025-08-20 12:13:00
7555,2,visit,,2025-09-26 03:04:00
7556,2,product_view,1038.0,2025-09-26 03:08:00
7557,1402,visit,,2025-07-23 20:42:00
7558,1402,product_view,1039.0,2025-07-23 20:44:00
7559,1402,add_to_cart,1039.0,2025-07-23 20:46:00
7560,1402,checkout,1039.0,2025-07-23 20:48:00
7561,864,visit,,2025-08-23 08:30:00
7562,864,product_view,1027.0,2025-08-23 08:33:00
7563,864,add_to_cart,1027.0,2025-08-23 08:37:00
7564,864,checkout,1027.0,2025-08-23 08:40:00
7565,864,purchase,1027.0,2025-08-23 08:43:00
7566,45,visit,,2025-08-18 17:35:00
7567,45,product_view,1028.0,2025-08-18 17:37:00
7568,45,add_to_cart,1028.0,2025-08-18 17:40:00
7569,45,checkout,1028.0,2025-08-18 17:42:00
7570,45,purchase,1028.0,2025-08-18 17:45:00
7571,823,visit,,2025-07-30 22:53:00
7572,823,product_view,1094.0,2025-07-30 22:56:00
7573,371,visit,,2025-07-19 22:38:00
7574,371,product_view,1096.0,2025-07-19 22:40:00
7575,371,add_to_cart,1096.0,2025-07-19 22:41:00
7576,371,checkout,1096.0,2025-07-19 22:44:00
7577,371,purchase,1096.0,2025-07-19 22:45:00
7578,542,visit,,2025-08-18 23:59:00
7579,542,product_view,1007.0,2025-08-19 00:04:00
7580,542,add_to_cart,1007.0,2025-08-19 00:08:00
7581,542,checkout,1007.0,2025-08-19 00:11:00
7582,542,purchase,1007.0,2025-08-19 00:13:00
7583,1063,visit,,2025-07-03 02:34:00
7584,1063,product_view,1025.0,2025-07-03 02:39:00
7585,821,visit,,2025-07-07 15:21:00
7586,821,product_view,1084.0,2025-07-07 15:26:00
7587,1490,visit,,2025-09-22 08:53:00
7588,1490,product_view,1067.0,2025-09-22 08:56:00
7589,920,visit,,2025-09-15 01:20:00
7590,920,product_view,1080.0,2025-09-15 01:22:00
7591,920,add_to_cart,1080.0,2025-09-15 01:23:00
7592,920,checkout,1080.0,2025-09-15 01:26:00
7593,688,visit,,2025-08-15 16:47:00
7594,688,product_view,1054.0,2025-08-15 16:52:00
7595,688,add_to_cart,1054.0,2025-08-15 16:53:00
7596,20,visit,,2025-07-10 15:13:00
7597,20,product_view,1056.0,2025-07-10 15:16:00
7598,20,add_to_cart,1056.0,2025-07-10 15:18:00
7599,20,checkout,1056.0,2025-07-10 15:20:00
7600,20,purchase,1056.0,2025-07-10 15:21:00
7601,1222,visit,,2025-08-16 11:28:00
7602,1222,product_view,1060.0,2025-08-16 11:32:00
7603,1222,add_to_cart,1060.0,2025-08-16 11:35:00
7604,1222,checkout,1060.0,2025-08-16 11:36:00
7605,1222,purchase,1060.0,2025-08-16 11:39:00
7606,146,visit,,2025-09-12 06:33:00
7607,1456,visit,,2025-09-21 18:56:00
7608,1456,product_view,1076.0,2025-09-21 19:00:00
7609,1456,add_to_cart,1076.0,2025-09-21 19:02:00
7610,234,visit,,2025-07-27 20:52:00
7611,234,product_view,1098.0,2025-07-27 20:53:00
7612,234,add_to_cart,1098.0,2025-07-27 20:57:00
7613,234,checkout,1098.0,2025-07-27 21:00:00
7614,234,purchase,1098.0,2025-07-27 21:01:00
7615,455,visit,,2025-09-27 06:26:00
7616,496,visit,,2025-08-30 19:55:00
7617,496,product_view,1010.0,2025-08-30 19:58:00
7618,93,visit,,2025-09-27 19:53:00
7619,93,product_view,1040.0,2025-09-27 19:57:00
7620,1232,visit,,2025-08-07 11:33:00
7621,1232,product_view,1046.0,2025-08-07 11:38:00
7622,1232,add_to_cart,1046.0,2025-08-07 11:42:00
7623,481,visit,,2025-09-15 18:35:00
7624,481,product_view,1088.0,2025-09-15 18:36:00
7625,481,add_to_cart,1088.0,2025-09-15 18:39:00
7626,447,visit,,2025-09-19 04:09:00
7627,701,visit,,2025-08-26 08:04:00
7628,701,product_view,1014.0,2025-08-26 08:06:00
7629,701,add_to_cart,1014.0,2025-08-26 08:07:00
7630,701,checkout,1014.0,2025-08-26 08:09:00
7631,863,visit,,2025-07-23 03:52:00
7632,863,product_view,1115.0,2025-07-23 03:54:00
7633,832,visit,,2025-07-05 03:44:00
7634,832,product_view,1104.0,2025-07-05 03:46:00
7635,535,visit,,2025-08-03 03:52:00
7636,535,product_view,1046.0,2025-08-03 03:57:00
7637,535,add_to_cart,1046.0,2025-08-03 03:59:00
7638,535,checkout,1046.0,2025-08-03 04:01:00
7639,535,purchase,1046.0,2025-08-03 04:02:00
7640,497,visit,,2025-08-30 19:25:00
7641,497,product_view,1002.0,2025-08-30 19:28:00
7642,1274,visit,,2025-09-22 18:27:00
7643,1274,product_view,1006.0,2025-09-22 18:30:00
7644,1274,add_to_cart,1006.0,2025-09-22 18:34:00
7645,1274,checkout,1006.0,2025-09-22 18:36:00
7646,66,visit,,2025-09-17 19:55:00
7647,66,product_view,1072.0,2025-09-17 19:56:00
7648,66,add_to_cart,1072.0,2025-09-17 19:58:00
7649,66,checkout,1072.0,2025-09-17 19:59:00
7650,66,purchase,1072.0,2025-09-17 20:02:00
7651,137,visit,,2025-07-27 06:39:00
7652,137,product_view,1113.0,2025-07-27 06:43:00
7653,137,add_to_cart,1113.0,2025-07-27 06:47:00
7654,248,visit,,2025-09-23 07:45:00
7655,248,product_view,1062.0,2025-09-23 07:46:00
7656,370,visit,,2025-07-17 20:10:00
7657,370,product_view,1040.0,2025-07-17 20:13:00
7658,370,add_to_cart,1040.0,2025-07-17 20:15:00
7659,126,visit,,2025-09-25 07:11:00
7660,126,product_view,1053.0,2025-09-25 07:15:00
7661,126,add_to_cart,1053.0,2025-09-25 07:16:00
7662,126,checkout,1053.0,2025-09-25 07:19:00
7663,126,purchase,1053.0,2025-09-25 07:21:00
7664,550,visit,,2025-08-07 17:55:00
7665,319,visit,,2025-09-24 00:10:00
7666,319,product_view,1086.0,2025-09-24 00:12:00
7667,754,visit,,2025-09-28 19:19:00
7668,754,product_view,1001.0,2025-09-28 19:22:00
7669,187,visit,,2025-09-24 23:32:00
7670,187,product_view,1016.0,2025-09-24 23:33:00
7671,854,visit,,2025-07-02 19:51:00
7672,854,product_view,1036.0,2025-07-02 19:52:00
7673,854,add_to_cart,1036.0,2025-07-02 19:55:00
7674,854,checkout,1036.0,2025-07-02 19:58:00
7675,854,purchase,1036.0,2025-07-02 19:59:00
7676,958,visit,,2025-08-10 09:53:00
7677,958,product_view,1005.0,2025-08-10 09:56:00
7678,192,visit,,2025-09-20 19:03:00
7679,192,product_view,1088.0,2025-09-20 19:05:00
7680,192,add_to_cart,1088.0,2025-09-20 19:06:00
7681,145,visit,,2025-09-21 06:20:00
7682,145,product_view,1004.0,2025-09-21 06:25:00
7683,145,add_to_cart,1004.0,2025-09-21 06:27:00
7684,145,checkout,1004.0,2025-09-21 06:28:00
7685,145,purchase,1004.0,2025-09-21 06:30:00
7686,782,visit,,2025-09-13 21:59:00
7687,1229,visit,,2025-07-22 18:22:00
7688,1229,product_view,1023.0,2025-07-22 18:27:00
7689,1229,add_to_cart,1023.0,2025-07-22 18:30:00
7690,1229,checkout,1023.0,2025-07-22 18:31:00
7691,1229,purchase,1023.0,2025-07-22 18:34:00
7692,1247,visit,,2025-07-03 19:50:00
7693,1247,product_view,1087.0,2025-07-03 19:53:00
7694,1247,add_to_cart,1087.0,2025-07-03 19:55:00
7695,1247,checkout,1087.0,2025-07-03 19:57:00
7696,1247,purchase,1087.0,2025-07-03 19:58:00
7697,385,visit,,2025-08-22 06:12:00
7698,385,product_view,1035.0,2025-08-22 06:17:00
7699,385,add_to_cart,1035.0,2025-08-22 06:19:00
7700,528,visit,,2025-08-30 11:06:00
7701,1079,visit,,2025-08-25 19:16:00
7702,1079,product_view,1049.0,2025-08-25 19:21:00
7703,1079,add_to_cart,1049.0,2025-08-25 19:24:00
7704,360,visit,,2025-08-01 23:35:00
7705,360,product_view,1037.0,2025-08-01 23:40:00
7706,1136,visit,,2025-08-13 00:28:00
7707,1136,product_view,1043.0,2025-08-13 00:31:00
7708,45,visit,,2025-08-14 05:48:00
7709,1298,visit,,2025-09-05 19:23:00
7710,1298,product_view,1116.0,2025-09-05 19:27:00
7711,17,visit,,2025-09-11 13:51:00
7712,865,visit,,2025-08-11 06:20:00
7713,865,product_view,1037.0,2025-08-11 06:24:00
7714,865,add_to_cart,1037.0,2025-08-11 06:25:00
7715,865,checkout,1037.0,2025-08-11 06:26:00
7716,1072,visit,,2025-07-01 01:48:00
7717,1072,product_view,1026.0,2025-07-01 01:53:00
7718,1072,add_to_cart,1026.0,2025-07-01 01:55:00
7719,1072,checkout,1026.0,2025-07-01 01:57:00
7720,1072,purchase,1026.0,2025-07-01 01:59:00
7721,1495,visit,,2025-09-21 12:42:00
7722,1495,product_view,1079.0,2025-09-21 12:46:00
7723,1495,add_to_cart,1079.0,2025-09-21 12:49:00
7724,1495,checkout,1079.0,2025-09-21 12:51:00
7725,938,visit,,2025-09-21 00:55:00
7726,888,visit,,2025-07-07 02:54:00
7727,888,product_view,1075.0,2025-07-07 02:58:00
7728,166,visit,,2025-07-28 16:16:00
7729,166,product_view,1004.0,2025-07-28 16:20:00
7730,166,add_to_cart,1004.0,2025-07-28 16:24:00
7731,166,checkout,1004.0,2025-07-28 16:26:00
7732,166,purchase,1004.0,2025-07-28 16:29:00
7733,1,visit,,2025-08-13 02:34:00
7734,1,product_view,1084.0,2025-08-13 02:38:00
7735,1406,visit,,2025-08-19 15:42:00
7736,1406,product_view,1013.0,2025-08-19 15:47:00
7737,1399,visit,,2025-07-27 09:44:00
7738,1399,product_view,1024.0,2025-07-27 09:47:00
7739,1311,visit,,2025-09-12 16:20:00
7740,1311,product_view,1056.0,2025-09-12 16:23:00
7741,1311,add_to_cart,1056.0,2025-09-12 16:24:00
7742,1311,checkout,1056.0,2025-09-12 16:26:00
7743,1311,purchase,1056.0,2025-09-12 16:29:00
7744,470,visit,,2025-08-13 09:02:00
7745,470,product_view,1063.0,2025-08-13 09:05:00
7746,1149,visit,,2025-07-10 15:53:00
7747,1149,product_view,1056.0,2025-07-10 15:58:00
7748,1149,add_to_cart,1056.0,2025-07-10 16:01:00
7749,255,visit,,2025-07-05 04:21:00
7750,255,product_view,1039.0,2025-07-05 04:23:00
7751,255,add_to_cart,1039.0,2025-07-05 04:27:00
7752,255,checkout,1039.0,2025-07-05 04:28:00
7753,617,visit,,2025-07-10 20:26:00
7754,617,product_view,1066.0,2025-07-10 20:28:00
7755,617,add_to_cart,1066.0,2025-07-10 20:31:00
7756,617,checkout,1066.0,2025-07-10 20:34:00
7757,617,purchase,1066.0,2025-07-10 20:37:00
7758,1375,visit,,2025-07-26 10:32:00
7759,1375,product_view,1050.0,2025-07-26 10:33:00
7760,174,visit,,2025-07-11 04:28:00
7761,174,product_view,1003.0,2025-07-11 04:32:00
7762,173,visit,,2025-09-17 20:13:00
7763,173,product_view,1104.0,2025-09-17 20:16:00
7764,1032,visit,,2025-08-17 04:58:00
7765,1451,visit,,2025-08-28 11:33:00
7766,1451,product_view,1063.0,2025-08-28 11:37:00
7767,1451,add_to_cart,1063.0,2025-08-28 11:39:00
7768,1451,checkout,1063.0,2025-08-28 11:41:00
7769,1451,purchase,1063.0,2025-08-28 11:42:00
7770,866,visit,,2025-08-02 09:43:00
7771,866,product_view,1028.0,2025-08-02 09:48:00
7772,866,add_to_cart,1028.0,2025-08-02 09:52:00
7773,1472,visit,,2025-07-30 03:34:00
7774,1472,product_view,1032.0,2025-07-30 03:36:00
7775,1472,add_to_cart,1032.0,2025-07-30 03:39:00
7776,1472,checkout,1032.0,2025-07-30 03:41:00
7777,1472,purchase,1032.0,2025-07-30 03:44:00
7778,98,visit,,2025-07-29 03:56:00
7779,98,product_view,1058.0,2025-07-29 03:59:00
7780,945,visit,,2025-08-24 05:43:00
7781,945,product_view,1060.0,2025-08-24 05:45:00
7782,945,add_to_cart,1060.0,2025-08-24 05:49:00
7783,945,checkout,1060.0,2025-08-24 05:51:00
7784,945,purchase,1060.0,2025-08-24 05:54:00
7785,1136,visit,,2025-09-16 15:52:00
7786,1136,product_view,1118.0,2025-09-16 15:56:00
7787,767,visit,,2025-08-04 21:18:00
7788,767,product_view,1079.0,2025-08-04 21:21:00
7789,1460,visit,,2025-07-18 18:22:00
7790,1460,product_view,1043.0,2025-07-18 18:26:00
7791,520,visit,,2025-07-04 07:30:00
7792,520,product_view,1113.0,2025-07-04 07:34:00
7793,577,visit,,2025-08-03 04:01:00
7794,984,visit,,2025-08-29 11:05:00
7795,984,product_view,1054.0,2025-08-29 11:09:00
7796,984,add_to_cart,1054.0,2025-08-29 11:12:00
7797,984,checkout,1054.0,2025-08-29 11:14:00
7798,426,visit,,2025-07-27 01:39:00
7799,426,product_view,1084.0,2025-07-27 01:40:00
7800,96,visit,,2025-08-05 23:02:00
7801,96,product_view,1074.0,2025-08-05 23:05:00
7802,96,add_to_cart,1074.0,2025-08-05 23:07:00
7803,96,checkout,1074.0,2025-08-05 23:09:00
7804,704,visit,,2025-09-06 10:41:00
7805,704,product_view,1032.0,2025-09-06 10:44:00
7806,704,add_to_cart,1032.0,2025-09-06 10:46:00
7807,1387,visit,,2025-08-22 13:02:00
7808,1387,product_view,1017.0,2025-08-22 13:03:00
7809,76,visit,,2025-08-29 00:54:00
7810,162,visit,,2025-07-08 23:15:00
7811,162,product_view,1009.0,2025-07-08 23:20:00
7812,1364,visit,,2025-08-23 02:05:00
7813,1364,product_view,1047.0,2025-08-23 02:10:00
7814,1364,add_to_cart,1047.0,2025-08-23 02:14:00
7815,165,visit,,2025-09-09 03:43:00
7816,1029,visit,,2025-08-27 08:25:00
7817,1029,product_view,1028.0,2025-08-27 08:28:00
7818,964,visit,,2025-08-24 02:32:00
7819,964,product_view,1058.0,2025-08-24 02:36:00
7820,964,add_to_cart,1058.0,2025-08-24 02:37:00
7821,964,checkout,1058.0,2025-08-24 02:39:00
7822,843,visit,,2025-09-24 20:54:00
7823,843,product_view,1052.0,2025-09-24 20:58:00
7824,843,add_to_cart,1052.0,2025-09-24 21:00:00
7825,33,visit,,2025-08-17 22:08:00
7826,33,product_view,1095.0,2025-08-17 22:11:00
7827,1201,visit,,2025-07-03 16:41:00
7828,1201,product_view,1048.0,2025-07-03 16:44:00
7829,1437,visit,,2025-09-27 07:00:00
7830,1437,product_view,1030.0,2025-09-27 07:05:00
7831,1017,visit,,2025-08-06 00:20:00
7832,1017,product_view,1055.0,2025-08-06 00:24:00
7833,1277,visit,,2025-08-24 05:58:00
7834,1277,product_view,1069.0,2025-08-24 06:01:00
7835,1277,add_to_cart,1069.0,2025-08-24 06:02:00
7836,1277,checkout,1069.0,2025-08-24 06:03:00
7837,1277,purchase,1069.0,2025-08-24 06:05:00
7838,632,visit,,2025-08-09 14:55:00
7839,632,product_view,1063.0,2025-08-09 15:00:00
7840,185,visit,,2025-08-28 23:47:00
7841,185,product_view,1033.0,2025-08-28 23:49:00
7842,185,add_to_cart,1033.0,2025-08-28 23:52:00
7843,263,visit,,2025-07-25 10:38:00
7844,263,product_view,1001.0,2025-07-25 10:39:00
7845,263,add_to_cart,1001.0,2025-07-25 10:41:00
7846,463,visit,,2025-09-03 15:41:00
7847,463,product_view,1101.0,2025-09-03 15:44:00
7848,1101,visit,,2025-09-26 22:48:00
7849,848,visit,,2025-09-02 15:19:00
7850,848,product_view,1040.0,2025-09-02 15:20:00
7851,751,visit,,2025-09-03 21:12:00
7852,751,product_view,1010.0,2025-09-03 21:15:00
7853,751,add_to_cart,1010.0,2025-09-03 21:17:00
7854,751,checkout,1010.0,2025-09-03 21:19:00
7855,1095,visit,,2025-07-11 11:13:00
7856,1080,visit,,2025-09-07 11:40:00
7857,1080,product_view,1100.0,2025-09-07 11:41:00
7858,1080,add_to_cart,1100.0,2025-09-07 11:44:00
7859,1080,checkout,1100.0,2025-09-07 11:47:00
7860,119,visit,,2025-09-12 16:19:00
7861,119,product_view,1104.0,2025-09-12 16:20:00
7862,1135,visit,,2025-08-12 11:51:00
7863,1135,product_view,1049.0,2025-08-12 11:52:00
7864,1135,add_to_cart,1049.0,2025-08-12 11:55:00
7865,365,visit,,2025-09-07 06:54:00
7866,365,product_view,1028.0,2025-09-07 06:56:00
7867,365,add_to_cart,1028.0,2025-09-07 06:57:00
7868,365,checkout,1028.0,2025-09-07 07:00:00
7869,1500,visit,,2025-07-26 17:04:00
7870,1500,product_view,1008.0,2025-07-26 17:08:00
7871,1500,add_to_cart,1008.0,2025-07-26 17:10:00
7872,355,visit,,2025-07-21 03:44:00
7873,355,product_view,1040.0,2025-07-21 03:47:00
7874,496,visit,,2025-07-07 18:47:00
7875,356,visit,,2025-09-04 10:09:00
7876,356,product_view,1009.0,2025-09-04 10:11:00
7877,356,add_to_cart,1009.0,2025-09-04 10:12:00
7878,356,checkout,1009.0,2025-09-04 10:14:00
7879,356,purchase,1009.0,2025-09-04 10:15:00
7880,681,visit,,2025-09-21 11:23:00
7881,681,product_view,1113.0,2025-09-21 11:24:00
7882,657,visit,,2025-07-05 06:03:00
7883,657,product_view,1029.0,2025-07-05 06:06:00
7884,657,add_to_cart,1029.0,2025-07-05 06:10:00
7885,657,checkout,1029.0,2025-07-05 06:13:00
7886,98,visit,,2025-08-22 11:39:00
7887,98,product_view,1079.0,2025-08-22 11:42:00
7888,98,add_to_cart,1079.0,2025-08-22 11:46:00
7889,1450,visit,,2025-07-31 23:51:00
7890,1450,product_view,1056.0,2025-07-31 23:54:00
7891,1450,add_to_cart,1056.0,2025-07-31 23:56:00
7892,1450,checkout,1056.0,2025-07-31 23:57:00
7893,1450,purchase,1056.0,2025-08-01 00:00:00
7894,547,visit,,2025-07-20 01:26:00
7895,547,product_view,1044.0,2025-07-20 01:27:00
7896,211,visit,,2025-08-23 03:58:00
7897,211,product_view,1003.0,2025-08-23 04:02:00
7898,780,visit,,2025-09-17 02:01:00
7899,780,product_view,1089.0,2025-09-17 02:06:00
7900,328,visit,,2025-08-02 04:51:00
7901,328,product_view,1086.0,2025-08-02 04:55:00
7902,328,add_to_cart,1086.0,2025-08-02 04:59:00
7903,258,visit,,2025-09-26 02:40:00
7904,258,product_view,1020.0,2025-09-26 02:43:00
7905,824,visit,,2025-09-22 12:53:00
7906,824,product_view,1022.0,2025-09-22 12:57:00
7907,63,visit,,2025-07-25 20:17:00
7908,63,product_view,1068.0,2025-07-25 20:18:00
7909,23,visit,,2025-09-11 07:08:00
7910,23,product_view,1045.0,2025-09-11 07:11:00
7911,23,add_to_cart,1045.0,2025-09-11 07:13:00
7912,23,checkout,1045.0,2025-09-11 07:15:00
7913,23,purchase,1045.0,2025-09-11 07:16:00
7914,299,visit,,2025-07-06 20:42:00
7915,299,product_view,1004.0,2025-07-06 20:45:00
7916,1261,visit,,2025-07-17 08:51:00
7917,1261,product_view,1064.0,2025-07-17 08:55:00
7918,297,visit,,2025-08-14 02:18:00
7919,297,product_view,1079.0,2025-08-14 02:19:00
7920,297,add_to_cart,1079.0,2025-08-14 02:20:00
7921,302,visit,,2025-09-19 16:25:00
7922,302,product_view,1117.0,2025-09-19 16:29:00
7923,302,add_to_cart,1117.0,2025-09-19 16:30:00
7924,302,checkout,1117.0,2025-09-19 16:31:00
7925,302,purchase,1117.0,2025-09-19 16:33:00
7926,616,visit,,2025-08-31 08:28:00
7927,818,visit,,2025-09-16 10:02:00
7928,818,product_view,1089.0,2025-09-16 10:03:00
7929,818,add_to_cart,1089.0,2025-09-16 10:04:00
7930,818,checkout,1089.0,2025-09-16 10:07:00
7931,818,purchase,1089.0,2025-09-16 10:09:00
7932,804,visit,,2025-08-03 06:02:00
7933,804,product_view,1089.0,2025-08-03 06:06:00
7934,804,add_to_cart,1089.0,2025-08-03 06:09:00
7935,804,checkout,1089.0,2025-08-03 06:10:00
7936,804,purchase,1089.0,2025-08-03 06:13:00
7937,1088,visit,,2025-09-04 14:46:00
7938,712,visit,,2025-09-28 19:39:00
7939,712,product_view,1055.0,2025-09-28 19:40:00
7940,712,add_to_cart,1055.0,2025-09-28 19:41:00
7941,712,checkout,1055.0,2025-09-28 19:42:00
7942,283,visit,,2025-09-14 00:56:00
7943,283,product_view,1108.0,2025-09-14 00:57:00
7944,397,visit,,2025-08-18 00:59:00
7945,397,product_view,1072.0,2025-08-18 01:04:00
7946,397,add_to_cart,1072.0,2025-08-18 01:08:00
7947,164,visit,,2025-09-12 19:00:00
7948,164,product_view,1097.0,2025-09-12 19:01:00
7949,164,add_to_cart,1097.0,2025-09-12 19:02:00
7950,1496,visit,,2025-09-05 18:51:00
7951,661,visit,,2025-08-01 17:10:00
7952,1167,visit,,2025-08-09 02:37:00
7953,1167,product_view,1038.0,2025-08-09 02:38:00
7954,1167,add_to_cart,1038.0,2025-08-09 02:39:00
7955,478,visit,,2025-08-26 04:35:00
7956,478,product_view,1040.0,2025-08-26 04:38:00
7957,838,visit,,2025-07-28 20:03:00
7958,838,product_view,1061.0,2025-07-28 20:06:00
7959,259,visit,,2025-08-20 15:00:00
7960,259,product_view,1085.0,2025-08-20 15:03:00
7961,1059,visit,,2025-09-19 16:47:00
7962,1059,product_view,1052.0,2025-09-19 16:50:00
7963,1059,add_to_cart,1052.0,2025-09-19 16:52:00
7964,1059,checkout,1052.0,2025-09-19 16:53:00
7965,1059,purchase,1052.0,2025-09-19 16:56:00
7966,1096,visit,,2025-07-24 05:33:00
7967,1469,visit,,2025-07-01 03:33:00
7968,1469,product_view,1069.0,2025-07-01 03:35:00
7969,1469,add_to_cart,1069.0,2025-07-01 03:36:00
7970,1469,checkout,1069.0,2025-07-01 03:39:00
7971,1469,purchase,1069.0,2025-07-01 03:41:00
7972,1490,visit,,2025-09-26 13:31:00
7973,1309,visit,,2025-09-03 00:39:00
7974,571,visit,,2025-09-09 07:30:00
7975,575,visit,,2025-08-11 18:30:00
7976,575,product_view,1074.0,2025-08-11 18:31:00
7977,575,add_to_cart,1074.0,2025-08-11 18:33:00
7978,575,checkout,1074.0,2025-08-11 18:35:00
7979,575,purchase,1074.0,2025-08-11 18:37:00
7980,1453,visit,,2025-09-15 20:10:00
7981,1434,visit,,2025-09-01 08:34:00
7982,1434,product_view,1080.0,2025-09-01 08:37:00
7983,1434,add_to_cart,1080.0,2025-09-01 08:38:00
7984,597,visit,,2025-08-19 21:56:00
7985,321,visit,,2025-08-26 10:48:00
7986,321,product_view,1055.0,2025-08-26 10:49:00
7987,1268,visit,,2025-08-24 08:21:00
7988,1268,product_view,1064.0,2025-08-24 08:26:00
7989,1268,add_to_cart,1064.0,2025-08-24 08:29:00
7990,1268,checkout,1064.0,2025-08-24 08:31:00
7991,893,visit,,2025-07-15 19:25:00
7992,893,product_view,1040.0,2025-07-15 19:30:00
7993,893,add_to_cart,1040.0,2025-07-15 19:31:00
7994,103,visit,,2025-07-27 11:47:00
7995,103,product_view,1073.0,2025-07-27 11:49:00
7996,103,add_to_cart,1073.0,2025-07-27 11:50:00
7997,103,checkout,1073.0,2025-07-27 11:51:00
7998,176,visit,,2025-08-11 18:30:00
7999,176,product_view,1098.0,2025-08-11 18:32:00
8000,176,add_to_cart,1098.0,2025-08-11 18:35:00
8001,176,checkout,1098.0,2025-08-11 18:38:00
8002,176,purchase,1098.0,2025-08-11 18:41:00
8003,441,visit,,2025-09-23 19:10:00
8004,441,product_view,1040.0,2025-09-23 19:14:00
8005,1163,visit,,2025-09-05 08:27:00
8006,1163,product_view,1081.0,2025-09-05 08:28:00
8007,1298,visit,,2025-09-03 01:17:00
8008,1298,product_view,1112.0,2025-09-03 01:19:00
8009,1298,add_to_cart,1112.0,2025-09-03 01:22:00
8010,1298,checkout,1112.0,2025-09-03 01:23:00
8011,684,visit,,2025-07-29 14:47:00
8012,684,product_view,1112.0,2025-07-29 14:52:00
8013,684,add_to_cart,1112.0,2025-07-29 14:56:00
8014,684,checkout,1112.0,2025-07-29 14:58:00
8015,684,purchase,1112.0,2025-07-29 15:00:00
8016,33,visit,,2025-08-01 18:09:00
8017,84,visit,,2025-08-25 15:54:00
8018,84,product_view,1079.0,2025-08-25 15:58:00
8019,283,visit,,2025-07-18 01:40:00
8020,283,product_view,1064.0,2025-07-18 01:42:00
8021,283,add_to_cart,1064.0,2025-07-18 01:45:00
8022,283,checkout,1064.0,2025-07-18 01:46:00
8023,283,purchase,1064.0,2025-07-18 01:49:00
8024,1456,visit,,2025-08-14 13:28:00
8025,1456,product_view,1068.0,2025-08-14 13:30:00
8026,747,visit,,2025-07-06 05:05:00
8027,732,visit,,2025-09-22 21:13:00
8028,732,product_view,1042.0,2025-09-22 21:14:00
8029,930,visit,,2025-08-10 17:08:00
8030,930,product_view,1044.0,2025-08-10 17:10:00
8031,930,add_to_cart,1044.0,2025-08-10 17:14:00
8032,930,checkout,1044.0,2025-08-10 17:17:00
8033,930,purchase,1044.0,2025-08-10 17:19:00
8034,1049,visit,,2025-08-06 23:25:00
8035,1049,product_view,1035.0,2025-08-06 23:30:00
8036,46,visit,,2025-08-31 10:05:00
8037,46,product_view,1107.0,2025-08-31 10:10:00
8038,205,visit,,2025-09-03 02:29:00
8039,205,product_view,1078.0,2025-09-03 02:32:00
8040,205,add_to_cart,1078.0,2025-09-03 02:35:00
8041,205,checkout,1078.0,2025-09-03 02:37:00
8042,205,purchase,1078.0,2025-09-03 02:38:00
8043,422,visit,,2025-07-13 13:58:00
8044,422,product_view,1087.0,2025-07-13 14:03:00
8045,422,add_to_cart,1087.0,2025-07-13 14:05:00
8046,422,checkout,1087.0,2025-07-13 14:08:00
8047,422,purchase,1087.0,2025-07-13 14:11:00
8048,558,visit,,2025-08-26 13:22:00
8049,558,product_view,1057.0,2025-08-26 13:25:00
8050,76,visit,,2025-07-03 11:20:00
8051,76,product_view,1062.0,2025-07-03 11:25:00
8052,76,add_to_cart,1062.0,2025-07-03 11:27:00
8053,76,checkout,1062.0,2025-07-03 11:29:00
8054,76,purchase,1062.0,2025-07-03 11:31:00
8055,965,visit,,2025-09-02 03:21:00
8056,1155,visit,,2025-07-19 23:00:00
8057,1155,product_view,1023.0,2025-07-19 23:03:00
8058,111,visit,,2025-08-21 22:15:00
8059,111,product_view,1063.0,2025-08-21 22:16:00
8060,111,add_to_cart,1063.0,2025-08-21 22:19:00
8061,111,checkout,1063.0,2025-08-21 22:21:00
8062,111,purchase,1063.0,2025-08-21 22:22:00
8063,98,visit,,2025-07-16 10:41:00
8064,98,product_view,1015.0,2025-07-16 10:45:00
8065,590,visit,,2025-08-03 07:42:00
8066,590,product_view,1079.0,2025-08-03 07:45:00
8067,991,visit,,2025-07-23 11:23:00
8068,991,product_view,1018.0,2025-07-23 11:28:00
8069,991,add_to_cart,1018.0,2025-07-23 11:31:00
8070,991,checkout,1018.0,2025-07-23 11:33:00
8071,991,purchase,1018.0,2025-07-23 11:36:00
8072,1000,visit,,2025-07-13 12:34:00
8073,1000,product_view,1040.0,2025-07-13 12:37:00
8074,1000,add_to_cart,1040.0,2025-07-13 12:40:00
8075,1000,checkout,1040.0,2025-07-13 12:41:00
8076,1000,purchase,1040.0,2025-07-13 12:43:00
8077,1132,visit,,2025-09-25 23:37:00
8078,1132,product_view,1003.0,2025-09-25 23:40:00
8079,1132,add_to_cart,1003.0,2025-09-25 23:43:00
8080,742,visit,,2025-09-03 03:41:00
8081,742,product_view,1119.0,2025-09-03 03:42:00
8082,742,add_to_cart,1119.0,2025-09-03 03:45:00
8083,742,checkout,1119.0,2025-09-03 03:46:00
8084,841,visit,,2025-07-31 06:47:00
8085,841,product_view,1022.0,2025-07-31 06:50:00
8086,841,add_to_cart,1022.0,2025-07-31 06:53:00
8087,841,checkout,1022.0,2025-07-31 06:54:00
8088,841,purchase,1022.0,2025-07-31 06:57:00
8089,1298,visit,,2025-07-13 08:46:00
8090,1372,visit,,2025-09-01 23:51:00
8091,1372,product_view,1076.0,2025-09-01 23:53:00
8092,255,visit,,2025-08-14 22:20:00
8093,255,product_view,1072.0,2025-08-14 22:21:00
8094,255,add_to_cart,1072.0,2025-08-14 22:23:00
8095,255,checkout,1072.0,2025-08-14 22:25:00
8096,255,purchase,1072.0,2025-08-14 22:27:00
8097,252,visit,,2025-07-04 06:38:00
8098,252,product_view,1060.0,2025-07-04 06:39:00
8099,252,add_to_cart,1060.0,2025-07-04 06:43:00
8100,252,checkout,1060.0,2025-07-04 06:46:00
8101,252,purchase,1060.0,2025-07-04 06:47:00
8102,898,visit,,2025-07-05 12:29:00
8103,898,product_view,1096.0,2025-07-05 12:32:00
8104,1002,visit,,2025-08-25 22:38:00
8105,1002,product_view,1070.0,2025-08-25 22:43:00
8106,1002,add_to_cart,1070.0,2025-08-25 22:44:00
8107,1002,checkout,1070.0,2025-08-25 22:47:00
8108,1002,purchase,1070.0,2025-08-25 22:50:00
8109,1185,visit,,2025-07-31 21:35:00
8110,1185,product_view,1104.0,2025-07-31 21:40:00
8111,1185,add_to_cart,1104.0,2025-07-31 21:44:00
8112,723,visit,,2025-08-24 15:15:00
8113,723,product_view,1026.0,2025-08-24 15:18:00
8114,1218,visit,,2025-07-06 15:03:00
8115,1218,product_view,1053.0,2025-07-06 15:05:00
8116,1218,add_to_cart,1053.0,2025-07-06 15:07:00
8117,1218,checkout,1053.0,2025-07-06 15:08:00
8118,473,visit,,2025-08-14 03:48:00
8119,473,product_view,1103.0,2025-08-14 03:49:00
8120,473,add_to_cart,1103.0,2025-08-14 03:51:00
8121,473,checkout,1103.0,2025-08-14 03:53:00
8122,635,visit,,2025-09-02 20:19:00
8123,465,visit,,2025-08-21 21:59:00
8124,465,product_view,1056.0,2025-08-21 22:03:00
8125,1490,visit,,2025-08-22 14:49:00
8126,1490,product_view,1073.0,2025-08-22 14:50:00
8127,549,visit,,2025-07-03 06:45:00
8128,549,product_view,1067.0,2025-07-03 06:46:00
8129,935,visit,,2025-07-30 11:49:00
8130,935,product_view,1087.0,2025-07-30 11:52:00
8131,315,visit,,2025-07-04 16:11:00
8132,702,visit,,2025-09-24 13:15:00
8133,965,visit,,2025-09-14 08:45:00
8134,965,product_view,1104.0,2025-09-14 08:46:00
8135,965,add_to_cart,1104.0,2025-09-14 08:50:00
8136,965,checkout,1104.0,2025-09-14 08:53:00
8137,965,purchase,1104.0,2025-09-14 08:54:00
8138,264,visit,,2025-07-22 02:16:00
8139,264,product_view,1026.0,2025-07-22 02:18:00
8140,264,add_to_cart,1026.0,2025-07-22 02:20:00
8141,170,visit,,2025-07-14 18:31:00
8142,170,product_view,1119.0,2025-07-14 18:36:00
8143,301,visit,,2025-08-12 19:55:00
8144,301,product_view,1108.0,2025-08-12 19:58:00
8145,301,add_to_cart,1108.0,2025-08-12 20:01:00
8146,301,checkout,1108.0,2025-08-12 20:03:00
8147,301,purchase,1108.0,2025-08-12 20:05:00
8148,440,visit,,2025-08-17 21:52:00
8149,440,product_view,1024.0,2025-08-17 21:55:00
8150,225,visit,,2025-07-13 22:34:00
8151,225,product_view,1067.0,2025-07-13 22:37:00
8152,225,add_to_cart,1067.0,2025-07-13 22:41:00
8153,385,visit,,2025-07-03 21:21:00
8154,385,product_view,1066.0,2025-07-03 21:23:00
8155,1328,visit,,2025-09-08 03:44:00
8156,1328,product_view,1083.0,2025-09-08 03:48:00
8157,1480,visit,,2025-09-04 09:49:00
8158,1480,product_view,1055.0,2025-09-04 09:52:00
8159,165,visit,,2025-08-18 21:08:00
8160,165,product_view,1034.0,2025-08-18 21:09:00
8161,165,add_to_cart,1034.0,2025-08-18 21:11:00
8162,165,checkout,1034.0,2025-08-18 21:13:00
8163,165,purchase,1034.0,2025-08-18 21:14:00
8164,228,visit,,2025-08-26 05:34:00
8165,228,product_view,1024.0,2025-08-26 05:38:00
8166,228,add_to_cart,1024.0,2025-08-26 05:39:00
8167,228,checkout,1024.0,2025-08-26 05:41:00
8168,960,visit,,2025-08-31 01:46:00
8169,960,product_view,1117.0,2025-08-31 01:50:00
8170,990,visit,,2025-07-14 17:15:00
8171,990,product_view,1056.0,2025-07-14 17:19:00
8172,990,add_to_cart,1056.0,2025-07-14 17:22:00
8173,990,checkout,1056.0,2025-07-14 17:24:00
8174,990,purchase,1056.0,2025-07-14 17:27:00
8175,1304,visit,,2025-07-24 03:31:00
8176,1304,product_view,1054.0,2025-07-24 03:34:00
8177,1304,add_to_cart,1054.0,2025-07-24 03:38:00
8178,1304,checkout,1054.0,2025-07-24 03:41:00
8179,1304,purchase,1054.0,2025-07-24 03:44:00
8180,1177,visit,,2025-07-06 07:56:00
8181,1177,product_view,1029.0,2025-07-06 07:58:00
8182,1177,add_to_cart,1029.0,2025-07-06 08:01:00
8183,821,visit,,2025-09-17 13:29:00
8184,821,product_view,1033.0,2025-09-17 13:34:00
8185,822,visit,,2025-08-11 22:57:00
8186,822,product_view,1005.0,2025-08-11 22:59:00
8187,42,visit,,2025-08-02 18:02:00
8188,1474,visit,,2025-09-01 20:00:00
8189,1474,product_view,1091.0,2025-09-01 20:02:00
8190,1474,add_to_cart,1091.0,2025-09-01 20:03:00
8191,1221,visit,,2025-09-26 01:07:00
8192,1221,product_view,1058.0,2025-09-26 01:10:00
8193,205,visit,,2025-08-20 17:09:00
8194,205,product_view,1025.0,2025-08-20 17:13:00
8195,947,visit,,2025-07-23 03:21:00
8196,138,visit,,2025-08-01 20:57:00
8197,138,product_view,1077.0,2025-08-01 20:59:00
8198,699,visit,,2025-08-21 00:08:00
8199,699,product_view,1022.0,2025-08-21 00:12:00
8200,52,visit,,2025-09-29 16:29:00
8201,52,product_view,1071.0,2025-09-29 16:32:00
8202,52,add_to_cart,1071.0,2025-09-29 16:34:00
8203,1236,visit,,2025-07-26 11:34:00
8204,1236,product_view,1030.0,2025-07-26 11:39:00
8205,394,visit,,2025-09-18 20:05:00
8206,394,product_view,1088.0,2025-09-18 20:08:00
8207,394,add_to_cart,1088.0,2025-09-18 20:11:00
8208,984,visit,,2025-08-13 08:24:00
8209,984,product_view,1040.0,2025-08-13 08:27:00
8210,984,add_to_cart,1040.0,2025-08-13 08:29:00
8211,624,visit,,2025-07-12 04:58:00
8212,624,product_view,1007.0,2025-07-12 05:00:00
8213,624,add_to_cart,1007.0,2025-07-12 05:03:00
8214,624,checkout,1007.0,2025-07-12 05:06:00
8215,624,purchase,1007.0,2025-07-12 05:08:00
8216,1185,visit,,2025-07-29 10:51:00
8217,1185,product_view,1002.0,2025-07-29 10:56:00
8218,1185,add_to_cart,1002.0,2025-07-29 11:00:00
8219,167,visit,,2025-09-01 22:01:00
8220,167,product_view,1110.0,2025-09-01 22:04:00
8221,167,add_to_cart,1110.0,2025-09-01 22:08:00
8222,1174,visit,,2025-07-10 04:16:00
8223,1431,visit,,2025-07-01 10:05:00
8224,519,visit,,2025-07-30 20:40:00
8225,519,product_view,1070.0,2025-07-30 20:43:00
8226,519,add_to_cart,1070.0,2025-07-30 20:47:00
8227,519,checkout,1070.0,2025-07-30 20:49:00
8228,519,purchase,1070.0,2025-07-30 20:52:00
8229,827,visit,,2025-08-29 21:27:00
8230,20,visit,,2025-08-05 07:19:00
8231,20,product_view,1050.0,2025-08-05 07:24:00
8232,932,visit,,2025-09-20 21:53:00
8233,932,product_view,1087.0,2025-09-20 21:54:00
8234,968,visit,,2025-07-31 01:14:00
8235,968,product_view,1098.0,2025-07-31 01:17:00
8236,861,visit,,2025-08-27 10:58:00
8237,861,product_view,1096.0,2025-08-27 11:02:00
8238,541,visit,,2025-08-13 03:49:00
8239,541,product_view,1112.0,2025-08-13 03:54:00
8240,541,add_to_cart,1112.0,2025-08-13 03:55:00
8241,541,checkout,1112.0,2025-08-13 03:58:00
8242,899,visit,,2025-07-28 03:34:00
8243,899,product_view,1093.0,2025-07-28 03:37:00
8244,899,add_to_cart,1093.0,2025-07-28 03:40:00
8245,333,visit,,2025-07-07 14:38:00
8246,333,product_view,1062.0,2025-07-07 14:43:00
8247,738,visit,,2025-09-13 22:56:00
8248,738,product_view,1105.0,2025-09-13 23:00:00
8249,738,add_to_cart,1105.0,2025-09-13 23:01:00
8250,738,checkout,1105.0,2025-09-13 23:02:00
8251,738,purchase,1105.0,2025-09-13 23:05:00
8252,804,visit,,2025-08-27 11:18:00
8253,804,product_view,1040.0,2025-08-27 11:21:00
8254,804,add_to_cart,1040.0,2025-08-27 11:25:00
8255,804,checkout,1040.0,2025-08-27 11:28:00
8256,311,visit,,2025-08-19 21:36:00
8257,311,product_view,1022.0,2025-08-19 21:41:00
8258,311,add_to_cart,1022.0,2025-08-19 21:42:00
8259,1188,visit,,2025-09-16 16:16:00
8260,779,visit,,2025-08-14 23:26:00
8261,779,product_view,1068.0,2025-08-14 23:30:00
8262,779,add_to_cart,1068.0,2025-08-14 23:32:00
8263,1332,visit,,2025-08-22 02:13:00
8264,1332,product_view,1092.0,2025-08-22 02:17:00
8265,976,visit,,2025-09-18 14:56:00
8266,976,product_view,1005.0,2025-09-18 15:00:00
8267,976,add_to_cart,1005.0,2025-09-18 15:03:00
8268,976,checkout,1005.0,2025-09-18 15:06:00
8269,976,purchase,1005.0,2025-09-18 15:09:00
8270,296,visit,,2025-07-29 15:29:00
8271,296,product_view,1049.0,2025-07-29 15:33:00
8272,296,add_to_cart,1049.0,2025-07-29 15:34:00
8273,296,checkout,1049.0,2025-07-29 15:36:00
8274,733,visit,,2025-07-17 17:38:00
8275,733,product_view,1016.0,2025-07-17 17:40:00
8276,67,visit,,2025-09-08 20:58:00
8277,67,product_view,1053.0,2025-09-08 21:00:00
8278,67,add_to_cart,1053.0,2025-09-08 21:02:00
8279,496,visit,,2025-07-19 06:39:00
8280,496,product_view,1007.0,2025-07-19 06:41:00
8281,496,add_to_cart,1007.0,2025-07-19 06:45:00
8282,496,checkout,1007.0,2025-07-19 06:47:00
8283,57,visit,,2025-08-18 18:16:00
8284,57,product_view,1107.0,2025-08-18 18:17:00
8285,57,add_to_cart,1107.0,2025-08-18 18:20:00
8286,391,visit,,2025-08-26 17:56:00
8287,391,product_view,1044.0,2025-08-26 17:58:00
8288,186,visit,,2025-09-03 10:15:00
8289,186,product_view,1018.0,2025-09-03 10:16:00
8290,186,add_to_cart,1018.0,2025-09-03 10:20:00
8291,543,visit,,2025-09-06 17:21:00
8292,543,product_view,1033.0,2025-09-06 17:25:00
8293,698,visit,,2025-07-14 03:37:00
8294,698,product_view,1032.0,2025-07-14 03:42:00
8295,525,visit,,2025-08-16 11:19:00
8296,1085,visit,,2025-07-01 10:15:00
8297,841,visit,,2025-08-08 04:23:00
8298,841,product_view,1098.0,2025-08-08 04:24:00
8299,841,add_to_cart,1098.0,2025-08-08 04:28:00
8300,841,checkout,1098.0,2025-08-08 04:31:00
8301,1115,visit,,2025-07-04 21:11:00
8302,1115,product_view,1051.0,2025-07-04 21:16:00
8303,346,visit,,2025-08-01 02:58:00
8304,346,product_view,1016.0,2025-08-01 02:59:00
8305,1469,visit,,2025-08-11 17:25:00
8306,428,visit,,2025-09-12 21:08:00
8307,428,product_view,1076.0,2025-09-12 21:12:00
8308,992,visit,,2025-09-05 15:12:00
8309,992,product_view,1021.0,2025-09-05 15:13:00
8310,992,add_to_cart,1021.0,2025-09-05 15:15:00
8311,1163,visit,,2025-08-22 05:36:00
8312,1163,product_view,1047.0,2025-08-22 05:40:00
8313,1183,visit,,2025-08-09 09:07:00
8314,1183,product_view,1051.0,2025-08-09 09:09:00
8315,1183,add_to_cart,1051.0,2025-08-09 09:11:00
8316,1183,checkout,1051.0,2025-08-09 09:14:00
8317,1183,purchase,1051.0,2025-08-09 09:15:00
8318,664,visit,,2025-09-28 01:11:00
8319,664,product_view,1011.0,2025-09-28 01:14:00
8320,664,add_to_cart,1011.0,2025-09-28 01:15:00
8321,664,checkout,1011.0,2025-09-28 01:16:00
8322,664,purchase,1011.0,2025-09-28 01:17:00
8323,1441,visit,,2025-07-01 02:46:00
8324,740,visit,,2025-08-16 08:04:00
8325,740,product_view,1039.0,2025-08-16 08:09:00
8326,740,add_to_cart,1039.0,2025-08-16 08:11:00
8327,1426,visit,,2025-07-08 08:25:00
8328,1426,product_view,1009.0,2025-07-08 08:29:00
8329,1426,add_to_cart,1009.0,2025-07-08 08:30:00
8330,729,visit,,2025-08-21 21:43:00
8331,729,product_view,1022.0,2025-08-21 21:46:00
8332,729,add_to_cart,1022.0,2025-08-21 21:47:00
8333,729,checkout,1022.0,2025-08-21 21:50:00
8334,729,purchase,1022.0,2025-08-21 21:52:00
8335,700,visit,,2025-09-08 06:12:00
8336,700,product_view,1038.0,2025-09-08 06:15:00
8337,700,add_to_cart,1038.0,2025-09-08 06:19:00
8338,700,checkout,1038.0,2025-09-08 06:20:00
8339,700,purchase,1038.0,2025-09-08 06:21:00
8340,1096,visit,,2025-09-21 00:27:00
8341,1096,product_view,1091.0,2025-09-21 00:28:00
8342,688,visit,,2025-09-15 04:14:00
8343,688,product_view,1058.0,2025-09-15 04:18:00
8344,688,add_to_cart,1058.0,2025-09-15 04:21:00
8345,688,checkout,1058.0,2025-09-15 04:22:00
8346,688,purchase,1058.0,2025-09-15 04:24:00
8347,196,visit,,2025-07-06 23:06:00
8348,196,product_view,1047.0,2025-07-06 23:10:00
8349,990,visit,,2025-07-17 00:39:00
8350,990,product_view,1086.0,2025-07-17 00:40:00
8351,95,visit,,2025-09-10 04:35:00
8352,95,product_view,1016.0,2025-09-10 04:38:00
8353,95,add_to_cart,1016.0,2025-09-10 04:40:00
8354,1158,visit,,2025-07-01 08:36:00
8355,1158,product_view,1058.0,2025-07-01 08:38:00
8356,1200,visit,,2025-09-03 05:37:00
8357,704,visit,,2025-09-19 11:58:00
8358,704,product_view,1069.0,2025-09-19 11:59:00
8359,704,add_to_cart,1069.0,2025-09-19 12:01:00
8360,1323,visit,,2025-07-11 09:38:00
8361,1323,product_view,1057.0,2025-07-11 09:39:00
8362,956,visit,,2025-08-28 09:44:00
8363,635,visit,,2025-07-24 09:35:00
8364,635,product_view,1118.0,2025-07-24 09:37:00
8365,325,visit,,2025-07-17 11:38:00
8366,325,product_view,1050.0,2025-07-17 11:43:00
8367,325,add_to_cart,1050.0,2025-07-17 11:44:00
8368,325,checkout,1050.0,2025-07-17 11:47:00
8369,325,purchase,1050.0,2025-07-17 11:49:00
8370,921,visit,,2025-09-21 13:45:00
8371,921,product_view,1031.0,2025-09-21 13:49:00
8372,921,add_to_cart,1031.0,2025-09-21 13:52:00
8373,921,checkout,1031.0,2025-09-21 13:55:00
8374,921,purchase,1031.0,2025-09-21 13:58:00
8375,624,visit,,2025-08-29 16:31:00
8376,624,product_view,1080.0,2025-08-29 16:35:00
8377,624,add_to_cart,1080.0,2025-08-29 16:36:00
8378,624,checkout,1080.0,2025-08-29 16:38:00
8379,630,visit,,2025-09-05 21:41:00
8380,630,product_view,1029.0,2025-09-05 21:43:00
8381,1171,visit,,2025-07-29 08:59:00
8382,1171,product_view,1007.0,2025-07-29 09:00:00
8383,257,visit,,2025-08-30 18:55:00
8384,257,product_view,1038.0,2025-08-30 18:56:00
8385,1477,visit,,2025-09-11 09:00:00
8386,1477,product_view,1007.0,2025-09-11 09:04:00
8387,990,visit,,2025-08-31 13:08:00
8388,990,product_view,1030.0,2025-08-31 13:10:00
8389,990,add_to_cart,1030.0,2025-08-31 13:12:00
8390,990,checkout,1030.0,2025-08-31 13:14:00
8391,990,purchase,1030.0,2025-08-31 13:15:00
8392,845,visit,,2025-09-15 07:03:00
8393,845,product_view,1101.0,2025-09-15 07:04:00
8394,550,visit,,2025-09-19 01:58:00
8395,550,product_view,1119.0,2025-09-19 02:01:00
8396,550,add_to_cart,1119.0,2025-09-19 02:03:00
8397,550,checkout,1119.0,2025-09-19 02:06:00
8398,550,purchase,1119.0,2025-09-19 02:08:00
8399,374,visit,,2025-08-09 02:16:00
8400,374,product_view,1051.0,2025-08-09 02:19:00
8401,374,add_to_cart,1051.0,2025-08-09 02:20:00
8402,1299,visit,,2025-09-05 08:08:00
8403,457,visit,,2025-08-12 19:33:00
8404,559,visit,,2025-08-09 05:10:00
8405,559,product_view,1058.0,2025-08-09 05:12:00
8406,1326,visit,,2025-08-11 19:26:00
8407,1326,product_view,1098.0,2025-08-11 19:30:00
8408,169,visit,,2025-08-01 19:01:00
8409,169,product_view,1046.0,2025-08-01 19:03:00
8410,169,add_to_cart,1046.0,2025-08-01 19:05:00
8411,953,visit,,2025-07-31 12:20:00
8412,953,product_view,1094.0,2025-07-31 12:22:00
8413,953,add_to_cart,1094.0,2025-07-31 12:23:00
8414,953,checkout,1094.0,2025-07-31 12:26:00
8415,114,visit,,2025-08-08 14:26:00
8416,114,product_view,1056.0,2025-08-08 14:29:00
8417,114,add_to_cart,1056.0,2025-08-08 14:33:00
8418,114,checkout,1056.0,2025-08-08 14:34:00
8419,1446,visit,,2025-08-10 08:42:00
8420,1464,visit,,2025-08-06 05:41:00
8421,1464,product_view,1118.0,2025-08-06 05:45:00
8422,1227,visit,,2025-09-29 23:03:00
8423,1227,product_view,1019.0,2025-09-29 23:07:00
8424,549,visit,,2025-07-29 19:12:00
8425,549,product_view,1074.0,2025-07-29 19:14:00
8426,820,visit,,2025-07-03 08:20:00
8427,1376,visit,,2025-07-24 22:22:00
8428,1376,product_view,1076.0,2025-07-24 22:26:00
8429,456,visit,,2025-08-28 06:15:00
8430,456,product_view,1043.0,2025-08-28 06:20:00
8431,456,add_to_cart,1043.0,2025-08-28 06:22:00
8432,456,checkout,1043.0,2025-08-28 06:24:00
8433,456,purchase,1043.0,2025-08-28 06:26:00
8434,1289,visit,,2025-09-25 06:03:00
8435,1289,product_view,1115.0,2025-09-25 06:05:00
8436,1289,add_to_cart,1115.0,2025-09-25 06:06:00
8437,313,visit,,2025-08-30 08:01:00
8438,313,product_view,1038.0,2025-08-30 08:06:00
8439,313,add_to_cart,1038.0,2025-08-30 08:10:00
8440,313,checkout,1038.0,2025-08-30 08:11:00
8441,313,purchase,1038.0,2025-08-30 08:12:00
8442,149,visit,,2025-07-07 04:15:00
8443,149,product_view,1052.0,2025-07-07 04:18:00
8444,149,add_to_cart,1052.0,2025-07-07 04:19:00
8445,149,checkout,1052.0,2025-07-07 04:20:00
8446,149,purchase,1052.0,2025-07-07 04:22:00
8447,1095,visit,,2025-09-02 01:51:00
8448,1095,product_view,1110.0,2025-09-02 01:54:00
8449,1431,visit,,2025-08-04 04:09:00
8450,1408,visit,,2025-08-08 10:25:00
8451,1408,product_view,1087.0,2025-08-08 10:26:00
8452,321,visit,,2025-08-17 02:08:00
8453,321,product_view,1048.0,2025-08-17 02:13:00
8454,73,visit,,2025-09-05 02:37:00
8455,73,product_view,1063.0,2025-09-05 02:39:00
8456,708,visit,,2025-07-03 11:45:00
8457,708,product_view,1116.0,2025-07-03 11:48:00
8458,521,visit,,2025-07-09 19:45:00
8459,226,visit,,2025-09-27 15:54:00
8460,226,product_view,1043.0,2025-09-27 15:57:00
8461,226,add_to_cart,1043.0,2025-09-27 15:58:00
8462,804,visit,,2025-07-30 05:32:00
8463,804,product_view,1056.0,2025-07-30 05:34:00
8464,839,visit,,2025-07-03 13:07:00
8465,839,product_view,1032.0,2025-07-03 13:09:00
8466,153,visit,,2025-09-24 17:42:00
8467,153,product_view,1086.0,2025-09-24 17:46:00
8468,153,add_to_cart,1086.0,2025-09-24 17:48:00
8469,153,checkout,1086.0,2025-09-24 17:49:00
8470,153,purchase,1086.0,2025-09-24 17:50:00
8471,86,visit,,2025-07-20 01:20:00
8472,86,product_view,1038.0,2025-07-20 01:24:00
8473,86,add_to_cart,1038.0,2025-07-20 01:27:00
8474,861,visit,,2025-08-27 14:56:00
8475,861,product_view,1077.0,2025-08-27 14:58:00
8476,1419,visit,,2025-07-04 16:02:00
8477,1419,product_view,1055.0,2025-07-04 16:07:00
8478,1419,add_to_cart,1055.0,2025-07-04 16:08:00
8479,1419,checkout,1055.0,2025-07-04 16:10:00
8480,856,visit,,2025-07-13 01:46:00
8481,856,product_view,1094.0,2025-07-13 01:48:00
8482,856,add_to_cart,1094.0,2025-07-13 01:49:00
8483,856,checkout,1094.0,2025-07-13 01:50:00
8484,856,purchase,1094.0,2025-07-13 01:52:00
8485,235,visit,,2025-08-01 17:33:00
8486,235,product_view,1050.0,2025-08-01 17:38:00
8487,235,add_to_cart,1050.0,2025-08-01 17:41:00
8488,235,checkout,1050.0,2025-08-01 17:44:00
8489,235,purchase,1050.0,2025-08-01 17:46:00
8490,94,visit,,2025-09-19 01:42:00
8491,94,product_view,1045.0,2025-09-19 01:45:00
8492,1141,visit,,2025-07-21 12:30:00
8493,1141,product_view,1069.0,2025-07-21 12:31:00
8494,1141,add_to_cart,1069.0,2025-07-21 12:33:00
8495,321,visit,,2025-07-01 23:40:00
8496,230,visit,,2025-09-24 09:28:00
8497,230,product_view,1087.0,2025-09-24 09:30:00
8498,230,add_to_cart,1087.0,2025-09-24 09:33:00
8499,230,checkout,1087.0,2025-09-24 09:34:00
8500,230,purchase,1087.0,2025-09-24 09:35:00
8501,1484,visit,,2025-07-04 17:14:00
8502,1484,product_view,1092.0,2025-07-04 17:18:00
8503,1066,visit,,2025-09-15 18:40:00
8504,761,visit,,2025-09-21 08:22:00
8505,1245,visit,,2025-07-27 13:29:00
8506,533,visit,,2025-08-31 08:36:00
8507,533,product_view,1050.0,2025-08-31 08:40:00
8508,533,add_to_cart,1050.0,2025-08-31 08:44:00
8509,533,checkout,1050.0,2025-08-31 08:45:00
8510,692,visit,,2025-09-01 03:05:00
8511,692,product_view,1098.0,2025-09-01 03:08:00
8512,692,add_to_cart,1098.0,2025-09-01 03:11:00
8513,749,visit,,2025-08-21 06:19:00
8514,749,product_view,1106.0,2025-08-21 06:20:00
8515,749,add_to_cart,1106.0,2025-08-21 06:24:00
8516,749,checkout,1106.0,2025-08-21 06:25:00
8517,749,purchase,1106.0,2025-08-21 06:26:00
8518,716,visit,,2025-08-14 13:21:00
8519,716,product_view,1068.0,2025-08-14 13:23:00
8520,716,add_to_cart,1068.0,2025-08-14 13:27:00
8521,988,visit,,2025-07-31 00:43:00
8522,988,product_view,1102.0,2025-07-31 00:47:00
8523,988,add_to_cart,1102.0,2025-07-31 00:51:00
8524,988,checkout,1102.0,2025-07-31 00:52:00
8525,221,visit,,2025-08-06 17:30:00
8526,221,product_view,1048.0,2025-08-06 17:31:00
8527,295,visit,,2025-09-24 01:08:00
8528,595,visit,,2025-08-11 00:42:00
8529,595,product_view,1044.0,2025-08-11 00:45:00
8530,595,add_to_cart,1044.0,2025-08-11 00:46:00
8531,595,checkout,1044.0,2025-08-11 00:49:00
8532,1364,visit,,2025-09-14 17:53:00
8533,1364,product_view,1073.0,2025-09-14 17:57:00
8534,1364,add_to_cart,1073.0,2025-09-14 18:01:00
8535,1364,checkout,1073.0,2025-09-14 18:04:00
8536,1364,purchase,1073.0,2025-09-14 18:06:00
8537,200,visit,,2025-07-28 00:12:00
8538,200,product_view,1051.0,2025-07-28 00:15:00
8539,200,add_to_cart,1051.0,2025-07-28 00:17:00
8540,122,visit,,2025-07-04 18:05:00
8541,122,product_view,1004.0,2025-07-04 18:08:00
8542,122,add_to_cart,1004.0,2025-07-04 18:11:00
8543,122,checkout,1004.0,2025-07-04 18:12:00
8544,1008,visit,,2025-08-05 03:28:00
8545,1160,visit,,2025-08-22 10:17:00
8546,1160,product_view,1083.0,2025-08-22 10:21:00
8547,1160,add_to_cart,1083.0,2025-08-22 10:25:00
8548,736,visit,,2025-09-05 19:51:00
8549,736,product_view,1013.0,2025-09-05 19:53:00
8550,736,add_to_cart,1013.0,2025-09-05 19:57:00
8551,1295,visit,,2025-07-08 00:10:00
8552,1295,product_view,1052.0,2025-07-08 00:11:00
8553,1295,add_to_cart,1052.0,2025-07-08 00:14:00
8554,1295,checkout,1052.0,2025-07-08 00:16:00
8555,925,visit,,2025-07-14 05:23:00
8556,925,product_view,1110.0,2025-07-14 05:26:00
8557,925,add_to_cart,1110.0,2025-07-14 05:27:00
8558,210,visit,,2025-09-05 20:10:00
8559,210,product_view,1119.0,2025-09-05 20:15:00
8560,25,visit,,2025-07-09 13:25:00
8561,25,product_view,1044.0,2025-07-09 13:30:00
8562,369,visit,,2025-09-13 04:31:00
8563,369,product_view,1028.0,2025-09-13 04:34:00
8564,996,visit,,2025-09-17 01:37:00
8565,996,product_view,1082.0,2025-09-17 01:39:00
8566,996,add_to_cart,1082.0,2025-09-17 01:42:00
8567,996,checkout,1082.0,2025-09-17 01:44:00
8568,996,purchase,1082.0,2025-09-17 01:47:00
8569,621,visit,,2025-07-20 00:09:00
8570,621,product_view,1039.0,2025-07-20 00:12:00
8571,306,visit,,2025-09-07 17:53:00
8572,306,product_view,1033.0,2025-09-07 17:54:00
8573,306,add_to_cart,1033.0,2025-09-07 17:58:00
8574,306,checkout,1033.0,2025-09-07 17:59:00
8575,306,purchase,1033.0,2025-09-07 18:00:00
8576,151,visit,,2025-07-15 17:02:00
8577,151,product_view,1108.0,2025-07-15 17:06:00
8578,1293,visit,,2025-07-16 08:50:00
8579,1293,product_view,1076.0,2025-07-16 08:52:00
8580,838,visit,,2025-08-19 02:01:00
8581,838,product_view,1001.0,2025-08-19 02:02:00
8582,1163,visit,,2025-07-16 03:52:00
8583,1163,product_view,1107.0,2025-07-16 03:57:00
8584,1163,add_to_cart,1107.0,2025-07-16 04:00:00
8585,775,visit,,2025-09-25 19:09:00
8586,1488,visit,,2025-08-22 17:35:00
8587,1488,product_view,1063.0,2025-08-22 17:37:00
8588,1488,add_to_cart,1063.0,2025-08-22 17:38:00
8589,1488,checkout,1063.0,2025-08-22 17:39:00
8590,1488,purchase,1063.0,2025-08-22 17:40:00
8591,1057,visit,,2025-07-15 17:40:00
8592,1057,product_view,1014.0,2025-07-15 17:41:00
8593,701,visit,,2025-07-11 22:45:00
8594,701,product_view,1118.0,2025-07-11 22:48:00
8595,912,visit,,2025-09-14 21:00:00
8596,912,product_view,1112.0,2025-09-14 21:04:00
8597,912,add_to_cart,1112.0,2025-09-14 21:07:00
8598,912,checkout,1112.0,2025-09-14 21:10:00
8599,98,visit,,2025-08-19 14:06:00
8600,98,product_view,1104.0,2025-08-19 14:11:00
8601,98,add_to_cart,1104.0,2025-08-19 14:13:00
8602,98,checkout,1104.0,2025-08-19 14:14:00
8603,98,purchase,1104.0,2025-08-19 14:16:00
8604,557,visit,,2025-08-30 04:48:00
8605,557,product_view,1041.0,2025-08-30 04:51:00
8606,968,visit,,2025-08-04 01:29:00
8607,968,product_view,1077.0,2025-08-04 01:30:00
8608,968,add_to_cart,1077.0,2025-08-04 01:34:00
8609,968,checkout,1077.0,2025-08-04 01:37:00
8610,968,purchase,1077.0,2025-08-04 01:40:00
8611,922,visit,,2025-09-16 07:15:00
8612,922,product_view,1001.0,2025-09-16 07:17:00
8613,922,add_to_cart,1001.0,2025-09-16 07:20:00
8614,922,checkout,1001.0,2025-09-16 07:23:00
8615,922,purchase,1001.0,2025-09-16 07:25:00
8616,9,visit,,2025-08-19 00:14:00
8617,9,product_view,1107.0,2025-08-19 00:18:00
8618,9,add_to_cart,1107.0,2025-08-19 00:19:00
8619,1140,visit,,2025-08-14 15:59:00
8620,495,visit,,2025-09-26 01:05:00
8621,495,product_view,1012.0,2025-09-26 01:10:00
8622,1319,visit,,2025-08-07 13:50:00
8623,1319,product_view,1043.0,2025-08-07 13:53:00
8624,1319,add_to_cart,1043.0,2025-08-07 13:54:00
8625,1319,checkout,1043.0,2025-08-07 13:56:00
8626,1319,purchase,1043.0,2025-08-07 13:58:00
8627,596,visit,,2025-08-21 14:38:00
8628,596,product_view,1067.0,2025-08-21 14:43:00
8629,596,add_to_cart,1067.0,2025-08-21 14:46:00
8630,596,checkout,1067.0,2025-08-21 14:49:00
8631,596,purchase,1067.0,2025-08-21 14:50:00
8632,505,visit,,2025-07-14 00:03:00
8633,934,visit,,2025-08-29 00:48:00
8634,934,product_view,1103.0,2025-08-29 00:52:00
8635,455,visit,,2025-08-31 10:36:00
8636,1220,visit,,2025-07-26 01:28:00
8637,1220,product_view,1026.0,2025-07-26 01:29:00
8638,152,visit,,2025-07-14 18:45:00
8639,152,product_view,1057.0,2025-07-14 18:46:00
8640,570,visit,,2025-07-04 05:59:00
8641,570,product_view,1079.0,2025-07-04 06:02:00
8642,570,add_to_cart,1079.0,2025-07-04 06:05:00
8643,570,checkout,1079.0,2025-07-04 06:08:00
8644,570,purchase,1079.0,2025-07-04 06:10:00
8645,476,visit,,2025-09-24 21:33:00
8646,476,product_view,1030.0,2025-09-24 21:38:00
8647,1437,visit,,2025-08-13 11:10:00
8648,1437,product_view,1119.0,2025-08-13 11:11:00
8649,1437,add_to_cart,1119.0,2025-08-13 11:12:00
8650,1489,visit,,2025-08-16 07:58:00
8651,1489,product_view,1030.0,2025-08-16 07:59:00
8652,1489,add_to_cart,1030.0,2025-08-16 08:01:00
8653,1489,checkout,1030.0,2025-08-16 08:03:00
8654,440,visit,,2025-08-19 22:07:00
8655,1257,visit,,2025-09-21 14:15:00
8656,1257,product_view,1062.0,2025-09-21 14:19:00
8657,1257,add_to_cart,1062.0,2025-09-21 14:22:00
8658,1423,visit,,2025-07-20 08:32:00
8659,1423,product_view,1117.0,2025-07-20 08:34:00
8660,402,visit,,2025-09-10 11:54:00
8661,402,product_view,1102.0,2025-09-10 11:57:00
8662,499,visit,,2025-09-18 04:55:00
8663,499,product_view,1107.0,2025-09-18 04:59:00
8664,1360,visit,,2025-08-03 22:05:00
8665,495,visit,,2025-09-12 06:50:00
8666,495,product_view,1036.0,2025-09-12 06:54:00
8667,800,visit,,2025-07-05 13:00:00
8668,800,product_view,1057.0,2025-07-05 13:05:00
8669,979,visit,,2025-07-30 10:29:00
8670,979,product_view,1112.0,2025-07-30 10:30:00
8671,249,visit,,2025-07-18 10:01:00
8672,249,product_view,1050.0,2025-07-18 10:06:00
8673,385,visit,,2025-08-17 08:25:00
8674,385,product_view,1120.0,2025-08-17 08:27:00
8675,1096,visit,,2025-09-15 14:00:00
8676,1096,product_view,1089.0,2025-09-15 14:03:00
8677,1287,visit,,2025-08-11 11:31:00
8678,1287,product_view,1083.0,2025-08-11 11:33:00
8679,487,visit,,2025-09-23 04:30:00
8680,487,product_view,1033.0,2025-09-23 04:31:00
8681,810,visit,,2025-09-13 04:23:00
8682,810,product_view,1051.0,2025-09-13 04:28:00
8683,1329,visit,,2025-08-12 00:39:00
8684,798,visit,,2025-07-01 01:42:00
8685,798,product_view,1007.0,2025-07-01 01:43:00
8686,114,visit,,2025-08-11 13:04:00
8687,114,product_view,1011.0,2025-08-11 13:09:00
8688,114,add_to_cart,1011.0,2025-08-11 13:12:00
8689,1277,visit,,2025-09-04 02:08:00
8690,474,visit,,2025-07-07 21:47:00
8691,474,product_view,1001.0,2025-07-07 21:49:00
8692,396,visit,,2025-08-08 21:24:00
8693,396,product_view,1068.0,2025-08-08 21:29:00
8694,396,add_to_cart,1068.0,2025-08-08 21:33:00
8695,396,checkout,1068.0,2025-08-08 21:34:00
8696,396,purchase,1068.0,2025-08-08 21:35:00
8697,126,visit,,2025-09-24 08:33:00
8698,126,product_view,1034.0,2025-09-24 08:37:00
8699,502,visit,,2025-08-22 11:20:00
8700,502,product_view,1081.0,2025-08-22 11:21:00
8701,259,visit,,2025-09-06 17:08:00
8702,43,visit,,2025-07-28 02:33:00
8703,43,product_view,1053.0,2025-07-28 02:37:00
8704,249,visit,,2025-08-19 02:40:00
8705,249,product_view,1062.0,2025-08-19 02:42:00
8706,319,visit,,2025-08-22 08:48:00
8707,319,product_view,1025.0,2025-08-22 08:52:00
8708,868,visit,,2025-07-25 10:58:00
8709,868,product_view,1065.0,2025-07-25 11:03:00
8710,868,add_to_cart,1065.0,2025-07-25 11:07:00
8711,868,checkout,1065.0,2025-07-25 11:08:00
8712,302,visit,,2025-09-12 21:04:00
8713,302,product_view,1029.0,2025-09-12 21:06:00
8714,704,visit,,2025-09-07 04:56:00
8715,824,visit,,2025-08-28 03:11:00
8716,824,product_view,1104.0,2025-08-28 03:16:00
8717,824,add_to_cart,1104.0,2025-08-28 03:19:00
8718,824,checkout,1104.0,2025-08-28 03:22:00
8719,824,purchase,1104.0,2025-08-28 03:23:00
8720,642,visit,,2025-09-17 13:48:00
8721,642,product_view,1024.0,2025-09-17 13:51:00
8722,571,visit,,2025-08-01 23:40:00
8723,571,product_view,1098.0,2025-08-01 23:45:00
8724,571,add_to_cart,1098.0,2025-08-01 23:46:00
8725,238,visit,,2025-08-09 07:14:00
8726,238,product_view,1010.0,2025-08-09 07:17:00
8727,238,add_to_cart,1010.0,2025-08-09 07:18:00
8728,238,checkout,1010.0,2025-08-09 07:20:00
8729,238,purchase,1010.0,2025-08-09 07:22:00
8730,1439,visit,,2025-09-15 21:42:00
8731,1439,product_view,1045.0,2025-09-15 21:43:00
8732,796,visit,,2025-07-22 15:33:00
8733,796,product_view,1090.0,2025-07-22 15:38:00
8734,796,add_to_cart,1090.0,2025-07-22 15:41:00
8735,796,checkout,1090.0,2025-07-22 15:44:00
8736,796,purchase,1090.0,2025-07-22 15:47:00
8737,546,visit,,2025-07-31 14:10:00
8738,546,product_view,1050.0,2025-07-31 14:12:00
8739,813,visit,,2025-07-03 06:09:00
8740,813,product_view,1051.0,2025-07-03 06:14:00
8741,813,add_to_cart,1051.0,2025-07-03 06:15:00
8742,813,checkout,1051.0,2025-07-03 06:17:00
8743,813,purchase,1051.0,2025-07-03 06:20:00
8744,1163,visit,,2025-08-29 07:46:00
8745,1163,product_view,1063.0,2025-08-29 07:51:00
8746,1163,add_to_cart,1063.0,2025-08-29 07:54:00
8747,1186,visit,,2025-08-14 02:36:00
8748,300,visit,,2025-08-27 08:43:00
8749,300,product_view,1033.0,2025-08-27 08:44:00
8750,300,add_to_cart,1033.0,2025-08-27 08:46:00
8751,934,visit,,2025-07-28 22:33:00
8752,934,product_view,1002.0,2025-07-28 22:36:00
8753,934,add_to_cart,1002.0,2025-07-28 22:40:00
8754,214,visit,,2025-07-21 11:35:00
8755,214,product_view,1014.0,2025-07-21 11:37:00
8756,214,add_to_cart,1014.0,2025-07-21 11:38:00
8757,1113,visit,,2025-08-16 12:15:00
8758,1113,product_view,1006.0,2025-08-16 12:20:00
8759,1184,visit,,2025-09-19 08:40:00
8760,1184,product_view,1022.0,2025-09-19 08:45:00
8761,1184,add_to_cart,1022.0,2025-09-19 08:47:00
8762,81,visit,,2025-08-30 21:45:00
8763,81,product_view,1114.0,2025-08-30 21:47:00
8764,81,add_to_cart,1114.0,2025-08-30 21:51:00
8765,81,checkout,1114.0,2025-08-30 21:53:00
8766,596,visit,,2025-08-14 04:11:00
8767,596,product_view,1070.0,2025-08-14 04:13:00
8768,596,add_to_cart,1070.0,2025-08-14 04:17:00
8769,1128,visit,,2025-07-18 17:30:00
8770,1128,product_view,1038.0,2025-07-18 17:31:00
8771,1128,add_to_cart,1038.0,2025-07-18 17:33:00
8772,1128,checkout,1038.0,2025-07-18 17:36:00
8773,1128,purchase,1038.0,2025-07-18 17:37:00
8774,811,visit,,2025-07-09 05:39:00
8775,811,product_view,1042.0,2025-07-09 05:42:00
8776,811,add_to_cart,1042.0,2025-07-09 05:43:00
8777,40,visit,,2025-08-16 02:02:00
8778,40,product_view,1003.0,2025-08-16 02:07:00
8779,40,add_to_cart,1003.0,2025-08-16 02:10:00
8780,264,visit,,2025-07-23 06:44:00
8781,264,product_view,1055.0,2025-07-23 06:46:00
8782,264,add_to_cart,1055.0,2025-07-23 06:50:00
8783,264,checkout,1055.0,2025-07-23 06:51:00
8784,264,purchase,1055.0,2025-07-23 06:52:00
8785,1340,visit,,2025-07-30 00:45:00
8786,1372,visit,,2025-09-26 04:56:00
8787,1372,product_view,1035.0,2025-09-26 04:59:00
8788,1372,add_to_cart,1035.0,2025-09-26 05:03:00
8789,1372,checkout,1035.0,2025-09-26 05:04:00
8790,1372,purchase,1035.0,2025-09-26 05:06:00
8791,290,visit,,2025-09-10 00:55:00
8792,290,product_view,1109.0,2025-09-10 00:59:00
8793,453,visit,,2025-08-24 13:39:00
8794,453,product_view,1016.0,2025-08-24 13:44:00
8795,453,add_to_cart,1016.0,2025-08-24 13:47:00
8796,453,checkout,1016.0,2025-08-24 13:48:00
8797,521,visit,,2025-08-05 08:04:00
8798,798,visit,,2025-08-25 12:16:00
8799,798,product_view,1013.0,2025-08-25 12:17:00
8800,798,add_to_cart,1013.0,2025-08-25 12:20:00
8801,798,checkout,1013.0,2025-08-25 12:23:00
8802,798,purchase,1013.0,2025-08-25 12:24:00
8803,675,visit,,2025-09-22 03:31:00
8804,675,product_view,1094.0,2025-09-22 03:33:00
8805,846,visit,,2025-09-27 05:33:00
8806,846,product_view,1107.0,2025-09-27 05:35:00
8807,846,add_to_cart,1107.0,2025-09-27 05:36:00
8808,846,checkout,1107.0,2025-09-27 05:38:00
8809,1340,visit,,2025-08-22 19:36:00
8810,852,visit,,2025-07-25 03:21:00
8811,852,product_view,1013.0,2025-07-25 03:24:00
8812,852,add_to_cart,1013.0,2025-07-25 03:26:00
8813,273,visit,,2025-09-09 01:20:00
8814,273,product_view,1085.0,2025-09-09 01:25:00
8815,273,add_to_cart,1085.0,2025-09-09 01:29:00
8816,273,checkout,1085.0,2025-09-09 01:32:00
8817,273,purchase,1085.0,2025-09-09 01:34:00
8818,118,visit,,2025-08-09 15:25:00
8819,118,product_view,1090.0,2025-08-09 15:28:00
8820,1386,visit,,2025-09-15 11:02:00
8821,1386,product_view,1026.0,2025-09-15 11:03:00
8822,1386,add_to_cart,1026.0,2025-09-15 11:06:00
8823,665,visit,,2025-09-03 21:27:00
8824,665,product_view,1041.0,2025-09-03 21:31:00
8825,665,add_to_cart,1041.0,2025-09-03 21:33:00
8826,665,checkout,1041.0,2025-09-03 21:34:00
8827,665,purchase,1041.0,2025-09-03 21:36:00
8828,1089,visit,,2025-07-03 07:01:00
8829,1089,product_view,1076.0,2025-07-03 07:04:00
8830,1093,visit,,2025-09-03 00:45:00
8831,1093,product_view,1115.0,2025-09-03 00:49:00
8832,1093,add_to_cart,1115.0,2025-09-03 00:53:00
8833,1093,checkout,1115.0,2025-09-03 00:55:00
8834,269,visit,,2025-09-16 07:23:00
8835,673,visit,,2025-08-07 21:46:00
8836,673,product_view,1089.0,2025-08-07 21:48:00
8837,673,add_to_cart,1089.0,2025-08-07 21:51:00
8838,673,checkout,1089.0,2025-08-07 21:53:00
8839,673,purchase,1089.0,2025-08-07 21:55:00
8840,1244,visit,,2025-07-12 03:43:00
8841,1244,product_view,1110.0,2025-07-12 03:47:00
8842,1123,visit,,2025-07-03 22:19:00
8843,1123,product_view,1029.0,2025-07-03 22:23:00
8844,1123,add_to_cart,1029.0,2025-07-03 22:25:00
8845,1123,checkout,1029.0,2025-07-03 22:27:00
8846,1123,purchase,1029.0,2025-07-03 22:30:00
8847,180,visit,,2025-07-01 17:36:00
8848,731,visit,,2025-09-12 14:58:00
8849,224,visit,,2025-08-14 21:59:00
8850,372,visit,,2025-07-27 06:24:00
8851,372,product_view,1015.0,2025-07-27 06:29:00
8852,125,visit,,2025-09-04 06:17:00
8853,125,product_view,1001.0,2025-09-04 06:18:00
8854,125,add_to_cart,1001.0,2025-09-04 06:20:00
8855,125,checkout,1001.0,2025-09-04 06:22:00
8856,125,purchase,1001.0,2025-09-04 06:23:00
8857,240,visit,,2025-08-01 23:53:00
8858,240,product_view,1096.0,2025-08-01 23:57:00
8859,1218,visit,,2025-08-29 03:40:00
8860,673,visit,,2025-08-20 01:58:00
8861,673,product_view,1090.0,2025-08-20 02:00:00
8862,673,add_to_cart,1090.0,2025-08-20 02:04:00
8863,1064,visit,,2025-08-15 04:32:00
8864,1064,product_view,1087.0,2025-08-15 04:37:00
8865,1049,visit,,2025-09-04 20:06:00
8866,1049,product_view,1051.0,2025-09-04 20:09:00
8867,1179,visit,,2025-08-20 22:15:00
8868,1179,product_view,1060.0,2025-08-20 22:20:00
8869,1179,add_to_cart,1060.0,2025-08-20 22:21:00
8870,1179,checkout,1060.0,2025-08-20 22:23:00
8871,1179,purchase,1060.0,2025-08-20 22:26:00
8872,1253,visit,,2025-09-22 09:50:00
8873,1253,product_view,1109.0,2025-09-22 09:54:00
8874,1316,visit,,2025-08-02 09:17:00
8875,1316,product_view,1085.0,2025-08-02 09:18:00
8876,1316,add_to_cart,1085.0,2025-08-02 09:20:00
8877,278,visit,,2025-09-20 10:18:00
8878,278,product_view,1050.0,2025-09-20 10:21:00
8879,727,visit,,2025-07-14 22:25:00
8880,727,product_view,1073.0,2025-07-14 22:28:00
8881,727,add_to_cart,1073.0,2025-07-14 22:30:00
8882,1057,visit,,2025-09-19 20:45:00
8883,111,visit,,2025-09-16 22:50:00
8884,111,product_view,1060.0,2025-09-16 22:54:00
8885,111,add_to_cart,1060.0,2025-09-16 22:57:00
8886,111,checkout,1060.0,2025-09-16 22:58:00
8887,1018,visit,,2025-08-23 21:51:00
8888,1018,product_view,1043.0,2025-08-23 21:55:00
8889,1018,add_to_cart,1043.0,2025-08-23 21:58:00
8890,447,visit,,2025-09-25 01:31:00
8891,447,product_view,1040.0,2025-09-25 01:33:00
8892,447,add_to_cart,1040.0,2025-09-25 01:37:00
8893,201,visit,,2025-09-26 14:29:00
8894,193,visit,,2025-09-26 20:55:00
8895,193,product_view,1113.0,2025-09-26 20:56:00
8896,6,visit,,2025-09-04 17:13:00
8897,6,product_view,1063.0,2025-09-04 17:15:00
8898,6,add_to_cart,1063.0,2025-09-04 17:17:00
8899,1027,visit,,2025-08-06 00:15:00
8900,838,visit,,2025-09-14 19:21:00
8901,838,product_view,1075.0,2025-09-14 19:26:00
8902,838,add_to_cart,1075.0,2025-09-14 19:27:00
8903,460,visit,,2025-07-18 21:51:00
8904,460,product_view,1012.0,2025-07-18 21:53:00
8905,460,add_to_cart,1012.0,2025-07-18 21:55:00
8906,460,checkout,1012.0,2025-07-18 21:58:00
8907,244,visit,,2025-09-18 14:09:00
8908,244,product_view,1037.0,2025-09-18 14:10:00
8909,244,add_to_cart,1037.0,2025-09-18 14:12:00
8910,244,checkout,1037.0,2025-09-18 14:14:00
8911,244,purchase,1037.0,2025-09-18 14:16:00
8912,1255,visit,,2025-07-05 18:15:00
8913,1255,product_view,1043.0,2025-07-05 18:18:00
8914,1255,add_to_cart,1043.0,2025-07-05 18:22:00
8915,86,visit,,2025-07-20 01:02:00
8916,86,product_view,1117.0,2025-07-20 01:06:00
8917,86,add_to_cart,1117.0,2025-07-20 01:08:00
8918,86,checkout,1117.0,2025-07-20 01:10:00
8919,86,purchase,1117.0,2025-07-20 01:12:00
8920,562,visit,,2025-08-30 12:07:00
8921,562,product_view,1103.0,2025-08-30 12:08:00
8922,511,visit,,2025-09-23 19:05:00
8923,303,visit,,2025-09-25 23:48:00
8924,303,product_view,1062.0,2025-09-25 23:52:00
8925,303,add_to_cart,1062.0,2025-09-25 23:56:00
8926,212,visit,,2025-07-20 05:55:00
8927,212,product_view,1116.0,2025-07-20 06:00:00
8928,1344,visit,,2025-09-19 00:23:00
8929,1344,product_view,1091.0,2025-09-19 00:26:00
8930,1344,add_to_cart,1091.0,2025-09-19 00:29:00
8931,1344,checkout,1091.0,2025-09-19 00:30:00
8932,760,visit,,2025-08-11 10:37:00
8933,760,product_view,1048.0,2025-08-11 10:39:00
8934,435,visit,,2025-08-12 13:00:00
8935,435,product_view,1091.0,2025-08-12 13:04:00
8936,1241,visit,,2025-09-25 09:59:00
8937,1241,product_view,1103.0,2025-09-25 10:01:00
8938,1000,visit,,2025-07-25 18:46:00
8939,1000,product_view,1053.0,2025-07-25 18:49:00
8940,842,visit,,2025-07-04 16:11:00
8941,842,product_view,1005.0,2025-07-04 16:13:00
8942,842,add_to_cart,1005.0,2025-07-04 16:17:00
8943,292,visit,,2025-09-11 00:11:00
8944,377,visit,,2025-07-08 18:28:00
8945,377,product_view,1020.0,2025-07-08 18:31:00
8946,821,visit,,2025-08-28 19:02:00
8947,821,product_view,1014.0,2025-08-28 19:06:00
8948,821,add_to_cart,1014.0,2025-08-28 19:07:00
8949,1389,visit,,2025-07-23 01:03:00
8950,1389,product_view,1014.0,2025-07-23 01:05:00
8951,1389,add_to_cart,1014.0,2025-07-23 01:06:00
8952,1389,checkout,1014.0,2025-07-23 01:09:00
8953,1389,purchase,1014.0,2025-07-23 01:10:00
8954,784,visit,,2025-07-10 17:41:00
8955,784,product_view,1024.0,2025-07-10 17:43:00
8956,474,visit,,2025-09-20 02:47:00
8957,474,product_view,1076.0,2025-09-20 02:52:00
8958,1329,visit,,2025-07-19 03:00:00
8959,460,visit,,2025-08-31 02:10:00
8960,460,product_view,1004.0,2025-08-31 02:14:00
8961,460,add_to_cart,1004.0,2025-08-31 02:15:00
8962,258,visit,,2025-07-19 16:14:00
8963,258,product_view,1114.0,2025-07-19 16:18:00
8964,373,visit,,2025-07-07 10:18:00
8965,373,product_view,1059.0,2025-07-07 10:21:00
8966,373,add_to_cart,1059.0,2025-07-07 10:25:00
8967,1122,visit,,2025-07-19 01:25:00
8968,1122,product_view,1120.0,2025-07-19 01:27:00
8969,1062,visit,,2025-09-27 23:47:00
8970,1062,product_view,1107.0,2025-09-27 23:48:00
8971,343,visit,,2025-09-12 17:03:00
8972,530,visit,,2025-09-29 13:23:00
8973,530,product_view,1054.0,2025-09-29 13:26:00
8974,530,add_to_cart,1054.0,2025-09-29 13:29:00
8975,530,checkout,1054.0,2025-09-29 13:30:00
8976,854,visit,,2025-09-27 00:41:00
8977,854,product_view,1105.0,2025-09-27 00:44:00
8978,854,add_to_cart,1105.0,2025-09-27 00:47:00
8979,702,visit,,2025-08-16 14:13:00
8980,702,product_view,1023.0,2025-08-16 14:17:00
8981,962,visit,,2025-09-09 17:16:00
8982,962,product_view,1064.0,2025-09-09 17:17:00
8983,1432,visit,,2025-08-04 13:20:00
8984,1432,product_view,1078.0,2025-08-04 13:24:00
8985,109,visit,,2025-07-12 04:57:00
8986,109,product_view,1056.0,2025-07-12 05:02:00
8987,314,visit,,2025-08-09 04:25:00
8988,314,product_view,1070.0,2025-08-09 04:30:00
8989,314,add_to_cart,1070.0,2025-08-09 04:32:00
8990,1408,visit,,2025-07-10 22:41:00
8991,1408,product_view,1093.0,2025-07-10 22:44:00
8992,1408,add_to_cart,1093.0,2025-07-10 22:45:00
8993,1408,checkout,1093.0,2025-07-10 22:46:00
8994,153,visit,,2025-09-05 13:02:00
8995,153,product_view,1083.0,2025-09-05 13:06:00
8996,153,add_to_cart,1083.0,2025-09-05 13:07:00
8997,153,visit,,2025-09-21 12:24:00
8998,153,product_view,1089.0,2025-09-21 12:28:00
8999,1183,visit,,2025-08-17 20:04:00
9000,1183,product_view,1108.0,2025-08-17 20:09:00
9001,1183,add_to_cart,1108.0,2025-08-17 20:10:00
9002,538,visit,,2025-09-10 21:23:00
9003,538,product_view,1018.0,2025-09-10 21:26:00
9004,554,visit,,2025-08-21 00:05:00
9005,554,product_view,1011.0,2025-08-21 00:06:00
9006,1140,visit,,2025-08-03 17:01:00
9007,1140,product_view,1088.0,2025-08-03 17:02:00
9008,243,visit,,2025-07-01 22:32:00
9009,243,product_view,1061.0,2025-07-01 22:36:00
9010,243,add_to_cart,1061.0,2025-07-01 22:37:00
9011,243,checkout,1061.0,2025-07-01 22:38:00
9012,243,purchase,1061.0,2025-07-01 22:41:00
9013,1484,visit,,2025-08-30 09:03:00
9014,1484,product_view,1008.0,2025-08-30 09:05:00
9015,1484,add_to_cart,1008.0,2025-08-30 09:08:00
9016,1223,visit,,2025-08-27 22:09:00
9017,1223,product_view,1049.0,2025-08-27 22:12:00
9018,1223,add_to_cart,1049.0,2025-08-27 22:13:00
9019,1223,checkout,1049.0,2025-08-27 22:14:00
9020,1223,purchase,1049.0,2025-08-27 22:17:00
9021,105,visit,,2025-08-30 01:52:00
9022,105,product_view,1087.0,2025-08-30 01:57:00
9023,58,visit,,2025-07-23 00:23:00
9024,58,product_view,1093.0,2025-07-23 00:26:00
9025,1158,visit,,2025-07-21 21:48:00
9026,471,visit,,2025-09-26 19:11:00
9027,471,product_view,1091.0,2025-09-26 19:12:00
9028,353,visit,,2025-08-30 11:57:00
9029,353,product_view,1080.0,2025-08-30 12:02:00
9030,353,add_to_cart,1080.0,2025-08-30 12:06:00
9031,1340,visit,,2025-08-12 20:14:00
9032,865,visit,,2025-09-15 23:28:00
9033,865,product_view,1042.0,2025-09-15 23:31:00
9034,343,visit,,2025-07-20 12:42:00
9035,343,product_view,1045.0,2025-07-20 12:47:00
9036,529,visit,,2025-09-22 05:03:00
9037,529,product_view,1086.0,2025-09-22 05:07:00
9038,529,add_to_cart,1086.0,2025-09-22 05:10:00
9039,433,visit,,2025-08-07 01:50:00
9040,433,product_view,1057.0,2025-08-07 01:53:00
9041,433,add_to_cart,1057.0,2025-08-07 01:55:00
9042,433,checkout,1057.0,2025-08-07 01:58:00
9043,910,visit,,2025-08-24 12:47:00
9044,910,product_view,1102.0,2025-08-24 12:52:00
9045,910,add_to_cart,1102.0,2025-08-24 12:53:00
9046,772,visit,,2025-07-01 16:20:00
9047,772,product_view,1099.0,2025-07-01 16:21:00
9048,938,visit,,2025-09-15 21:02:00
9049,938,product_view,1039.0,2025-09-15 21:07:00
9050,938,add_to_cart,1039.0,2025-09-15 21:11:00
9051,938,checkout,1039.0,2025-09-15 21:12:00
9052,938,purchase,1039.0,2025-09-15 21:15:00
9053,72,visit,,2025-07-08 06:52:00
9054,72,product_view,1066.0,2025-07-08 06:57:00
9055,72,add_to_cart,1066.0,2025-07-08 07:00:00
9056,1381,visit,,2025-08-26 08:16:00
9057,1381,product_view,1046.0,2025-08-26 08:21:00
9058,1143,visit,,2025-07-27 05:16:00
9059,1143,product_view,1056.0,2025-07-27 05:18:00
9060,1143,add_to_cart,1056.0,2025-07-27 05:22:00
9061,224,visit,,2025-07-15 02:44:00
9062,1436,visit,,2025-08-17 22:55:00
9063,1436,product_view,1067.0,2025-08-17 23:00:00
9064,1436,add_to_cart,1067.0,2025-08-17 23:04:00
9065,1249,visit,,2025-09-24 23:20:00
9066,1249,product_view,1071.0,2025-09-24 23:22:00
9067,1249,add_to_cart,1071.0,2025-09-24 23:25:00
9068,844,visit,,2025-09-03 21:13:00
9069,844,product_view,1016.0,2025-09-03 21:17:00
9070,407,visit,,2025-08-05 22:59:00
9071,18,visit,,2025-07-06 04:09:00
9072,18,product_view,1113.0,2025-07-06 04:13:00
9073,18,add_to_cart,1113.0,2025-07-06 04:16:00
9074,18,checkout,1113.0,2025-07-06 04:18:00
9075,18,purchase,1113.0,2025-07-06 04:19:00
9076,686,visit,,2025-08-12 09:34:00
9077,686,product_view,1109.0,2025-08-12 09:39:00
9078,686,add_to_cart,1109.0,2025-08-12 09:43:00
9079,1123,visit,,2025-07-14 22:39:00
9080,1123,product_view,1111.0,2025-07-14 22:40:00
9081,578,visit,,2025-09-26 08:38:00
9082,578,product_view,1061.0,2025-09-26 08:41:00
9083,578,add_to_cart,1061.0,2025-09-26 08:45:00
9084,578,checkout,1061.0,2025-09-26 08:46:00
9085,578,purchase,1061.0,2025-09-26 08:48:00
9086,987,visit,,2025-09-09 08:43:00
9087,987,product_view,1093.0,2025-09-09 08:45:00
9088,987,add_to_cart,1093.0,2025-09-09 08:49:00
9089,987,checkout,1093.0,2025-09-09 08:50:00
9090,987,purchase,1093.0,2025-09-09 08:53:00
9091,556,visit,,2025-07-19 19:53:00
9092,868,visit,,2025-08-24 19:58:00
9093,868,product_view,1058.0,2025-08-24 20:03:00
9094,868,add_to_cart,1058.0,2025-08-24 20:07:00
9095,678,visit,,2025-08-05 10:32:00
9096,678,product_view,1038.0,2025-08-05 10:36:00
9097,142,visit,,2025-08-05 00:07:00
9098,279,visit,,2025-09-13 22:13:00
9099,279,product_view,1093.0,2025-09-13 22:14:00
9100,1234,visit,,2025-07-24 22:29:00
9101,1234,product_view,1056.0,2025-07-24 22:30:00
9102,1191,visit,,2025-08-02 12:57:00
9103,1191,product_view,1027.0,2025-08-02 13:02:00
9104,1191,add_to_cart,1027.0,2025-08-02 13:04:00
9105,1082,visit,,2025-08-07 15:38:00
9106,1082,product_view,1037.0,2025-08-07 15:41:00
9107,1082,add_to_cart,1037.0,2025-08-07 15:42:00
9108,839,visit,,2025-08-21 04:45:00
9109,839,product_view,1071.0,2025-08-21 04:47:00
9110,128,visit,,2025-08-29 00:42:00
9111,128,product_view,1104.0,2025-08-29 00:47:00
9112,128,add_to_cart,1104.0,2025-08-29 00:48:00
9113,476,visit,,2025-08-18 01:08:00
9114,476,product_view,1014.0,2025-08-18 01:12:00
9115,614,visit,,2025-08-01 01:13:00
9116,614,product_view,1031.0,2025-08-01 01:15:00
9117,1333,visit,,2025-09-01 02:34:00
9118,1333,product_view,1092.0,2025-09-01 02:36:00
9119,1333,add_to_cart,1092.0,2025-09-01 02:40:00
9120,722,visit,,2025-07-25 02:51:00
9121,722,product_view,1054.0,2025-07-25 02:53:00
9122,430,visit,,2025-09-28 00:31:00
9123,430,product_view,1070.0,2025-09-28 00:33:00
9124,1000,visit,,2025-07-07 12:26:00
9125,1000,product_view,1070.0,2025-07-07 12:29:00
9126,1000,add_to_cart,1070.0,2025-07-07 12:32:00
9127,1000,checkout,1070.0,2025-07-07 12:34:00
9128,1000,purchase,1070.0,2025-07-07 12:36:00
9129,1452,visit,,2025-08-07 02:33:00
9130,339,visit,,2025-09-09 21:33:00
9131,339,product_view,1081.0,2025-09-09 21:35:00
9132,339,add_to_cart,1081.0,2025-09-09 21:37:00
9133,1072,visit,,2025-09-08 12:27:00
9134,1072,product_view,1091.0,2025-09-08 12:30:00
9135,1257,visit,,2025-08-19 18:59:00
9136,1257,product_view,1035.0,2025-08-19 19:04:00
9137,360,visit,,2025-09-03 05:44:00
9138,360,product_view,1069.0,2025-09-03 05:47:00
9139,360,add_to_cart,1069.0,2025-09-03 05:48:00
9140,360,checkout,1069.0,2025-09-03 05:49:00
9141,360,purchase,1069.0,2025-09-03 05:52:00
9142,1382,visit,,2025-09-17 17:35:00
9143,943,visit,,2025-07-22 06:47:00
9144,943,product_view,1012.0,2025-07-22 06:48:00
9145,943,add_to_cart,1012.0,2025-07-22 06:52:00
9146,1072,visit,,2025-08-07 04:50:00
9147,1072,product_view,1056.0,2025-08-07 04:54:00
9148,1072,add_to_cart,1056.0,2025-08-07 04:56:00
9149,1072,checkout,1056.0,2025-08-07 04:59:00
9150,693,visit,,2025-08-30 04:33:00
9151,693,product_view,1024.0,2025-08-30 04:37:00
9152,1480,visit,,2025-07-20 00:32:00
9153,990,visit,,2025-09-10 07:53:00
9154,990,product_view,1058.0,2025-09-10 07:54:00
9155,15,visit,,2025-07-24 21:34:00
9156,15,product_view,1053.0,2025-07-24 21:36:00
9157,15,add_to_cart,1053.0,2025-07-24 21:39:00
9158,1304,visit,,2025-08-17 15:15:00
9159,1304,product_view,1091.0,2025-08-17 15:19:00
9160,1304,add_to_cart,1091.0,2025-08-17 15:21:00
9161,928,visit,,2025-09-21 22:49:00
9162,928,product_view,1064.0,2025-09-21 22:52:00
9163,928,add_to_cart,1064.0,2025-09-21 22:55:00
9164,928,checkout,1064.0,2025-09-21 22:58:00
9165,928,purchase,1064.0,2025-09-21 22:59:00
9166,258,visit,,2025-08-29 07:47:00
9167,258,product_view,1100.0,2025-08-29 07:49:00
9168,258,add_to_cart,1100.0,2025-08-29 07:52:00
9169,918,visit,,2025-07-03 09:45:00
9170,918,product_view,1119.0,2025-07-03 09:48:00
9171,918,add_to_cart,1119.0,2025-07-03 09:50:00
9172,918,checkout,1119.0,2025-07-03 09:52:00
9173,918,purchase,1119.0,2025-07-03 09:54:00
9174,1237,visit,,2025-09-28 21:14:00
9175,922,visit,,2025-08-28 20:02:00
9176,922,product_view,1115.0,2025-08-28 20:03:00
9177,922,add_to_cart,1115.0,2025-08-28 20:04:00
9178,922,checkout,1115.0,2025-08-28 20:07:00
9179,922,purchase,1115.0,2025-08-28 20:09:00
9180,1321,visit,,2025-07-30 16:25:00
9181,1321,product_view,1059.0,2025-07-30 16:28:00
9182,1321,add_to_cart,1059.0,2025-07-30 16:29:00
9183,1321,checkout,1059.0,2025-07-30 16:31:00
9184,1321,purchase,1059.0,2025-07-30 16:33:00
9185,1375,visit,,2025-09-02 23:14:00
9186,1375,product_view,1056.0,2025-09-02 23:16:00
9187,145,visit,,2025-07-21 09:34:00
9188,145,product_view,1089.0,2025-07-21 09:37:00
9189,145,add_to_cart,1089.0,2025-07-21 09:41:00
9190,145,checkout,1089.0,2025-07-21 09:44:00
9191,332,visit,,2025-09-25 19:16:00
9192,1194,visit,,2025-09-14 21:53:00
9193,1194,product_view,1108.0,2025-09-14 21:55:00
9194,1194,add_to_cart,1108.0,2025-09-14 21:56:00
9195,1194,checkout,1108.0,2025-09-14 21:57:00
9196,1194,purchase,1108.0,2025-09-14 22:00:00
9197,423,visit,,2025-07-11 04:45:00
9198,423,product_view,1008.0,2025-07-11 04:47:00
9199,60,visit,,2025-07-16 07:46:00
9200,1022,visit,,2025-08-18 04:34:00
9201,1022,product_view,1012.0,2025-08-18 04:37:00
9202,1022,add_to_cart,1012.0,2025-08-18 04:38:00
9203,1022,checkout,1012.0,2025-08-18 04:41:00
9204,156,visit,,2025-09-08 21:01:00
9205,750,visit,,2025-07-28 06:29:00
9206,750,product_view,1105.0,2025-07-28 06:31:00
9207,750,add_to_cart,1105.0,2025-07-28 06:35:00
9208,750,checkout,1105.0,2025-07-28 06:38:00
9209,750,purchase,1105.0,2025-07-28 06:40:00
9210,1048,visit,,2025-08-28 02:20:00
9211,750,visit,,2025-08-25 21:39:00
9212,750,product_view,1078.0,2025-08-25 21:44:00
9213,606,visit,,2025-09-02 10:36:00
9214,606,product_view,1046.0,2025-09-02 10:41:00
9215,606,add_to_cart,1046.0,2025-09-02 10:44:00
9216,606,checkout,1046.0,2025-09-02 10:46:00
9217,606,purchase,1046.0,2025-09-02 10:49:00
9218,1410,visit,,2025-08-19 04:36:00
9219,1410,product_view,1081.0,2025-08-19 04:37:00
9220,1410,add_to_cart,1081.0,2025-08-19 04:40:00
9221,1410,checkout,1081.0,2025-08-19 04:42:00
9222,1146,visit,,2025-09-18 11:10:00
9223,1146,product_view,1029.0,2025-09-18 11:12:00
9224,1358,visit,,2025-08-16 04:51:00
9225,929,visit,,2025-09-24 16:41:00
9226,336,visit,,2025-07-10 12:41:00
9227,336,product_view,1100.0,2025-07-10 12:42:00
9228,1454,visit,,2025-07-12 09:53:00
9229,1007,visit,,2025-09-29 09:20:00
9230,1007,product_view,1038.0,2025-09-29 09:22:00
9231,1007,add_to_cart,1038.0,2025-09-29 09:24:00
9232,1007,checkout,1038.0,2025-09-29 09:26:00
9233,537,visit,,2025-07-26 00:32:00
9234,537,product_view,1060.0,2025-07-26 00:37:00
9235,537,add_to_cart,1060.0,2025-07-26 00:38:00
9236,537,checkout,1060.0,2025-07-26 00:41:00
9237,537,purchase,1060.0,2025-07-26 00:42:00
9238,1482,visit,,2025-07-12 05:47:00
9239,586,visit,,2025-09-28 05:37:00
9240,586,product_view,1002.0,2025-09-28 05:41:00
9241,586,add_to_cart,1002.0,2025-09-28 05:42:00
9242,586,checkout,1002.0,2025-09-28 05:43:00
9243,586,purchase,1002.0,2025-09-28 05:46:00
9244,1130,visit,,2025-07-05 11:45:00
9245,1130,product_view,1116.0,2025-07-05 11:47:00
9246,1130,add_to_cart,1116.0,2025-07-05 11:50:00
9247,1130,checkout,1116.0,2025-07-05 11:51:00
9248,579,visit,,2025-08-31 19:58:00
9249,579,product_view,1119.0,2025-08-31 20:00:00
9250,1343,visit,,2025-07-20 10:19:00
9251,1343,product_view,1031.0,2025-07-20 10:20:00
9252,1218,visit,,2025-07-15 06:51:00
9253,1218,product_view,1012.0,2025-07-15 06:53:00
9254,1218,add_to_cart,1012.0,2025-07-15 06:56:00
9255,1218,checkout,1012.0,2025-07-15 06:57:00
9256,1218,purchase,1012.0,2025-07-15 07:00:00
9257,886,visit,,2025-07-23 14:27:00
9258,886,product_view,1089.0,2025-07-23 14:28:00
9259,886,add_to_cart,1089.0,2025-07-23 14:30:00
9260,886,checkout,1089.0,2025-07-23 14:31:00
9261,886,purchase,1089.0,2025-07-23 14:32:00
9262,54,visit,,2025-07-22 19:05:00
9263,1450,visit,,2025-09-03 02:14:00
9264,1450,product_view,1027.0,2025-09-03 02:17:00
9265,626,visit,,2025-07-05 05:39:00
9266,626,product_view,1072.0,2025-07-05 05:44:00
9267,626,add_to_cart,1072.0,2025-07-05 05:45:00
9268,626,checkout,1072.0,2025-07-05 05:48:00
9269,626,purchase,1072.0,2025-07-05 05:50:00
9270,386,visit,,2025-09-12 03:43:00
9271,386,product_view,1015.0,2025-09-12 03:48:00
9272,386,add_to_cart,1015.0,2025-09-12 03:50:00
9273,386,checkout,1015.0,2025-09-12 03:51:00
9274,386,purchase,1015.0,2025-09-12 03:53:00
9275,1490,visit,,2025-09-28 06:06:00
9276,1490,product_view,1105.0,2025-09-28 06:08:00
9277,1490,add_to_cart,1105.0,2025-09-28 06:12:00
9278,1283,visit,,2025-09-01 01:19:00
9279,1458,visit,,2025-09-28 02:58:00
9280,1458,product_view,1113.0,2025-09-28 02:59:00
9281,446,visit,,2025-09-09 18:05:00
9282,446,product_view,1089.0,2025-09-09 18:10:00
9283,982,visit,,2025-07-05 10:52:00
9284,230,visit,,2025-07-27 05:01:00
9285,230,product_view,1031.0,2025-07-27 05:03:00
9286,230,add_to_cart,1031.0,2025-07-27 05:06:00
9287,230,checkout,1031.0,2025-07-27 05:08:00
9288,230,purchase,1031.0,2025-07-27 05:10:00
9289,525,visit,,2025-09-05 15:49:00
9290,525,product_view,1115.0,2025-09-05 15:50:00
9291,1016,visit,,2025-08-14 22:09:00
9292,1016,product_view,1059.0,2025-08-14 22:13:00
9293,1016,add_to_cart,1059.0,2025-08-14 22:14:00
9294,428,visit,,2025-08-20 00:53:00
9295,428,product_view,1016.0,2025-08-20 00:57:00
9296,1032,visit,,2025-07-10 02:41:00
9297,1376,visit,,2025-07-08 10:49:00
9298,901,visit,,2025-07-04 06:48:00
9299,1254,visit,,2025-07-27 01:27:00
9300,1254,product_view,1049.0,2025-07-27 01:31:00
9301,1254,add_to_cart,1049.0,2025-07-27 01:34:00
9302,1254,checkout,1049.0,2025-07-27 01:36:00
9303,1254,purchase,1049.0,2025-07-27 01:39:00
9304,814,visit,,2025-09-16 07:55:00
9305,814,product_view,1088.0,2025-09-16 07:57:00
9306,814,add_to_cart,1088.0,2025-09-16 08:01:00
9307,814,checkout,1088.0,2025-09-16 08:03:00
9308,814,purchase,1088.0,2025-09-16 08:06:00
9309,1071,visit,,2025-07-02 00:37:00
9310,1071,product_view,1105.0,2025-07-02 00:38:00
9311,1071,add_to_cart,1105.0,2025-07-02 00:39:00
9312,1071,checkout,1105.0,2025-07-02 00:40:00
9313,1071,purchase,1105.0,2025-07-02 00:41:00
9314,442,visit,,2025-07-04 12:21:00
9315,1006,visit,,2025-08-06 22:34:00
9316,1006,product_view,1038.0,2025-08-06 22:39:00
9317,1006,add_to_cart,1038.0,2025-08-06 22:41:00
9318,1006,checkout,1038.0,2025-08-06 22:43:00
9319,1006,purchase,1038.0,2025-08-06 22:44:00
9320,1010,visit,,2025-07-19 16:54:00
9321,1110,visit,,2025-09-27 04:43:00
9322,1110,product_view,1108.0,2025-09-27 04:46:00
9323,730,visit,,2025-07-15 06:39:00
9324,730,product_view,1041.0,2025-07-15 06:44:00
9325,50,visit,,2025-08-09 16:55:00
9326,50,product_view,1028.0,2025-08-09 16:57:00
9327,50,add_to_cart,1028.0,2025-08-09 16:59:00
9328,50,checkout,1028.0,2025-08-09 17:01:00
9329,50,purchase,1028.0,2025-08-09 17:04:00
9330,395,visit,,2025-07-31 17:01:00
9331,395,product_view,1019.0,2025-07-31 17:03:00
9332,395,add_to_cart,1019.0,2025-07-31 17:07:00
9333,395,checkout,1019.0,2025-07-31 17:09:00
9334,395,purchase,1019.0,2025-07-31 17:11:00
9335,883,visit,,2025-08-31 22:17:00
9336,883,product_view,1095.0,2025-08-31 22:19:00
9337,883,add_to_cart,1095.0,2025-08-31 22:20:00
9338,883,checkout,1095.0,2025-08-31 22:22:00
9339,883,purchase,1095.0,2025-08-31 22:24:00
9340,707,visit,,2025-07-22 18:28:00
9341,707,product_view,1114.0,2025-07-22 18:29:00
9342,707,add_to_cart,1114.0,2025-07-22 18:32:00
9343,707,checkout,1114.0,2025-07-22 18:33:00
9344,707,purchase,1114.0,2025-07-22 18:34:00
9345,552,visit,,2025-07-11 11:28:00
9346,552,product_view,1033.0,2025-07-11 11:29:00
9347,1457,visit,,2025-09-28 12:57:00
9348,1457,product_view,1028.0,2025-09-28 13:01:00
9349,1457,add_to_cart,1028.0,2025-09-28 13:02:00
9350,1457,checkout,1028.0,2025-09-28 13:04:00
9351,407,visit,,2025-08-18 02:05:00
9352,407,product_view,1113.0,2025-08-18 02:07:00
9353,407,add_to_cart,1113.0,2025-08-18 02:08:00
9354,700,visit,,2025-09-29 20:17:00
9355,700,product_view,1044.0,2025-09-29 20:20:00
9356,360,visit,,2025-08-20 16:15:00
9357,360,product_view,1095.0,2025-08-20 16:18:00
9358,475,visit,,2025-08-27 02:17:00
9359,475,product_view,1064.0,2025-08-27 02:19:00
9360,475,add_to_cart,1064.0,2025-08-27 02:22:00
9361,475,checkout,1064.0,2025-08-27 02:24:00
9362,475,purchase,1064.0,2025-08-27 02:26:00
9363,726,visit,,2025-08-22 13:01:00
9364,726,product_view,1087.0,2025-08-22 13:02:00
9365,190,visit,,2025-08-22 20:08:00
9366,190,product_view,1077.0,2025-08-22 20:10:00
9367,1071,visit,,2025-09-14 15:58:00
9368,1071,product_view,1049.0,2025-09-14 16:00:00
9369,1335,visit,,2025-08-26 23:55:00
9370,1335,product_view,1110.0,2025-08-26 23:59:00
9371,475,visit,,2025-08-17 21:50:00
9372,1190,visit,,2025-09-25 20:28:00
9373,1190,product_view,1042.0,2025-09-25 20:33:00
9374,1190,add_to_cart,1042.0,2025-09-25 20:34:00
9375,1239,visit,,2025-07-11 13:43:00
9376,739,visit,,2025-09-08 03:04:00
9377,739,product_view,1005.0,2025-09-08 03:07:00
9378,40,visit,,2025-08-05 16:40:00
9379,40,product_view,1031.0,2025-08-05 16:43:00
9380,40,add_to_cart,1031.0,2025-08-05 16:47:00
9381,70,visit,,2025-09-27 13:11:00
9382,70,product_view,1002.0,2025-09-27 13:16:00
9383,70,add_to_cart,1002.0,2025-09-27 13:19:00
9384,255,visit,,2025-07-24 19:22:00
9385,255,product_view,1040.0,2025-07-24 19:27:00
9386,877,visit,,2025-08-12 09:08:00
9387,877,product_view,1074.0,2025-08-12 09:12:00
9388,1430,visit,,2025-08-25 04:30:00
9389,1430,product_view,1046.0,2025-08-25 04:35:00
9390,1430,add_to_cart,1046.0,2025-08-25 04:36:00
9391,1430,checkout,1046.0,2025-08-25 04:39:00
9392,1472,visit,,2025-07-09 20:28:00
9393,1472,product_view,1111.0,2025-07-09 20:31:00
9394,1472,add_to_cart,1111.0,2025-07-09 20:34:00
9395,654,visit,,2025-07-24 07:20:00
9396,654,product_view,1075.0,2025-07-24 07:24:00
9397,1129,visit,,2025-07-21 13:17:00
9398,1054,visit,,2025-09-01 22:05:00
9399,1054,product_view,1078.0,2025-09-01 22:06:00
9400,1054,add_to_cart,1078.0,2025-09-01 22:10:00
9401,1054,checkout,1078.0,2025-09-01 22:13:00
9402,212,visit,,2025-09-26 22:39:00
9403,212,product_view,1017.0,2025-09-26 22:42:00
9404,212,add_to_cart,1017.0,2025-09-26 22:43:00
9405,491,visit,,2025-08-04 18:19:00
9406,491,product_view,1006.0,2025-08-04 18:20:00
9407,591,visit,,2025-09-19 22:57:00
9408,591,product_view,1023.0,2025-09-19 22:59:00
9409,591,add_to_cart,1023.0,2025-09-19 23:02:00
9410,1110,visit,,2025-09-20 06:30:00
9411,1110,product_view,1026.0,2025-09-20 06:35:00
9412,1461,visit,,2025-08-21 21:31:00
9413,1461,product_view,1046.0,2025-08-21 21:36:00
9414,1461,add_to_cart,1046.0,2025-08-21 21:38:00
9415,1461,checkout,1046.0,2025-08-21 21:39:00
9416,1461,purchase,1046.0,2025-08-21 21:41:00
9417,561,visit,,2025-08-28 22:30:00
9418,561,product_view,1082.0,2025-08-28 22:31:00
9419,561,add_to_cart,1082.0,2025-08-28 22:33:00
9420,1493,visit,,2025-09-06 14:02:00
9421,1493,product_view,1009.0,2025-09-06 14:07:00
9422,569,visit,,2025-07-01 15:46:00
9423,569,product_view,1010.0,2025-07-01 15:47:00
9424,245,visit,,2025-08-08 12:16:00
9425,245,product_view,1010.0,2025-08-08 12:17:00
9426,1194,visit,,2025-09-03 07:03:00
9427,1194,product_view,1110.0,2025-09-03 07:07:00
9428,1194,add_to_cart,1110.0,2025-09-03 07:10:00
9429,1194,checkout,1110.0,2025-09-03 07:12:00
9430,1003,visit,,2025-09-24 16:58:00
9431,1003,product_view,1028.0,2025-09-24 17:01:00
9432,379,visit,,2025-09-02 23:42:00
9433,379,product_view,1031.0,2025-09-02 23:45:00
9434,1491,visit,,2025-08-28 00:03:00
9435,1491,product_view,1064.0,2025-08-28 00:08:00
9436,1296,visit,,2025-08-13 07:11:00
9437,1296,product_view,1019.0,2025-08-13 07:12:00
9438,1296,add_to_cart,1019.0,2025-08-13 07:13:00
9439,1296,checkout,1019.0,2025-08-13 07:14:00
9440,832,visit,,2025-09-12 18:03:00
9441,832,product_view,1062.0,2025-09-12 18:07:00
9442,832,add_to_cart,1062.0,2025-09-12 18:08:00
9443,832,checkout,1062.0,2025-09-12 18:10:00
9444,832,purchase,1062.0,2025-09-12 18:13:00
9445,1125,visit,,2025-09-12 20:23:00
9446,1125,product_view,1028.0,2025-09-12 20:27:00
9447,1125,add_to_cart,1028.0,2025-09-12 20:29:00
9448,1469,visit,,2025-07-02 06:43:00
9449,968,visit,,2025-09-14 00:28:00
9450,968,product_view,1002.0,2025-09-14 00:30:00
9451,968,add_to_cart,1002.0,2025-09-14 00:31:00
9452,968,checkout,1002.0,2025-09-14 00:34:00
9453,854,visit,,2025-09-29 13:48:00
9454,854,product_view,1118.0,2025-09-29 13:53:00
9455,854,add_to_cart,1118.0,2025-09-29 13:54:00
9456,854,checkout,1118.0,2025-09-29 13:57:00
9457,854,purchase,1118.0,2025-09-29 14:00:00
9458,560,visit,,2025-08-04 19:09:00
9459,560,product_view,1065.0,2025-08-04 19:13:00
9460,560,add_to_cart,1065.0,2025-08-04 19:16:00
9461,560,checkout,1065.0,2025-08-04 19:18:00
9462,361,visit,,2025-08-22 11:03:00
9463,587,visit,,2025-08-04 10:25:00
9464,587,product_view,1087.0,2025-08-04 10:27:00
9465,587,add_to_cart,1087.0,2025-08-04 10:31:00
9466,587,checkout,1087.0,2025-08-04 10:33:00
9467,587,purchase,1087.0,2025-08-04 10:36:00
9468,329,visit,,2025-07-14 14:37:00
9469,329,product_view,1065.0,2025-07-14 14:41:00
9470,8,visit,,2025-07-06 06:19:00
9471,8,product_view,1110.0,2025-07-06 06:21:00
9472,125,visit,,2025-08-25 05:25:00
9473,125,product_view,1024.0,2025-08-25 05:27:00
9474,125,add_to_cart,1024.0,2025-08-25 05:29:00
9475,797,visit,,2025-08-02 11:10:00
9476,761,visit,,2025-07-29 07:00:00
9477,761,product_view,1057.0,2025-07-29 07:01:00
9478,946,visit,,2025-08-03 01:46:00
9479,946,product_view,1097.0,2025-08-03 01:49:00
9480,946,add_to_cart,1097.0,2025-08-03 01:52:00
9481,946,checkout,1097.0,2025-08-03 01:53:00
9482,946,purchase,1097.0,2025-08-03 01:55:00
9483,981,visit,,2025-07-16 04:21:00
9484,981,product_view,1048.0,2025-07-16 04:23:00
9485,981,add_to_cart,1048.0,2025-07-16 04:24:00
9486,981,checkout,1048.0,2025-07-16 04:26:00
9487,430,visit,,2025-08-22 19:59:00
9488,430,product_view,1052.0,2025-08-22 20:01:00
9489,430,add_to_cart,1052.0,2025-08-22 20:03:00
9490,430,checkout,1052.0,2025-08-22 20:05:00
9491,430,purchase,1052.0,2025-08-22 20:08:00
9492,1428,visit,,2025-07-21 16:14:00
9493,1428,product_view,1052.0,2025-07-21 16:16:00
9494,1428,add_to_cart,1052.0,2025-07-21 16:18:00
9495,1428,checkout,1052.0,2025-07-21 16:21:00
9496,1428,purchase,1052.0,2025-07-21 16:22:00
9497,470,visit,,2025-08-30 23:44:00
9498,470,product_view,1092.0,2025-08-30 23:45:00
9499,470,add_to_cart,1092.0,2025-08-30 23:48:00
9500,470,checkout,1092.0,2025-08-30 23:49:00
9501,470,purchase,1092.0,2025-08-30 23:50:00
9502,913,visit,,2025-08-04 06:12:00
9503,913,product_view,1002.0,2025-08-04 06:14:00
9504,1295,visit,,2025-09-07 16:13:00
9505,1295,product_view,1081.0,2025-09-07 16:16:00
9506,1295,add_to_cart,1081.0,2025-09-07 16:17:00
9507,1295,checkout,1081.0,2025-09-07 16:20:00
9508,1295,purchase,1081.0,2025-09-07 16:23:00
9509,26,visit,,2025-08-29 07:28:00
9510,26,product_view,1035.0,2025-08-29 07:33:00
9511,1315,visit,,2025-08-17 21:43:00
9512,1315,product_view,1081.0,2025-08-17 21:47:00
9513,790,visit,,2025-07-03 20:40:00
9514,790,product_view,1070.0,2025-07-03 20:43:00
9515,731,visit,,2025-08-08 23:53:00
9516,731,product_view,1040.0,2025-08-08 23:54:00
9517,731,add_to_cart,1040.0,2025-08-08 23:56:00
9518,731,checkout,1040.0,2025-08-08 23:59:00
9519,731,purchase,1040.0,2025-08-09 00:01:00
9520,662,visit,,2025-07-19 20:52:00
9521,662,product_view,1027.0,2025-07-19 20:57:00
9522,662,add_to_cart,1027.0,2025-07-19 21:00:00
9523,662,checkout,1027.0,2025-07-19 21:02:00
9524,272,visit,,2025-09-10 06:40:00
9525,272,product_view,1068.0,2025-09-10 06:41:00
9526,272,add_to_cart,1068.0,2025-09-10 06:45:00
9527,272,checkout,1068.0,2025-09-10 06:48:00
9528,272,purchase,1068.0,2025-09-10 06:51:00
9529,1061,visit,,2025-07-28 21:13:00
9530,1061,product_view,1111.0,2025-07-28 21:16:00
9531,1061,add_to_cart,1111.0,2025-07-28 21:18:00
9532,1061,checkout,1111.0,2025-07-28 21:21:00
9533,1061,purchase,1111.0,2025-07-28 21:24:00
9534,862,visit,,2025-08-16 02:43:00
9535,862,product_view,1045.0,2025-08-16 02:44:00
9536,862,add_to_cart,1045.0,2025-08-16 02:45:00
9537,862,checkout,1045.0,2025-08-16 02:47:00
9538,1330,visit,,2025-08-21 20:42:00
9539,1330,product_view,1068.0,2025-08-21 20:46:00
9540,458,visit,,2025-09-02 13:30:00
9541,458,product_view,1039.0,2025-09-02 13:33:00
9542,1182,visit,,2025-09-07 13:15:00
9543,1182,product_view,1087.0,2025-09-07 13:20:00
9544,1182,add_to_cart,1087.0,2025-09-07 13:21:00
9545,2,visit,,2025-09-06 10:11:00
9546,2,product_view,1030.0,2025-09-06 10:15:00
9547,2,add_to_cart,1030.0,2025-09-06 10:17:00
9548,2,checkout,1030.0,2025-09-06 10:19:00
9549,2,purchase,1030.0,2025-09-06 10:21:00
9550,1387,visit,,2025-08-07 06:36:00
9551,1387,product_view,1057.0,2025-08-07 06:40:00
9552,1387,add_to_cart,1057.0,2025-08-07 06:43:00
9553,1387,checkout,1057.0,2025-08-07 06:46:00
9554,1387,purchase,1057.0,2025-08-07 06:47:00
9555,1153,visit,,2025-08-11 23:18:00
9556,1153,product_view,1045.0,2025-08-11 23:22:00
9557,1338,visit,,2025-07-26 02:30:00
9558,1338,product_view,1048.0,2025-07-26 02:34:00
9559,1338,add_to_cart,1048.0,2025-07-26 02:35:00
9560,1338,checkout,1048.0,2025-07-26 02:36:00
9561,1338,purchase,1048.0,2025-07-26 02:37:00
9562,958,visit,,2025-08-18 21:24:00
9563,958,product_view,1027.0,2025-08-18 21:26:00
9564,958,add_to_cart,1027.0,2025-08-18 21:30:00
9565,945,visit,,2025-09-29 05:10:00
9566,419,visit,,2025-09-03 14:17:00
9567,419,product_view,1037.0,2025-09-03 14:22:00
9568,873,visit,,2025-08-20 00:51:00
9569,873,product_view,1086.0,2025-08-20 00:52:00
9570,873,add_to_cart,1086.0,2025-08-20 00:53:00
9571,873,checkout,1086.0,2025-08-20 00:56:00
9572,873,purchase,1086.0,2025-08-20 00:59:00
9573,47,visit,,2025-08-26 06:54:00
9574,47,product_view,1096.0,2025-08-26 06:58:00
9575,47,add_to_cart,1096.0,2025-08-26 07:02:00
9576,1143,visit,,2025-09-12 20:44:00
9577,1143,product_view,1114.0,2025-09-12 20:48:00
9578,1143,add_to_cart,1114.0,2025-09-12 20:51:00
9579,1143,checkout,1114.0,2025-09-12 20:53:00
9580,1143,purchase,1114.0,2025-09-12 20:55:00
9581,1263,visit,,2025-07-03 19:12:00
9582,1263,product_view,1086.0,2025-07-03 19:16:00
9583,1263,add_to_cart,1086.0,2025-07-03 19:19:00
9584,1263,checkout,1086.0,2025-07-03 19:22:00
9585,1263,purchase,1086.0,2025-07-03 19:24:00
9586,1006,visit,,2025-08-01 22:17:00
9587,1006,product_view,1105.0,2025-08-01 22:22:00
9588,523,visit,,2025-09-02 06:44:00
9589,479,visit,,2025-08-26 17:56:00
9590,479,product_view,1070.0,2025-08-26 17:59:00
9591,479,add_to_cart,1070.0,2025-08-26 18:00:00
9592,797,visit,,2025-08-14 02:35:00
9593,797,product_view,1056.0,2025-08-14 02:40:00
9594,621,visit,,2025-08-27 14:05:00
9595,621,product_view,1095.0,2025-08-27 14:10:00
9596,621,add_to_cart,1095.0,2025-08-27 14:14:00
9597,621,checkout,1095.0,2025-08-27 14:16:00
9598,621,purchase,1095.0,2025-08-27 14:19:00
9599,1041,visit,,2025-09-18 06:32:00
9600,1041,product_view,1041.0,2025-09-18 06:34:00
9601,119,visit,,2025-07-31 01:32:00
9602,1321,visit,,2025-09-25 12:17:00
9603,1321,product_view,1076.0,2025-09-25 12:22:00
9604,339,visit,,2025-07-29 09:49:00
9605,734,visit,,2025-09-06 12:38:00
9606,734,product_view,1033.0,2025-09-06 12:39:00
9607,734,add_to_cart,1033.0,2025-09-06 12:40:00
9608,797,visit,,2025-07-31 16:28:00
9609,797,product_view,1005.0,2025-07-31 16:33:00
9610,797,add_to_cart,1005.0,2025-07-31 16:35:00
9611,797,checkout,1005.0,2025-07-31 16:37:00
9612,797,purchase,1005.0,2025-07-31 16:39:00
9613,875,visit,,2025-08-08 18:51:00
9614,875,product_view,1001.0,2025-08-08 18:55:00
9615,875,add_to_cart,1001.0,2025-08-08 18:59:00
9616,875,checkout,1001.0,2025-08-08 19:01:00
9617,1194,visit,,2025-09-23 23:56:00
9618,1194,product_view,1016.0,2025-09-23 23:57:00
9619,1194,add_to_cart,1016.0,2025-09-23 23:58:00
9620,91,visit,,2025-07-31 23:36:00
9621,91,product_view,1097.0,2025-07-31 23:40:00
9622,720,visit,,2025-08-22 22:32:00
9623,720,product_view,1071.0,2025-08-22 22:33:00
9624,1309,visit,,2025-07-06 09:07:00
9625,1309,product_view,1006.0,2025-07-06 09:12:00
9626,1309,add_to_cart,1006.0,2025-07-06 09:14:00
9627,1309,checkout,1006.0,2025-07-06 09:17:00
9628,1309,purchase,1006.0,2025-07-06 09:20:00
9629,822,visit,,2025-07-13 07:32:00
9630,822,product_view,1001.0,2025-07-13 07:33:00
9631,54,visit,,2025-09-14 10:50:00
9632,396,visit,,2025-09-05 00:06:00
9633,64,visit,,2025-07-24 09:51:00
9634,64,product_view,1009.0,2025-07-24 09:55:00
9635,64,add_to_cart,1009.0,2025-07-24 09:56:00
9636,1145,visit,,2025-08-19 23:58:00
9637,1145,product_view,1008.0,2025-08-19 23:59:00
9638,1245,visit,,2025-09-13 03:12:00
9639,1281,visit,,2025-08-17 01:56:00
9640,1281,product_view,1101.0,2025-08-17 01:57:00
9641,1376,visit,,2025-09-14 07:53:00
9642,844,visit,,2025-08-26 02:32:00
9643,844,product_view,1069.0,2025-08-26 02:36:00
9644,844,add_to_cart,1069.0,2025-08-26 02:37:00
9645,844,checkout,1069.0,2025-08-26 02:40:00
9646,844,purchase,1069.0,2025-08-26 02:41:00
9647,418,visit,,2025-07-21 17:58:00
9648,418,product_view,1091.0,2025-07-21 18:01:00
9649,418,add_to_cart,1091.0,2025-07-21 18:02:00
9650,418,checkout,1091.0,2025-07-21 18:03:00
9651,418,purchase,1091.0,2025-07-21 18:06:00
9652,426,visit,,2025-07-18 02:48:00
9653,426,product_view,1105.0,2025-07-18 02:53:00
9654,426,add_to_cart,1105.0,2025-07-18 02:55:00
9655,426,checkout,1105.0,2025-07-18 02:57:00
9656,426,purchase,1105.0,2025-07-18 02:58:00
9657,979,visit,,2025-09-25 02:59:00
9658,1016,visit,,2025-09-05 17:22:00
9659,1016,product_view,1047.0,2025-09-05 17:26:00
9660,1016,add_to_cart,1047.0,2025-09-05 17:27:00
9661,1016,checkout,1047.0,2025-09-05 17:28:00
9662,1016,purchase,1047.0,2025-09-05 17:29:00
9663,269,visit,,2025-07-05 20:14:00
9664,796,visit,,2025-08-17 02:27:00
9665,796,product_view,1076.0,2025-08-17 02:28:00
9666,796,add_to_cart,1076.0,2025-08-17 02:29:00
9667,796,checkout,1076.0,2025-08-17 02:30:00
9668,130,visit,,2025-07-11 03:42:00
9669,130,product_view,1070.0,2025-07-11 03:44:00
9670,1259,visit,,2025-09-16 07:12:00
9671,1259,product_view,1109.0,2025-09-16 07:15:00
9672,1259,add_to_cart,1109.0,2025-09-16 07:19:00
9673,1259,checkout,1109.0,2025-09-16 07:20:00
9674,1259,purchase,1109.0,2025-09-16 07:21:00
9675,236,visit,,2025-08-06 21:21:00
9676,236,product_view,1102.0,2025-08-06 21:26:00
9677,1035,visit,,2025-09-16 03:54:00
9678,1035,product_view,1090.0,2025-09-16 03:59:00
9679,1297,visit,,2025-09-12 12:55:00
9680,1297,product_view,1014.0,2025-09-12 12:58:00
9681,1297,add_to_cart,1014.0,2025-09-12 13:01:00
9682,1297,checkout,1014.0,2025-09-12 13:02:00
9683,1297,purchase,1014.0,2025-09-12 13:03:00
9684,865,visit,,2025-09-05 03:25:00
9685,865,product_view,1001.0,2025-09-05 03:26:00
9686,1141,visit,,2025-07-02 08:16:00
9687,1141,product_view,1099.0,2025-07-02 08:20:00
9688,1109,visit,,2025-07-10 22:39:00
9689,1109,product_view,1090.0,2025-07-10 22:40:00
9690,1109,add_to_cart,1090.0,2025-07-10 22:42:00
9691,1109,checkout,1090.0,2025-07-10 22:45:00
9692,1109,purchase,1090.0,2025-07-10 22:47:00
9693,722,visit,,2025-08-21 00:37:00
9694,722,product_view,1004.0,2025-08-21 00:40:00
9695,1028,visit,,2025-08-22 04:44:00
9696,538,visit,,2025-08-20 13:38:00
9697,538,product_view,1044.0,2025-08-20 13:43:00
9698,714,visit,,2025-09-22 01:31:00
9699,714,product_view,1074.0,2025-09-22 01:36:00
9700,161,visit,,2025-07-19 21:39:00
9701,161,product_view,1040.0,2025-07-19 21:42:00
9702,931,visit,,2025-09-22 14:58:00
9703,931,product_view,1120.0,2025-09-22 15:01:00
9704,1382,visit,,2025-09-19 17:18:00
9705,1382,product_view,1098.0,2025-09-19 17:22:00
9706,1230,visit,,2025-08-14 06:02:00
9707,1230,product_view,1104.0,2025-08-14 06:05:00
9708,1230,add_to_cart,1104.0,2025-08-14 06:09:00
9709,1230,checkout,1104.0,2025-08-14 06:11:00
9710,1230,purchase,1104.0,2025-08-14 06:13:00
9711,656,visit,,2025-07-02 04:50:00
9712,794,visit,,2025-09-16 14:24:00
9713,794,product_view,1017.0,2025-09-16 14:28:00
9714,794,add_to_cart,1017.0,2025-09-16 14:32:00
9715,794,checkout,1017.0,2025-09-16 14:33:00
9716,794,purchase,1017.0,2025-09-16 14:36:00
9717,554,visit,,2025-08-21 17:38:00
9718,1383,visit,,2025-08-31 20:02:00
9719,1383,product_view,1053.0,2025-08-31 20:05:00
9720,1383,add_to_cart,1053.0,2025-08-31 20:09:00
9721,1401,visit,,2025-07-06 05:04:00
9722,1019,visit,,2025-07-27 02:45:00
9723,661,visit,,2025-08-05 05:12:00
9724,661,product_view,1019.0,2025-08-05 05:15:00
9725,800,visit,,2025-07-05 00:33:00
9726,800,product_view,1107.0,2025-07-05 00:38:00
9727,633,visit,,2025-08-19 02:28:00
9728,633,product_view,1077.0,2025-08-19 02:31:00
9729,116,visit,,2025-07-20 00:40:00
9730,116,product_view,1044.0,2025-07-20 00:42:00
9731,116,add_to_cart,1044.0,2025-07-20 00:43:00
9732,116,checkout,1044.0,2025-07-20 00:44:00
9733,116,purchase,1044.0,2025-07-20 00:46:00
9734,35,visit,,2025-09-17 19:14:00
9735,35,product_view,1043.0,2025-09-17 19:16:00
9736,35,add_to_cart,1043.0,2025-09-17 19:18:00
9737,1457,visit,,2025-07-01 19:05:00
9738,1186,visit,,2025-08-03 23:14:00
9739,1186,product_view,1035.0,2025-08-03 23:17:00
9740,1313,visit,,2025-07-10 08:55:00
9741,1313,product_view,1103.0,2025-07-10 09:00:00
9742,995,visit,,2025-07-29 08:44:00
9743,404,visit,,2025-09-20 14:56:00
9744,404,product_view,1088.0,2025-09-20 15:01:00
9745,310,visit,,2025-08-08 01:48:00
9746,310,product_view,1089.0,2025-08-08 01:49:00
9747,310,add_to_cart,1089.0,2025-08-08 01:51:00
9748,310,checkout,1089.0,2025-08-08 01:52:00
9749,310,purchase,1089.0,2025-08-08 01:55:00
9750,1059,visit,,2025-09-03 03:41:00
9751,1059,product_view,1011.0,2025-09-03 03:42:00
9752,1161,visit,,2025-07-20 09:10:00
9753,705,visit,,2025-09-05 19:48:00
9754,705,product_view,1060.0,2025-09-05 19:50:00
9755,741,visit,,2025-08-30 14:18:00
9756,741,product_view,1065.0,2025-08-30 14:21:00
9757,855,visit,,2025-09-28 09:32:00
9758,855,product_view,1028.0,2025-09-28 09:37:00
9759,855,add_to_cart,1028.0,2025-09-28 09:41:00
9760,306,visit,,2025-08-09 09:47:00
9761,306,product_view,1041.0,2025-08-09 09:50:00
9762,306,add_to_cart,1041.0,2025-08-09 09:51:00
9763,306,checkout,1041.0,2025-08-09 09:53:00
9764,1392,visit,,2025-07-24 17:01:00
9765,1392,product_view,1072.0,2025-07-24 17:03:00
9766,1392,add_to_cart,1072.0,2025-07-24 17:06:00
9767,1392,checkout,1072.0,2025-07-24 17:09:00
9768,1392,purchase,1072.0,2025-07-24 17:12:00
9769,326,visit,,2025-08-03 14:25:00
9770,326,product_view,1001.0,2025-08-03 14:29:00
9771,1452,visit,,2025-09-07 04:34:00
9772,1452,product_view,1006.0,2025-09-07 04:38:00
9773,1452,add_to_cart,1006.0,2025-09-07 04:42:00
9774,1452,checkout,1006.0,2025-09-07 04:45:00
9775,1452,purchase,1006.0,2025-09-07 04:48:00
9776,642,visit,,2025-07-10 21:53:00
9777,642,product_view,1027.0,2025-07-10 21:57:00
9778,1238,visit,,2025-07-14 11:49:00
9779,1238,product_view,1025.0,2025-07-14 11:51:00
9780,1238,add_to_cart,1025.0,2025-07-14 11:52:00
9781,71,visit,,2025-08-07 22:57:00
9782,527,visit,,2025-08-03 07:00:00
9783,527,product_view,1102.0,2025-08-03 07:01:00
9784,527,add_to_cart,1102.0,2025-08-03 07:05:00
9785,527,checkout,1102.0,2025-08-03 07:07:00
9786,527,purchase,1102.0,2025-08-03 07:10:00
9787,783,visit,,2025-08-09 11:45:00
9788,783,product_view,1120.0,2025-08-09 11:48:00
9789,438,visit,,2025-09-15 19:54:00
9790,438,product_view,1009.0,2025-09-15 19:55:00
9791,743,visit,,2025-07-30 07:56:00
9792,743,product_view,1030.0,2025-07-30 08:01:00
9793,338,visit,,2025-08-25 19:29:00
9794,338,product_view,1080.0,2025-08-25 19:30:00
9795,422,visit,,2025-09-20 09:14:00
9796,422,product_view,1102.0,2025-09-20 09:19:00
9797,747,visit,,2025-09-08 22:22:00
9798,747,product_view,1095.0,2025-09-08 22:26:00
9799,1087,visit,,2025-09-03 02:53:00
9800,1049,visit,,2025-07-07 22:59:00
9801,1049,product_view,1052.0,2025-07-07 23:01:00
9802,1049,add_to_cart,1052.0,2025-07-07 23:03:00
9803,1049,checkout,1052.0,2025-07-07 23:05:00
9804,1049,purchase,1052.0,2025-07-07 23:07:00
9805,1055,visit,,2025-09-01 09:37:00
9806,432,visit,,2025-07-16 05:10:00
9807,432,product_view,1028.0,2025-07-16 05:15:00
9808,432,add_to_cart,1028.0,2025-07-16 05:16:00
9809,900,visit,,2025-08-07 14:13:00
9810,900,product_view,1002.0,2025-08-07 14:16:00
9811,1076,visit,,2025-08-20 17:29:00
9812,1076,product_view,1028.0,2025-08-20 17:33:00
9813,1017,visit,,2025-07-01 14:01:00
9814,1017,product_view,1033.0,2025-07-01 14:05:00
9815,1017,add_to_cart,1033.0,2025-07-01 14:08:00
9816,1017,checkout,1033.0,2025-07-01 14:09:00
9817,1017,purchase,1033.0,2025-07-01 14:11:00
9818,1469,visit,,2025-07-21 17:54:00
9819,1469,product_view,1018.0,2025-07-21 17:56:00
9820,1321,visit,,2025-07-17 03:37:00
9821,1321,product_view,1069.0,2025-07-17 03:39:00
9822,1032,visit,,2025-09-07 05:30:00
9823,1032,product_view,1054.0,2025-09-07 05:33:00
9824,274,visit,,2025-08-03 22:50:00
9825,274,product_view,1055.0,2025-08-03 22:52:00
9826,274,add_to_cart,1055.0,2025-08-03 22:53:00
9827,1479,visit,,2025-08-16 20:37:00
9828,883,visit,,2025-07-22 21:48:00
9829,883,product_view,1073.0,2025-07-22 21:52:00
9830,883,add_to_cart,1073.0,2025-07-22 21:56:00
9831,883,checkout,1073.0,2025-07-22 21:58:00
9832,883,purchase,1073.0,2025-07-22 21:59:00
9833,373,visit,,2025-08-02 20:58:00
9834,373,product_view,1026.0,2025-08-02 21:01:00
9835,373,add_to_cart,1026.0,2025-08-02 21:04:00
9836,373,checkout,1026.0,2025-08-02 21:07:00
9837,373,purchase,1026.0,2025-08-02 21:10:00
9838,634,visit,,2025-08-25 11:06:00
9839,634,product_view,1111.0,2025-08-25 11:09:00
9840,634,add_to_cart,1111.0,2025-08-25 11:10:00
9841,482,visit,,2025-09-10 21:05:00
9842,482,product_view,1060.0,2025-09-10 21:06:00
9843,482,add_to_cart,1060.0,2025-09-10 21:08:00
9844,517,visit,,2025-09-06 03:05:00
9845,517,product_view,1081.0,2025-09-06 03:08:00
9846,741,visit,,2025-09-09 20:45:00
9847,741,product_view,1095.0,2025-09-09 20:48:00
9848,741,add_to_cart,1095.0,2025-09-09 20:50:00
9849,741,checkout,1095.0,2025-09-09 20:51:00
9850,428,visit,,2025-08-22 06:58:00
9851,428,product_view,1098.0,2025-08-22 07:01:00
9852,364,visit,,2025-08-21 14:27:00
9853,364,product_view,1063.0,2025-08-21 14:31:00
9854,364,add_to_cart,1063.0,2025-08-21 14:33:00
9855,364,checkout,1063.0,2025-08-21 14:36:00
9856,364,purchase,1063.0,2025-08-21 14:37:00
9857,183,visit,,2025-08-02 19:04:00
9858,183,product_view,1063.0,2025-08-02 19:06:00
9859,1138,visit,,2025-09-09 20:34:00
9860,1138,product_view,1004.0,2025-09-09 20:36:00
9861,1138,add_to_cart,1004.0,2025-09-09 20:40:00
9862,394,visit,,2025-09-16 19:00:00
9863,394,product_view,1026.0,2025-09-16 19:04:00
9864,236,visit,,2025-07-04 01:06:00
9865,236,product_view,1047.0,2025-07-04 01:08:00
9866,685,visit,,2025-09-06 00:19:00
9867,685,product_view,1040.0,2025-09-06 00:21:00
9868,685,add_to_cart,1040.0,2025-09-06 00:24:00
9869,685,checkout,1040.0,2025-09-06 00:25:00
9870,536,visit,,2025-09-16 00:05:00
9871,536,product_view,1075.0,2025-09-16 00:10:00
9872,200,visit,,2025-08-19 08:52:00
9873,200,product_view,1103.0,2025-08-19 08:57:00
9874,200,add_to_cart,1103.0,2025-08-19 08:58:00
9875,200,checkout,1103.0,2025-08-19 09:00:00
9876,200,purchase,1103.0,2025-08-19 09:03:00
9877,782,visit,,2025-09-17 18:24:00
9878,782,product_view,1059.0,2025-09-17 18:26:00
9879,782,add_to_cart,1059.0,2025-09-17 18:28:00
9880,1197,visit,,2025-08-20 03:02:00
9881,1197,product_view,1087.0,2025-08-20 03:04:00
9882,1197,add_to_cart,1087.0,2025-08-20 03:08:00
9883,1197,checkout,1087.0,2025-08-20 03:11:00
9884,1197,purchase,1087.0,2025-08-20 03:13:00
9885,793,visit,,2025-09-11 14:10:00
9886,744,visit,,2025-08-30 03:42:00
9887,744,product_view,1080.0,2025-08-30 03:45:00
9888,744,add_to_cart,1080.0,2025-08-30 03:49:00
9889,744,checkout,1080.0,2025-08-30 03:50:00
9890,1002,visit,,2025-07-01 03:07:00
9891,1002,product_view,1060.0,2025-07-01 03:10:00
9892,197,visit,,2025-08-29 21:31:00
9893,197,product_view,1107.0,2025-08-29 21:33:00
9894,848,visit,,2025-09-14 13:32:00
9895,848,product_view,1001.0,2025-09-14 13:37:00
9896,1098,visit,,2025-09-21 21:35:00
9897,1098,product_view,1112.0,2025-09-21 21:36:00
9898,1098,add_to_cart,1112.0,2025-09-21 21:39:00
9899,972,visit,,2025-08-14 16:24:00
9900,981,visit,,2025-09-14 09:53:00
9901,981,product_view,1111.0,2025-09-14 09:55:00
9902,842,visit,,2025-08-04 15:03:00
9903,842,product_view,1036.0,2025-08-04 15:05:00
9904,842,add_to_cart,1036.0,2025-08-04 15:09:00
9905,1348,visit,,2025-08-14 19:25:00
9906,1348,product_view,1055.0,2025-08-14 19:28:00
9907,1062,visit,,2025-09-22 23:24:00
9908,1062,product_view,1057.0,2025-09-22 23:27:00
9909,1297,visit,,2025-08-26 23:05:00
9910,1297,product_view,1034.0,2025-08-26 23:07:00
9911,1297,add_to_cart,1034.0,2025-08-26 23:11:00
9912,655,visit,,2025-07-05 22:40:00
9913,655,product_view,1083.0,2025-07-05 22:41:00
9914,495,visit,,2025-09-02 05:38:00
9915,495,product_view,1057.0,2025-09-02 05:43:00
9916,1392,visit,,2025-09-06 19:25:00
9917,1392,product_view,1107.0,2025-09-06 19:27:00
9918,530,visit,,2025-07-04 07:28:00
9919,530,product_view,1043.0,2025-07-04 07:31:00
9920,530,add_to_cart,1043.0,2025-07-04 07:32:00
9921,988,visit,,2025-07-01 11:14:00
9922,988,product_view,1068.0,2025-07-01 11:16:00
9923,762,visit,,2025-08-21 18:12:00
9924,762,product_view,1119.0,2025-08-21 18:17:00
9925,762,add_to_cart,1119.0,2025-08-21 18:21:00
9926,762,checkout,1119.0,2025-08-21 18:23:00
9927,1075,visit,,2025-09-28 08:51:00
9928,1075,product_view,1006.0,2025-09-28 08:55:00
9929,1075,add_to_cart,1006.0,2025-09-28 08:57:00
9930,1075,checkout,1006.0,2025-09-28 08:59:00
9931,1075,purchase,1006.0,2025-09-28 09:00:00
9932,792,visit,,2025-07-23 22:16:00
9933,792,product_view,1028.0,2025-07-23 22:19:00
9934,792,add_to_cart,1028.0,2025-07-23 22:21:00
9935,792,checkout,1028.0,2025-07-23 22:24:00
9936,792,purchase,1028.0,2025-07-23 22:27:00
9937,1294,visit,,2025-08-25 06:12:00
9938,809,visit,,2025-08-05 20:27:00
9939,809,product_view,1060.0,2025-08-05 20:31:00
9940,77,visit,,2025-07-28 04:57:00
9941,77,product_view,1032.0,2025-07-28 05:02:00
9942,542,visit,,2025-08-12 19:09:00
9943,542,product_view,1015.0,2025-08-12 19:14:00
9944,542,add_to_cart,1015.0,2025-08-12 19:15:00
9945,542,checkout,1015.0,2025-08-12 19:16:00
9946,542,purchase,1015.0,2025-08-12 19:19:00
9947,894,visit,,2025-08-31 17:07:00
9948,894,product_view,1006.0,2025-08-31 17:12:00
9949,894,add_to_cart,1006.0,2025-08-31 17:16:00
9950,894,checkout,1006.0,2025-08-31 17:19:00
9951,894,purchase,1006.0,2025-08-31 17:21:00
9952,1159,visit,,2025-08-30 06:33:00
9953,1159,product_view,1082.0,2025-08-30 06:35:00
9954,45,visit,,2025-07-12 08:16:00
9955,45,product_view,1055.0,2025-07-12 08:19:00
9956,45,add_to_cart,1055.0,2025-07-12 08:22:00
9957,45,checkout,1055.0,2025-07-12 08:24:00
9958,45,purchase,1055.0,2025-07-12 08:25:00
9959,47,visit,,2025-08-14 21:48:00
9960,47,product_view,1104.0,2025-08-14 21:50:00
9961,47,add_to_cart,1104.0,2025-08-14 21:52:00
9962,60,visit,,2025-08-21 16:30:00
9963,60,product_view,1093.0,2025-08-21 16:34:00
9964,60,add_to_cart,1093.0,2025-08-21 16:35:00
9965,60,checkout,1093.0,2025-08-21 16:38:00
9966,60,purchase,1093.0,2025-08-21 16:39:00
9967,1229,visit,,2025-07-31 23:25:00
9968,448,visit,,2025-07-15 04:12:00
9969,448,product_view,1073.0,2025-07-15 04:15:00
9970,448,add_to_cart,1073.0,2025-07-15 04:18:00
9971,210,visit,,2025-07-27 07:31:00
9972,210,product_view,1090.0,2025-07-27 07:36:00
9973,210,add_to_cart,1090.0,2025-07-27 07:39:00
9974,1035,visit,,2025-07-02 15:37:00
9975,1035,product_view,1100.0,2025-07-02 15:38:00
9976,829,visit,,2025-09-21 11:07:00
9977,876,visit,,2025-07-06 15:02:00
9978,1081,visit,,2025-09-07 21:41:00
9979,1081,product_view,1027.0,2025-09-07 21:46:00
9980,1050,visit,,2025-07-02 07:16:00
9981,1050,product_view,1026.0,2025-07-02 07:19:00
9982,1050,add_to_cart,1026.0,2025-07-02 07:23:00
9983,673,visit,,2025-08-06 22:43:00
9984,673,product_view,1085.0,2025-08-06 22:46:00
9985,1271,visit,,2025-08-31 05:32:00
9986,1271,product_view,1017.0,2025-08-31 05:33:00
9987,1271,add_to_cart,1017.0,2025-08-31 05:37:00
9988,1271,checkout,1017.0,2025-08-31 05:40:00
9989,1271,purchase,1017.0,2025-08-31 05:43:00
9990,525,visit,,2025-07-11 13:31:00
9991,525,product_view,1032.0,2025-07-11 13:34:00
9992,1030,visit,,2025-08-04 08:17:00
9993,1129,visit,,2025-09-23 18:57:00
9994,1129,product_view,1072.0,2025-09-23 19:02:00
9995,1129,add_to_cart,1072.0,2025-09-23 19:04:00
9996,1282,visit,,2025-08-29 20:56:00
9997,1282,product_view,1005.0,2025-08-29 20:57:00
9998,701,visit,,2025-08-24 19:39:00
9999,701,product_view,1020.0,2025-08-24 19:40:00
10000,326,visit,,2025-09-22 01:57:00
10001,326,product_view,1027.0,2025-09-22 02:02:00
10002,824,visit,,2025-07-26 07:01:00
10003,339,visit,,2025-08-01 11:54:00
10004,723,visit,,2025-07-01 07:01:00
10005,723,product_view,1034.0,2025-07-01 07:06:00
10006,723,add_to_cart,1034.0,2025-07-01 07:09:00
10007,723,checkout,1034.0,2025-07-01 07:10:00
10008,1399,visit,,2025-07-27 05:01:00
10009,1399,product_view,1060.0,2025-07-27 05:06:00
10010,1399,add_to_cart,1060.0,2025-07-27 05:07:00
10011,1399,checkout,1060.0,2025-07-27 05:09:00
10012,1399,purchase,1060.0,2025-07-27 05:11:00
10013,411,visit,,2025-09-24 17:08:00
10014,411,product_view,1011.0,2025-09-24 17:12:00
10015,259,visit,,2025-07-08 09:33:00
10016,1420,visit,,2025-09-11 07:58:00
10017,710,visit,,2025-09-06 09:45:00
10018,710,product_view,1039.0,2025-09-06 09:50:00
10019,710,add_to_cart,1039.0,2025-09-06 09:54:00
10020,710,checkout,1039.0,2025-09-06 09:55:00
10021,710,purchase,1039.0,2025-09-06 09:58:00
10022,308,visit,,2025-08-12 20:43:00
10023,308,product_view,1035.0,2025-08-12 20:48:00
10024,768,visit,,2025-07-11 17:10:00
10025,768,product_view,1110.0,2025-07-11 17:12:00
10026,283,visit,,2025-08-05 04:37:00
10027,283,product_view,1056.0,2025-08-05 04:38:00
10028,283,add_to_cart,1056.0,2025-08-05 04:40:00
10029,748,visit,,2025-08-29 21:26:00
10030,748,product_view,1083.0,2025-08-29 21:31:00
10031,163,visit,,2025-08-13 18:02:00
10032,163,product_view,1044.0,2025-08-13 18:07:00
10033,163,add_to_cart,1044.0,2025-08-13 18:11:00
10034,1271,visit,,2025-08-08 08:47:00
10035,1271,product_view,1043.0,2025-08-08 08:51:00
10036,1271,add_to_cart,1043.0,2025-08-08 08:54:00
10037,1271,checkout,1043.0,2025-08-08 08:57:00
10038,1050,visit,,2025-08-06 18:47:00
10039,1050,product_view,1071.0,2025-08-06 18:50:00
10040,1046,visit,,2025-07-18 20:16:00
10041,1046,product_view,1074.0,2025-07-18 20:19:00
10042,1046,add_to_cart,1074.0,2025-07-18 20:22:00
10043,1046,checkout,1074.0,2025-07-18 20:24:00
10044,1046,purchase,1074.0,2025-07-18 20:26:00
10045,722,visit,,2025-09-28 06:23:00
10046,1042,visit,,2025-07-10 01:32:00
10047,1042,product_view,1066.0,2025-07-10 01:34:00
10048,915,visit,,2025-08-12 09:28:00
10049,915,product_view,1057.0,2025-08-12 09:32:00
10050,1010,visit,,2025-08-17 18:55:00
10051,1010,product_view,1035.0,2025-08-17 18:58:00
10052,241,visit,,2025-07-28 16:28:00
10053,241,product_view,1017.0,2025-07-28 16:31:00
10054,509,visit,,2025-09-15 15:39:00
10055,509,product_view,1062.0,2025-09-15 15:43:00
10056,509,add_to_cart,1062.0,2025-09-15 15:46:00
10057,746,visit,,2025-08-06 17:53:00
10058,746,product_view,1077.0,2025-08-06 17:57:00
10059,746,add_to_cart,1077.0,2025-08-06 18:00:00
10060,217,visit,,2025-08-24 04:12:00
10061,217,product_view,1056.0,2025-08-24 04:15:00
10062,1350,visit,,2025-09-01 03:09:00
10063,1350,product_view,1109.0,2025-09-01 03:14:00
10064,1350,add_to_cart,1109.0,2025-09-01 03:15:00
10065,923,visit,,2025-08-27 08:39:00
10066,923,product_view,1056.0,2025-08-27 08:40:00
10067,923,add_to_cart,1056.0,2025-08-27 08:41:00
10068,314,visit,,2025-07-19 21:30:00
10069,314,product_view,1063.0,2025-07-19 21:32:00
10070,580,visit,,2025-08-17 03:44:00
10071,580,product_view,1105.0,2025-08-17 03:47:00
10072,580,add_to_cart,1105.0,2025-08-17 03:48:00
10073,580,checkout,1105.0,2025-08-17 03:50:00
10074,689,visit,,2025-07-31 09:22:00
10075,689,product_view,1072.0,2025-07-31 09:25:00
10076,745,visit,,2025-08-25 05:07:00
10077,745,product_view,1119.0,2025-08-25 05:12:00
10078,1359,visit,,2025-07-27 11:50:00
10079,1348,visit,,2025-09-28 13:26:00
10080,1348,product_view,1062.0,2025-09-28 13:31:00
10081,1255,visit,,2025-07-01 09:51:00
10082,1255,product_view,1046.0,2025-07-01 09:52:00
10083,1255,add_to_cart,1046.0,2025-07-01 09:56:00
10084,105,visit,,2025-07-26 02:30:00
10085,105,product_view,1038.0,2025-07-26 02:33:00
10086,1146,visit,,2025-07-21 02:40:00
10087,1146,product_view,1042.0,2025-07-21 02:44:00
10088,457,visit,,2025-09-10 12:56:00
10089,457,product_view,1051.0,2025-09-10 13:01:00
10090,497,visit,,2025-07-09 21:43:00
10091,497,product_view,1112.0,2025-07-09 21:48:00
10092,1061,visit,,2025-09-08 11:41:00
10093,1061,product_view,1065.0,2025-09-08 11:42:00
10094,1061,add_to_cart,1065.0,2025-09-08 11:45:00
10095,1131,visit,,2025-09-15 02:05:00
10096,1131,product_view,1026.0,2025-09-15 02:07:00
10097,1131,add_to_cart,1026.0,2025-09-15 02:09:00
10098,1131,checkout,1026.0,2025-09-15 02:10:00
10099,1131,purchase,1026.0,2025-09-15 02:13:00
10100,1405,visit,,2025-07-31 22:13:00
10101,888,visit,,2025-09-02 18:02:00
10102,888,product_view,1032.0,2025-09-02 18:03:00
10103,484,visit,,2025-09-10 20:28:00
10104,484,product_view,1070.0,2025-09-10 20:29:00
10105,1260,visit,,2025-09-06 09:18:00
10106,922,visit,,2025-07-13 13:49:00
10107,922,product_view,1067.0,2025-07-13 13:53:00
10108,922,add_to_cart,1067.0,2025-07-13 13:56:00
10109,277,visit,,2025-07-02 17:14:00
10110,277,product_view,1095.0,2025-07-02 17:15:00
10111,277,add_to_cart,1095.0,2025-07-02 17:17:00
10112,829,visit,,2025-08-07 15:17:00
10113,829,product_view,1056.0,2025-08-07 15:21:00
10114,829,add_to_cart,1056.0,2025-08-07 15:22:00
10115,829,checkout,1056.0,2025-08-07 15:25:00
10116,829,purchase,1056.0,2025-08-07 15:28:00
10117,1014,visit,,2025-08-25 13:15:00
10118,1014,product_view,1077.0,2025-08-25 13:18:00
10119,1014,add_to_cart,1077.0,2025-08-25 13:22:00
10120,1014,checkout,1077.0,2025-08-25 13:24:00
10121,1014,purchase,1077.0,2025-08-25 13:27:00
10122,638,visit,,2025-09-06 14:42:00
10123,638,product_view,1050.0,2025-09-06 14:45:00
10124,638,add_to_cart,1050.0,2025-09-06 14:47:00
10125,1166,visit,,2025-09-29 10:15:00
10126,1166,product_view,1079.0,2025-09-29 10:18:00
10127,1166,add_to_cart,1079.0,2025-09-29 10:22:00
10128,1166,checkout,1079.0,2025-09-29 10:25:00
10129,1166,purchase,1079.0,2025-09-29 10:28:00
10130,21,visit,,2025-09-19 12:50:00
10131,21,product_view,1020.0,2025-09-19 12:51:00
10132,1158,visit,,2025-08-18 08:49:00
10133,796,visit,,2025-08-23 21:51:00
10134,796,product_view,1050.0,2025-08-23 21:52:00
10135,1102,visit,,2025-07-18 18:50:00
10136,1102,product_view,1024.0,2025-07-18 18:52:00
10137,1332,visit,,2025-09-21 04:17:00
10138,1332,product_view,1081.0,2025-09-21 04:21:00
10139,1332,add_to_cart,1081.0,2025-09-21 04:22:00
10140,1332,checkout,1081.0,2025-09-21 04:23:00
10141,1332,purchase,1081.0,2025-09-21 04:26:00
10142,553,visit,,2025-08-19 21:45:00
10143,553,product_view,1007.0,2025-08-19 21:50:00
10144,553,add_to_cart,1007.0,2025-08-19 21:53:00
10145,1067,visit,,2025-09-02 16:15:00
10146,1067,product_view,1042.0,2025-09-02 16:18:00
10147,672,visit,,2025-08-19 21:51:00
10148,667,visit,,2025-08-27 21:25:00
10149,667,product_view,1087.0,2025-08-27 21:28:00
10150,943,visit,,2025-08-19 17:43:00
10151,943,product_view,1065.0,2025-08-19 17:46:00
10152,943,add_to_cart,1065.0,2025-08-19 17:48:00
10153,1305,visit,,2025-08-31 20:27:00
10154,1305,product_view,1096.0,2025-08-31 20:30:00
10155,541,visit,,2025-08-23 07:10:00
10156,541,product_view,1028.0,2025-08-23 07:13:00
10157,541,add_to_cart,1028.0,2025-08-23 07:16:00
10158,728,visit,,2025-08-02 08:11:00
10159,728,product_view,1025.0,2025-08-02 08:14:00
10160,728,add_to_cart,1025.0,2025-08-02 08:18:00
10161,728,checkout,1025.0,2025-08-02 08:20:00
10162,756,visit,,2025-07-07 07:20:00
10163,756,product_view,1018.0,2025-07-07 07:25:00
10164,756,add_to_cart,1018.0,2025-07-07 07:28:00
10165,1347,visit,,2025-08-13 13:23:00
10166,1347,product_view,1003.0,2025-08-13 13:25:00
10167,1347,add_to_cart,1003.0,2025-08-13 13:28:00
10168,1347,checkout,1003.0,2025-08-13 13:29:00
10169,1347,purchase,1003.0,2025-08-13 13:30:00
10170,381,visit,,2025-09-11 16:55:00
10171,867,visit,,2025-09-29 06:11:00
10172,1376,visit,,2025-09-27 22:03:00
10173,1376,product_view,1076.0,2025-09-27 22:05:00
10174,1376,add_to_cart,1076.0,2025-09-27 22:06:00
10175,1376,checkout,1076.0,2025-09-27 22:07:00
10176,1036,visit,,2025-07-10 23:52:00
10177,1036,product_view,1079.0,2025-07-10 23:53:00
10178,1036,add_to_cart,1079.0,2025-07-10 23:55:00
10179,1036,checkout,1079.0,2025-07-10 23:58:00
10180,1036,purchase,1079.0,2025-07-11 00:00:00
10181,606,visit,,2025-08-22 11:39:00
10182,606,product_view,1075.0,2025-08-22 11:42:00
10183,969,visit,,2025-09-29 05:22:00
10184,969,product_view,1003.0,2025-09-29 05:26:00
10185,969,add_to_cart,1003.0,2025-09-29 05:27:00
10186,442,visit,,2025-09-03 06:02:00
10187,442,product_view,1041.0,2025-09-03 06:03:00
10188,982,visit,,2025-08-16 03:14:00
10189,982,product_view,1094.0,2025-08-16 03:15:00
10190,982,add_to_cart,1094.0,2025-08-16 03:17:00
10191,287,visit,,2025-08-21 17:37:00
10192,287,product_view,1014.0,2025-08-21 17:40:00
10193,412,visit,,2025-08-28 03:18:00
10194,490,visit,,2025-07-20 01:18:00
10195,490,product_view,1107.0,2025-07-20 01:23:00
10196,490,add_to_cart,1107.0,2025-07-20 01:26:00
10197,490,checkout,1107.0,2025-07-20 01:27:00
10198,490,purchase,1107.0,2025-07-20 01:29:00
10199,720,visit,,2025-07-06 05:14:00
10200,720,product_view,1051.0,2025-07-06 05:15:00
10201,729,visit,,2025-09-04 00:26:00
10202,729,product_view,1044.0,2025-09-04 00:29:00
10203,729,add_to_cart,1044.0,2025-09-04 00:32:00
10204,729,checkout,1044.0,2025-09-04 00:34:00
10205,729,purchase,1044.0,2025-09-04 00:35:00
10206,1382,visit,,2025-08-21 20:57:00
10207,1382,product_view,1031.0,2025-08-21 20:58:00
10208,1382,add_to_cart,1031.0,2025-08-21 21:01:00
10209,1382,checkout,1031.0,2025-08-21 21:02:00
10210,730,visit,,2025-09-26 13:35:00
10211,730,product_view,1116.0,2025-09-26 13:39:00
10212,654,visit,,2025-07-10 02:11:00
10213,654,product_view,1060.0,2025-07-10 02:16:00
10214,654,add_to_cart,1060.0,2025-07-10 02:20:00
10215,654,checkout,1060.0,2025-07-10 02:23:00
10216,654,purchase,1060.0,2025-07-10 02:24:00
10217,748,visit,,2025-07-25 18:51:00
10218,748,product_view,1103.0,2025-07-25 18:53:00
10219,748,add_to_cart,1103.0,2025-07-25 18:56:00
10220,748,checkout,1103.0,2025-07-25 18:58:00
10221,1436,visit,,2025-07-11 13:21:00
10222,1436,product_view,1041.0,2025-07-11 13:22:00
10223,1192,visit,,2025-07-25 04:55:00
10224,1192,product_view,1038.0,2025-07-25 05:00:00
10225,1192,add_to_cart,1038.0,2025-07-25 05:02:00
10226,1192,checkout,1038.0,2025-07-25 05:04:00
10227,1192,purchase,1038.0,2025-07-25 05:06:00
10228,1083,visit,,2025-08-12 20:59:00
10229,1083,product_view,1101.0,2025-08-12 21:00:00
10230,293,visit,,2025-07-05 09:04:00
10231,1337,visit,,2025-07-09 10:45:00
10232,1337,product_view,1116.0,2025-07-09 10:50:00
10233,1337,add_to_cart,1116.0,2025-07-09 10:53:00
10234,1337,checkout,1116.0,2025-07-09 10:56:00
10235,1337,purchase,1116.0,2025-07-09 10:58:00
10236,748,visit,,2025-08-01 07:26:00
10237,748,product_view,1093.0,2025-08-01 07:28:00
10238,748,add_to_cart,1093.0,2025-08-01 07:32:00
10239,755,visit,,2025-08-08 06:29:00
10240,755,product_view,1090.0,2025-08-08 06:30:00
10241,755,add_to_cart,1090.0,2025-08-08 06:33:00
10242,755,checkout,1090.0,2025-08-08 06:35:00
10243,755,purchase,1090.0,2025-08-08 06:37:00
10244,1311,visit,,2025-07-19 03:50:00
10245,1311,product_view,1083.0,2025-07-19 03:53:00
10246,1311,add_to_cart,1083.0,2025-07-19 03:54:00
10247,699,visit,,2025-09-28 19:10:00
10248,699,product_view,1091.0,2025-09-28 19:12:00
10249,1286,visit,,2025-09-11 23:30:00
10250,1286,product_view,1105.0,2025-09-11 23:35:00
10251,1286,add_to_cart,1105.0,2025-09-11 23:36:00
10252,1286,checkout,1105.0,2025-09-11 23:39:00
10253,1286,purchase,1105.0,2025-09-11 23:40:00
10254,1238,visit,,2025-09-02 23:15:00
10255,1153,visit,,2025-07-04 22:04:00
10256,1405,visit,,2025-08-16 18:05:00
10257,1405,product_view,1045.0,2025-08-16 18:10:00
10258,388,visit,,2025-09-22 02:31:00
10259,388,product_view,1032.0,2025-09-22 02:35:00
10260,388,add_to_cart,1032.0,2025-09-22 02:39:00
10261,388,checkout,1032.0,2025-09-22 02:42:00
10262,528,visit,,2025-08-08 01:24:00
10263,528,product_view,1093.0,2025-08-08 01:27:00
10264,727,visit,,2025-07-20 23:21:00
10265,727,product_view,1106.0,2025-07-20 23:24:00
10266,727,add_to_cart,1106.0,2025-07-20 23:28:00
10267,783,visit,,2025-08-17 00:36:00
10268,783,product_view,1111.0,2025-08-17 00:38:00
10269,961,visit,,2025-09-21 10:27:00
10270,961,product_view,1069.0,2025-09-21 10:29:00
10271,961,add_to_cart,1069.0,2025-09-21 10:31:00
10272,961,checkout,1069.0,2025-09-21 10:32:00
10273,1294,visit,,2025-08-19 23:52:00
10274,249,visit,,2025-08-25 16:55:00
10275,241,visit,,2025-09-16 07:27:00
10276,241,product_view,1004.0,2025-09-16 07:32:00
10277,1208,visit,,2025-09-12 00:52:00
10278,1208,product_view,1036.0,2025-09-12 00:56:00
10279,1208,add_to_cart,1036.0,2025-09-12 00:58:00
10280,1024,visit,,2025-08-21 21:10:00
10281,1024,product_view,1089.0,2025-08-21 21:13:00
10282,1369,visit,,2025-09-27 16:29:00
10283,1369,product_view,1086.0,2025-09-27 16:33:00
10284,102,visit,,2025-08-05 21:37:00
10285,102,product_view,1011.0,2025-08-05 21:41:00
10286,102,add_to_cart,1011.0,2025-08-05 21:42:00
10287,102,checkout,1011.0,2025-08-05 21:44:00
10288,102,purchase,1011.0,2025-08-05 21:47:00
10289,1229,visit,,2025-08-21 09:27:00
10290,1229,product_view,1117.0,2025-08-21 09:31:00
10291,1229,add_to_cart,1117.0,2025-08-21 09:34:00
10292,742,visit,,2025-09-28 18:43:00
10293,742,product_view,1050.0,2025-09-28 18:48:00
10294,306,visit,,2025-08-15 03:13:00
10295,306,product_view,1005.0,2025-08-15 03:15:00
10296,1494,visit,,2025-09-11 23:42:00
10297,1494,product_view,1107.0,2025-09-11 23:45:00
10298,1373,visit,,2025-07-23 11:02:00
10299,1373,product_view,1079.0,2025-07-23 11:05:00
10300,1373,add_to_cart,1079.0,2025-07-23 11:09:00
10301,1480,visit,,2025-08-23 20:30:00
10302,1480,product_view,1068.0,2025-08-23 20:35:00
10303,1480,add_to_cart,1068.0,2025-08-23 20:37:00
10304,1004,visit,,2025-09-02 08:32:00
10305,1004,product_view,1094.0,2025-09-02 08:35:00
10306,1004,add_to_cart,1094.0,2025-09-02 08:37:00
10307,1004,checkout,1094.0,2025-09-02 08:40:00
10308,1366,visit,,2025-08-12 20:35:00
10309,1366,product_view,1087.0,2025-08-12 20:40:00
10310,1366,add_to_cart,1087.0,2025-08-12 20:44:00
10311,1366,checkout,1087.0,2025-08-12 20:47:00
10312,1366,purchase,1087.0,2025-08-12 20:48:00
10313,719,visit,,2025-07-05 02:39:00
10314,719,product_view,1019.0,2025-07-05 02:43:00
10315,873,visit,,2025-09-12 03:09:00
10316,873,product_view,1082.0,2025-09-12 03:13:00
10317,873,add_to_cart,1082.0,2025-09-12 03:14:00
10318,873,checkout,1082.0,2025-09-12 03:17:00
10319,873,purchase,1082.0,2025-09-12 03:18:00
10320,490,visit,,2025-07-05 06:40:00
10321,490,product_view,1087.0,2025-07-05 06:45:00
10322,490,add_to_cart,1087.0,2025-07-05 06:47:00
10323,490,checkout,1087.0,2025-07-05 06:50:00
10324,490,purchase,1087.0,2025-07-05 06:51:00
10325,1483,visit,,2025-08-31 11:14:00
10326,1483,product_view,1101.0,2025-08-31 11:17:00
10327,1483,add_to_cart,1101.0,2025-08-31 11:19:00
10328,1483,checkout,1101.0,2025-08-31 11:22:00
10329,1483,purchase,1101.0,2025-08-31 11:25:00
10330,520,visit,,2025-09-03 03:07:00
10331,520,product_view,1062.0,2025-09-03 03:09:00
10332,520,add_to_cart,1062.0,2025-09-03 03:11:00
10333,520,checkout,1062.0,2025-09-03 03:13:00
10334,520,purchase,1062.0,2025-09-03 03:14:00
10335,339,visit,,2025-07-17 04:37:00
10336,339,product_view,1103.0,2025-07-17 04:41:00
10337,1046,visit,,2025-08-12 00:50:00
10338,1046,product_view,1056.0,2025-08-12 00:53:00
10339,900,visit,,2025-09-21 20:03:00
10340,900,product_view,1048.0,2025-09-21 20:07:00
10341,1014,visit,,2025-08-31 18:05:00
10342,1014,product_view,1093.0,2025-08-31 18:07:00
10343,1014,add_to_cart,1093.0,2025-08-31 18:09:00
10344,434,visit,,2025-09-21 10:13:00
10345,434,product_view,1039.0,2025-09-21 10:18:00
10346,157,visit,,2025-09-27 10:31:00
10347,157,product_view,1009.0,2025-09-27 10:36:00
10348,157,add_to_cart,1009.0,2025-09-27 10:40:00
10349,157,checkout,1009.0,2025-09-27 10:43:00
10350,157,purchase,1009.0,2025-09-27 10:44:00
10351,386,visit,,2025-09-14 22:54:00
10352,386,product_view,1049.0,2025-09-14 22:57:00
10353,382,visit,,2025-09-17 08:12:00
10354,382,product_view,1113.0,2025-09-17 08:13:00
10355,382,add_to_cart,1113.0,2025-09-17 08:17:00
10356,944,visit,,2025-09-05 17:20:00
10357,944,product_view,1001.0,2025-09-05 17:24:00
10358,558,visit,,2025-09-13 20:58:00
10359,558,product_view,1030.0,2025-09-13 20:59:00
10360,558,add_to_cart,1030.0,2025-09-13 21:00:00
10361,558,checkout,1030.0,2025-09-13 21:01:00
10362,1215,visit,,2025-08-03 19:12:00
10363,1215,product_view,1061.0,2025-08-03 19:17:00
10364,1215,add_to_cart,1061.0,2025-08-03 19:18:00
10365,1215,checkout,1061.0,2025-08-03 19:21:00
10366,1035,visit,,2025-09-20 19:26:00
10367,1035,product_view,1070.0,2025-09-20 19:31:00
10368,439,visit,,2025-09-19 18:15:00
10369,439,product_view,1020.0,2025-09-19 18:18:00
10370,439,add_to_cart,1020.0,2025-09-19 18:21:00
10371,1299,visit,,2025-07-13 02:20:00
10372,1299,product_view,1010.0,2025-07-13 02:21:00
10373,614,visit,,2025-08-17 12:03:00
10374,614,product_view,1059.0,2025-08-17 12:07:00
10375,614,add_to_cart,1059.0,2025-08-17 12:09:00
10376,614,checkout,1059.0,2025-08-17 12:11:00
10377,685,visit,,2025-08-11 09:26:00
10378,7,visit,,2025-07-23 03:53:00
10379,7,product_view,1117.0,2025-07-23 03:56:00
10380,1276,visit,,2025-09-28 05:09:00
10381,1276,product_view,1091.0,2025-09-28 05:14:00
10382,1276,add_to_cart,1091.0,2025-09-28 05:18:00
10383,171,visit,,2025-08-26 07:42:00
10384,171,product_view,1097.0,2025-08-26 07:45:00
10385,171,add_to_cart,1097.0,2025-08-26 07:46:00
10386,1279,visit,,2025-08-13 08:30:00
10387,1279,product_view,1119.0,2025-08-13 08:31:00
10388,1279,add_to_cart,1119.0,2025-08-13 08:33:00
10389,1077,visit,,2025-07-10 01:28:00
10390,1077,product_view,1110.0,2025-07-10 01:31:00
10391,1077,add_to_cart,1110.0,2025-07-10 01:33:00
10392,1077,checkout,1110.0,2025-07-10 01:34:00
10393,1077,purchase,1110.0,2025-07-10 01:37:00
10394,364,visit,,2025-07-22 05:18:00
10395,364,product_view,1001.0,2025-07-22 05:22:00
10396,364,add_to_cart,1001.0,2025-07-22 05:23:00
10397,364,checkout,1001.0,2025-07-22 05:24:00
10398,692,visit,,2025-08-02 21:53:00
10399,692,product_view,1056.0,2025-08-02 21:56:00
10400,692,add_to_cart,1056.0,2025-08-02 21:58:00
10401,692,checkout,1056.0,2025-08-02 21:59:00
10402,692,purchase,1056.0,2025-08-02 22:01:00
10403,26,visit,,2025-09-05 10:38:00
10404,26,product_view,1018.0,2025-09-05 10:39:00
10405,26,add_to_cart,1018.0,2025-09-05 10:43:00
10406,655,visit,,2025-07-15 14:41:00
10407,655,product_view,1071.0,2025-07-15 14:44:00
10408,1124,visit,,2025-09-11 01:45:00
10409,1124,product_view,1022.0,2025-09-11 01:48:00
10410,349,visit,,2025-09-13 03:41:00
10411,349,product_view,1011.0,2025-09-13 03:44:00
10412,349,add_to_cart,1011.0,2025-09-13 03:47:00
10413,349,checkout,1011.0,2025-09-13 03:49:00
10414,349,purchase,1011.0,2025-09-13 03:50:00
10415,444,visit,,2025-09-04 11:44:00
10416,444,product_view,1105.0,2025-09-04 11:49:00
10417,1189,visit,,2025-08-06 05:26:00
10418,1189,product_view,1016.0,2025-08-06 05:27:00
10419,333,visit,,2025-09-29 00:06:00
10420,333,product_view,1106.0,2025-09-29 00:07:00
10421,333,add_to_cart,1106.0,2025-09-29 00:10:00
10422,893,visit,,2025-09-03 16:33:00
10423,893,product_view,1080.0,2025-09-03 16:36:00
10424,1114,visit,,2025-09-27 17:09:00
10425,1114,product_view,1010.0,2025-09-27 17:14:00
10426,1114,add_to_cart,1010.0,2025-09-27 17:18:00
10427,1114,checkout,1010.0,2025-09-27 17:21:00
10428,1114,purchase,1010.0,2025-09-27 17:24:00
10429,853,visit,,2025-08-04 22:40:00
10430,853,product_view,1040.0,2025-08-04 22:43:00
10431,853,add_to_cart,1040.0,2025-08-04 22:45:00
10432,1147,visit,,2025-07-04 03:06:00
10433,1147,product_view,1084.0,2025-07-04 03:11:00
10434,1147,add_to_cart,1084.0,2025-07-04 03:13:00
10435,1147,checkout,1084.0,2025-07-04 03:15:00
10436,1147,purchase,1084.0,2025-07-04 03:18:00
10437,483,visit,,2025-07-24 17:16:00
10438,26,visit,,2025-07-17 04:56:00
10439,26,product_view,1094.0,2025-07-17 04:59:00
10440,26,add_to_cart,1094.0,2025-07-17 05:03:00
10441,26,checkout,1094.0,2025-07-17 05:04:00
10442,26,purchase,1094.0,2025-07-17 05:05:00
10443,286,visit,,2025-08-01 08:10:00
10444,286,product_view,1041.0,2025-08-01 08:14:00
10445,286,add_to_cart,1041.0,2025-08-01 08:15:00
10446,971,visit,,2025-07-04 09:49:00
10447,971,product_view,1050.0,2025-07-04 09:51:00
10448,1300,visit,,2025-09-23 21:37:00
10449,1300,product_view,1120.0,2025-09-23 21:41:00
10450,874,visit,,2025-08-20 15:19:00
10451,874,product_view,1091.0,2025-08-20 15:24:00
10452,1023,visit,,2025-07-18 02:02:00
10453,1023,product_view,1063.0,2025-07-18 02:05:00
10454,1023,add_to_cart,1063.0,2025-07-18 02:08:00
10455,107,visit,,2025-07-31 06:44:00
10456,107,product_view,1003.0,2025-07-31 06:47:00
10457,39,visit,,2025-09-25 19:45:00
10458,297,visit,,2025-08-29 04:22:00
10459,297,product_view,1037.0,2025-08-29 04:26:00
10460,297,add_to_cart,1037.0,2025-08-29 04:27:00
10461,297,checkout,1037.0,2025-08-29 04:30:00
10462,1214,visit,,2025-07-27 18:11:00
10463,1214,product_view,1086.0,2025-07-27 18:15:00
10464,1454,visit,,2025-07-30 18:35:00
10465,1454,product_view,1092.0,2025-07-30 18:37:00
10466,1454,add_to_cart,1092.0,2025-07-30 18:38:00
10467,347,visit,,2025-09-04 18:12:00
10468,1328,visit,,2025-09-24 20:10:00
10469,1328,product_view,1025.0,2025-09-24 20:14:00
10470,1328,add_to_cart,1025.0,2025-09-24 20:18:00
10471,1328,checkout,1025.0,2025-09-24 20:20:00
10472,82,visit,,2025-07-24 20:56:00
10473,82,product_view,1036.0,2025-07-24 21:00:00
10474,474,visit,,2025-09-05 19:38:00
10475,474,product_view,1011.0,2025-09-05 19:40:00
10476,474,add_to_cart,1011.0,2025-09-05 19:41:00
10477,1397,visit,,2025-09-14 05:43:00
10478,1397,product_view,1075.0,2025-09-14 05:45:00
10479,1397,add_to_cart,1075.0,2025-09-14 05:48:00
10480,1475,visit,,2025-08-14 00:52:00
10481,1475,product_view,1008.0,2025-08-14 00:53:00
10482,1475,add_to_cart,1008.0,2025-08-14 00:56:00
10483,1475,checkout,1008.0,2025-08-14 00:59:00
10484,1475,purchase,1008.0,2025-08-14 01:01:00
10485,579,visit,,2025-09-12 19:39:00
10486,579,product_view,1085.0,2025-09-12 19:43:00
10487,579,add_to_cart,1085.0,2025-09-12 19:46:00
10488,579,checkout,1085.0,2025-09-12 19:49:00
10489,579,purchase,1085.0,2025-09-12 19:51:00
10490,145,visit,,2025-09-08 00:51:00
10491,145,product_view,1031.0,2025-09-08 00:56:00
10492,145,add_to_cart,1031.0,2025-09-08 00:59:00
10493,145,checkout,1031.0,2025-09-08 01:02:00
10494,145,purchase,1031.0,2025-09-08 01:05:00
10495,334,visit,,2025-08-17 18:21:00
10496,334,product_view,1116.0,2025-08-17 18:23:00
10497,387,visit,,2025-07-05 23:20:00
10498,387,product_view,1091.0,2025-07-05 23:23:00
10499,387,add_to_cart,1091.0,2025-07-05 23:27:00
10500,387,checkout,1091.0,2025-07-05 23:30:00
10501,387,purchase,1091.0,2025-07-05 23:33:00
10502,204,visit,,2025-09-15 13:31:00
10503,204,product_view,1004.0,2025-09-15 13:32:00
10504,879,visit,,2025-08-21 11:46:00
10505,879,product_view,1030.0,2025-08-21 11:49:00
10506,516,visit,,2025-09-01 07:31:00
10507,292,visit,,2025-07-31 08:08:00
10508,292,product_view,1019.0,2025-07-31 08:12:00
10509,955,visit,,2025-07-06 22:12:00
10510,1390,visit,,2025-07-28 20:52:00
10511,1390,product_view,1023.0,2025-07-28 20:54:00
10512,1390,add_to_cart,1023.0,2025-07-28 20:58:00
10513,1390,checkout,1023.0,2025-07-28 21:01:00
10514,1340,visit,,2025-09-11 07:22:00
10515,630,visit,,2025-08-26 23:43:00
10516,656,visit,,2025-07-18 03:04:00
10517,904,visit,,2025-08-10 18:27:00
10518,904,product_view,1096.0,2025-08-10 18:31:00
10519,446,visit,,2025-07-12 09:38:00
10520,446,product_view,1010.0,2025-07-12 09:40:00
10521,446,add_to_cart,1010.0,2025-07-12 09:41:00
10522,1096,visit,,2025-08-21 05:15:00
10523,1096,product_view,1065.0,2025-08-21 05:19:00
10524,685,visit,,2025-09-13 08:43:00
10525,685,product_view,1101.0,2025-09-13 08:44:00
10526,685,add_to_cart,1101.0,2025-09-13 08:45:00
10527,685,checkout,1101.0,2025-09-13 08:46:00
10528,685,purchase,1101.0,2025-09-13 08:48:00
10529,1121,visit,,2025-07-12 21:02:00
10530,265,visit,,2025-09-03 04:19:00
10531,265,product_view,1009.0,2025-09-03 04:22:00
10532,265,add_to_cart,1009.0,2025-09-03 04:23:00
10533,265,checkout,1009.0,2025-09-03 04:24:00
10534,265,purchase,1009.0,2025-09-03 04:26:00
10535,870,visit,,2025-09-09 15:34:00
10536,870,product_view,1082.0,2025-09-09 15:36:00
10537,870,add_to_cart,1082.0,2025-09-09 15:37:00
10538,870,checkout,1082.0,2025-09-09 15:40:00
10539,870,purchase,1082.0,2025-09-09 15:41:00
10540,1362,visit,,2025-07-03 08:12:00
10541,1362,product_view,1017.0,2025-07-03 08:16:00
10542,1362,add_to_cart,1017.0,2025-07-03 08:18:00
10543,1362,checkout,1017.0,2025-07-03 08:19:00
10544,1362,purchase,1017.0,2025-07-03 08:21:00
10545,136,visit,,2025-07-06 00:18:00
10546,136,product_view,1112.0,2025-07-06 00:19:00
10547,136,add_to_cart,1112.0,2025-07-06 00:22:00
10548,136,checkout,1112.0,2025-07-06 00:23:00
10549,136,purchase,1112.0,2025-07-06 00:25:00
10550,933,visit,,2025-08-08 04:03:00
10551,933,product_view,1074.0,2025-08-08 04:05:00
10552,262,visit,,2025-07-30 19:22:00
10553,262,product_view,1087.0,2025-07-30 19:26:00
10554,262,add_to_cart,1087.0,2025-07-30 19:27:00
10555,262,checkout,1087.0,2025-07-30 19:28:00
10556,1229,visit,,2025-09-10 18:35:00
10557,1229,product_view,1115.0,2025-09-10 18:40:00
10558,930,visit,,2025-08-24 15:47:00
10559,930,product_view,1063.0,2025-08-24 15:50:00
10560,446,visit,,2025-08-31 14:42:00
10561,446,product_view,1065.0,2025-08-31 14:44:00
10562,173,visit,,2025-09-12 07:39:00
10563,173,product_view,1069.0,2025-09-12 07:41:00
10564,173,add_to_cart,1069.0,2025-09-12 07:45:00
10565,173,checkout,1069.0,2025-09-12 07:47:00
10566,173,purchase,1069.0,2025-09-12 07:50:00
10567,654,visit,,2025-09-03 13:59:00
10568,654,product_view,1044.0,2025-09-03 14:00:00
10569,935,visit,,2025-07-29 08:07:00
10570,935,product_view,1107.0,2025-07-29 08:08:00
10571,935,add_to_cart,1107.0,2025-07-29 08:12:00
10572,1491,visit,,2025-07-06 07:40:00
10573,1491,product_view,1087.0,2025-07-06 07:41:00
10574,1491,add_to_cart,1087.0,2025-07-06 07:45:00
10575,1045,visit,,2025-09-18 06:58:00
10576,1045,product_view,1043.0,2025-09-18 07:03:00
10577,489,visit,,2025-08-20 23:08:00
10578,489,product_view,1085.0,2025-08-20 23:11:00
10579,1231,visit,,2025-07-31 18:11:00
10580,1231,product_view,1025.0,2025-07-31 18:16:00
10581,1231,add_to_cart,1025.0,2025-07-31 18:17:00
10582,467,visit,,2025-08-10 13:57:00
10583,467,product_view,1067.0,2025-08-10 13:59:00
10584,959,visit,,2025-07-10 11:12:00
10585,959,product_view,1082.0,2025-07-10 11:15:00
10586,959,add_to_cart,1082.0,2025-07-10 11:18:00
10587,959,checkout,1082.0,2025-07-10 11:21:00
10588,959,purchase,1082.0,2025-07-10 11:23:00
10589,1380,visit,,2025-08-04 09:59:00
10590,1380,product_view,1041.0,2025-08-04 10:00:00
10591,1380,add_to_cart,1041.0,2025-08-04 10:04:00
10592,1380,checkout,1041.0,2025-08-04 10:07:00
10593,1077,visit,,2025-09-14 05:41:00
10594,1077,product_view,1069.0,2025-09-14 05:43:00
10595,217,visit,,2025-07-05 23:02:00
10596,217,product_view,1098.0,2025-07-05 23:04:00
10597,19,visit,,2025-08-05 00:49:00
10598,19,product_view,1119.0,2025-08-05 00:52:00
10599,19,add_to_cart,1119.0,2025-08-05 00:53:00
10600,356,visit,,2025-08-21 03:44:00
10601,356,product_view,1038.0,2025-08-21 03:48:00
10602,356,add_to_cart,1038.0,2025-08-21 03:49:00
10603,573,visit,,2025-07-03 22:19:00
10604,573,product_view,1013.0,2025-07-03 22:23:00
10605,573,add_to_cart,1013.0,2025-07-03 22:27:00
10606,573,checkout,1013.0,2025-07-03 22:29:00
10607,573,purchase,1013.0,2025-07-03 22:31:00
10608,599,visit,,2025-09-02 01:44:00
10609,599,product_view,1039.0,2025-09-02 01:49:00
10610,599,add_to_cart,1039.0,2025-09-02 01:50:00
10611,599,checkout,1039.0,2025-09-02 01:51:00
10612,1029,visit,,2025-08-29 00:14:00
10613,1029,product_view,1060.0,2025-08-29 00:17:00
10614,1029,add_to_cart,1060.0,2025-08-29 00:18:00
10615,1351,visit,,2025-07-29 00:29:00
10616,1351,product_view,1038.0,2025-07-29 00:32:00
10617,1351,visit,,2025-09-06 18:39:00
10618,1347,visit,,2025-08-02 19:51:00
10619,1347,product_view,1115.0,2025-08-02 19:52:00
10620,1309,visit,,2025-07-08 08:51:00
10621,1052,visit,,2025-08-29 14:39:00
10622,1052,product_view,1013.0,2025-08-29 14:44:00
10623,1175,visit,,2025-08-03 12:53:00
10624,1175,product_view,1019.0,2025-08-03 12:56:00
10625,1175,add_to_cart,1019.0,2025-08-03 12:59:00
10626,249,visit,,2025-09-26 06:03:00
10627,249,product_view,1014.0,2025-09-26 06:07:00
10628,591,visit,,2025-07-18 07:05:00
10629,591,product_view,1032.0,2025-07-18 07:08:00
10630,762,visit,,2025-09-04 03:10:00
10631,762,product_view,1013.0,2025-09-04 03:15:00
10632,762,add_to_cart,1013.0,2025-09-04 03:19:00
10633,762,checkout,1013.0,2025-09-04 03:20:00
10634,762,purchase,1013.0,2025-09-04 03:22:00
10635,406,visit,,2025-07-20 11:56:00
10636,406,product_view,1094.0,2025-07-20 12:00:00
10637,406,add_to_cart,1094.0,2025-07-20 12:03:00
10638,406,checkout,1094.0,2025-07-20 12:04:00
10639,406,purchase,1094.0,2025-07-20 12:07:00
10640,318,visit,,2025-07-16 02:52:00
10641,318,product_view,1027.0,2025-07-16 02:53:00
10642,233,visit,,2025-07-04 20:08:00
10643,233,product_view,1076.0,2025-07-04 20:09:00
10644,233,add_to_cart,1076.0,2025-07-04 20:11:00
10645,1331,visit,,2025-07-27 01:50:00
10646,1331,product_view,1075.0,2025-07-27 01:52:00
10647,1331,add_to_cart,1075.0,2025-07-27 01:55:00
10648,1331,checkout,1075.0,2025-07-27 01:58:00
10649,897,visit,,2025-08-01 23:48:00
10650,897,product_view,1084.0,2025-08-01 23:50:00
10651,1372,visit,,2025-08-10 13:07:00
10652,1372,product_view,1018.0,2025-08-10 13:11:00
10653,1372,add_to_cart,1018.0,2025-08-10 13:14:00
10654,1273,visit,,2025-09-17 09:17:00
10655,1273,product_view,1074.0,2025-09-17 09:21:00
10656,175,visit,,2025-08-05 10:20:00
10657,175,product_view,1069.0,2025-08-05 10:23:00
10658,175,add_to_cart,1069.0,2025-08-05 10:25:00
10659,175,checkout,1069.0,2025-08-05 10:26:00
10660,1280,visit,,2025-07-08 17:06:00
10661,1280,product_view,1048.0,2025-07-08 17:11:00
10662,1346,visit,,2025-07-05 05:51:00
10663,1346,product_view,1040.0,2025-07-05 05:53:00
10664,1346,add_to_cart,1040.0,2025-07-05 05:56:00
10665,1346,checkout,1040.0,2025-07-05 05:58:00
10666,1346,purchase,1040.0,2025-07-05 06:01:00
10667,1372,visit,,2025-09-19 10:56:00
10668,1372,product_view,1095.0,2025-09-19 11:01:00
10669,1372,add_to_cart,1095.0,2025-09-19 11:04:00
10670,1372,checkout,1095.0,2025-09-19 11:06:00
10671,1372,purchase,1095.0,2025-09-19 11:08:00
10672,1364,visit,,2025-07-12 18:43:00
10673,1292,visit,,2025-08-27 06:23:00
10674,1292,product_view,1106.0,2025-08-27 06:26:00
10675,734,visit,,2025-08-05 22:44:00
10676,734,product_view,1024.0,2025-08-05 22:48:00
10677,734,add_to_cart,1024.0,2025-08-05 22:51:00
10678,561,visit,,2025-08-19 08:50:00
10679,561,product_view,1073.0,2025-08-19 08:51:00
10680,561,add_to_cart,1073.0,2025-08-19 08:54:00
10681,100,visit,,2025-07-02 12:36:00
10682,100,product_view,1056.0,2025-07-02 12:41:00
10683,800,visit,,2025-09-08 13:08:00
10684,1376,visit,,2025-08-16 11:51:00
10685,1376,product_view,1059.0,2025-08-16 11:55:00
10686,1152,visit,,2025-09-22 09:41:00
10687,1152,product_view,1046.0,2025-09-22 09:42:00
10688,287,visit,,2025-07-03 08:01:00
10689,287,product_view,1016.0,2025-07-03 08:04:00
10690,287,add_to_cart,1016.0,2025-07-03 08:07:00
10691,1236,visit,,2025-07-06 02:48:00
10692,1236,product_view,1056.0,2025-07-06 02:53:00
10693,1259,visit,,2025-07-29 04:53:00
10694,1259,product_view,1110.0,2025-07-29 04:56:00
10695,1259,add_to_cart,1110.0,2025-07-29 05:00:00
10696,1259,checkout,1110.0,2025-07-29 05:02:00
10697,739,visit,,2025-07-14 22:30:00
10698,739,product_view,1086.0,2025-07-14 22:31:00
10699,117,visit,,2025-07-17 11:03:00
10700,117,product_view,1028.0,2025-07-17 11:05:00
10701,1419,visit,,2025-09-13 09:15:00
10702,1419,product_view,1100.0,2025-09-13 09:20:00
10703,1419,add_to_cart,1100.0,2025-09-13 09:23:00
10704,317,visit,,2025-09-10 18:22:00
10705,317,product_view,1059.0,2025-09-10 18:24:00
10706,317,add_to_cart,1059.0,2025-09-10 18:28:00
10707,317,checkout,1059.0,2025-09-10 18:30:00
10708,317,purchase,1059.0,2025-09-10 18:33:00
10709,689,visit,,2025-08-09 19:44:00
10710,689,product_view,1119.0,2025-08-09 19:47:00
10711,726,visit,,2025-08-28 23:32:00
10712,355,visit,,2025-07-25 23:06:00
10713,355,product_view,1058.0,2025-07-25 23:09:00
10714,1350,visit,,2025-07-19 14:46:00
10715,1350,product_view,1103.0,2025-07-19 14:48:00
10716,1350,add_to_cart,1103.0,2025-07-19 14:50:00
10717,574,visit,,2025-07-04 05:13:00
10718,574,product_view,1116.0,2025-07-04 05:15:00
10719,574,add_to_cart,1116.0,2025-07-04 05:17:00
10720,574,checkout,1116.0,2025-07-04 05:18:00
10721,574,purchase,1116.0,2025-07-04 05:20:00
10722,63,visit,,2025-09-24 08:02:00
10723,63,product_view,1099.0,2025-09-24 08:06:00
10724,63,add_to_cart,1099.0,2025-09-24 08:09:00
10725,63,checkout,1099.0,2025-09-24 08:10:00
10726,63,purchase,1099.0,2025-09-24 08:11:00
10727,163,visit,,2025-07-03 11:00:00
10728,1449,visit,,2025-07-17 17:45:00
10729,1449,product_view,1112.0,2025-07-17 17:46:00
10730,1449,add_to_cart,1112.0,2025-07-17 17:49:00
10731,694,visit,,2025-08-15 05:50:00
10732,1078,visit,,2025-07-18 14:49:00
10733,861,visit,,2025-08-31 08:11:00
10734,861,product_view,1063.0,2025-08-31 08:13:00
10735,861,add_to_cart,1063.0,2025-08-31 08:16:00
10736,861,checkout,1063.0,2025-08-31 08:17:00
10737,936,visit,,2025-07-18 22:28:00
10738,936,product_view,1025.0,2025-07-18 22:30:00
10739,1185,visit,,2025-07-11 11:07:00
10740,1185,product_view,1024.0,2025-07-11 11:09:00
10741,1185,add_to_cart,1024.0,2025-07-11 11:13:00
10742,1185,checkout,1024.0,2025-07-11 11:14:00
10743,1185,purchase,1024.0,2025-07-11 11:15:00
10744,1284,visit,,2025-09-28 16:24:00
10745,1166,visit,,2025-08-18 10:13:00
10746,140,visit,,2025-08-15 15:15:00
10747,140,product_view,1047.0,2025-08-15 15:16:00
10748,140,add_to_cart,1047.0,2025-08-15 15:17:00
10749,140,checkout,1047.0,2025-08-15 15:20:00
10750,140,purchase,1047.0,2025-08-15 15:23:00
10751,455,visit,,2025-09-24 18:23:00
10752,455,product_view,1004.0,2025-09-24 18:28:00
10753,455,add_to_cart,1004.0,2025-09-24 18:30:00
10754,455,checkout,1004.0,2025-09-24 18:31:00
10755,455,purchase,1004.0,2025-09-24 18:32:00
10756,976,visit,,2025-08-05 02:47:00
10757,976,product_view,1025.0,2025-08-05 02:50:00
10758,976,add_to_cart,1025.0,2025-08-05 02:52:00
10759,930,visit,,2025-08-17 19:40:00
10760,930,product_view,1086.0,2025-08-17 19:41:00
10761,930,add_to_cart,1086.0,2025-08-17 19:45:00
10762,930,checkout,1086.0,2025-08-17 19:46:00
10763,930,purchase,1086.0,2025-08-17 19:47:00
10764,309,visit,,2025-07-04 17:41:00
10765,309,product_view,1023.0,2025-07-04 17:42:00
10766,249,visit,,2025-09-13 08:22:00
10767,249,product_view,1067.0,2025-09-13 08:27:00
10768,1433,visit,,2025-09-11 13:49:00
10769,1433,product_view,1042.0,2025-09-11 13:51:00
10770,1433,add_to_cart,1042.0,2025-09-11 13:54:00
10771,1278,visit,,2025-08-29 11:07:00
10772,1278,product_view,1067.0,2025-08-29 11:11:00
10773,61,visit,,2025-07-22 06:00:00
10774,61,product_view,1026.0,2025-07-22 06:05:00
10775,61,add_to_cart,1026.0,2025-07-22 06:06:00
10776,7,visit,,2025-09-16 09:04:00
10777,7,product_view,1114.0,2025-09-16 09:05:00
10778,7,add_to_cart,1114.0,2025-09-16 09:08:00
10779,7,checkout,1114.0,2025-09-16 09:09:00
10780,97,visit,,2025-09-04 20:34:00
10781,97,product_view,1057.0,2025-09-04 20:37:00
10782,97,add_to_cart,1057.0,2025-09-04 20:41:00
10783,97,checkout,1057.0,2025-09-04 20:44:00
10784,97,purchase,1057.0,2025-09-04 20:45:00
10785,694,visit,,2025-07-13 09:21:00
10786,694,product_view,1074.0,2025-07-13 09:26:00
10787,897,visit,,2025-08-01 12:26:00
10788,897,product_view,1023.0,2025-08-01 12:30:00
10789,897,add_to_cart,1023.0,2025-08-01 12:32:00
10790,897,checkout,1023.0,2025-08-01 12:34:00
10791,897,purchase,1023.0,2025-08-01 12:35:00
10792,1413,visit,,2025-07-06 09:50:00
10793,463,visit,,2025-09-09 08:48:00
10794,463,product_view,1084.0,2025-09-09 08:49:00
10795,1411,visit,,2025-08-21 04:06:00
10796,1411,product_view,1034.0,2025-08-21 04:10:00
10797,1411,add_to_cart,1034.0,2025-08-21 04:12:00
10798,1239,visit,,2025-07-26 18:57:00
10799,1239,product_view,1112.0,2025-07-26 19:01:00
10800,1465,visit,,2025-08-18 14:16:00
10801,905,visit,,2025-09-25 17:43:00
10802,860,visit,,2025-09-04 23:53:00
10803,1427,visit,,2025-08-16 17:20:00
10804,1427,product_view,1115.0,2025-08-16 17:25:00
10805,1427,add_to_cart,1115.0,2025-08-16 17:26:00
10806,1427,checkout,1115.0,2025-08-16 17:29:00
10807,895,visit,,2025-09-21 04:27:00
10808,895,product_view,1059.0,2025-09-21 04:28:00
10809,895,add_to_cart,1059.0,2025-09-21 04:30:00
10810,922,visit,,2025-09-17 10:13:00
10811,922,product_view,1069.0,2025-09-17 10:14:00
10812,922,add_to_cart,1069.0,2025-09-17 10:16:00
10813,922,checkout,1069.0,2025-09-17 10:17:00
10814,225,visit,,2025-08-04 11:43:00
10815,225,product_view,1056.0,2025-08-04 11:48:00
10816,530,visit,,2025-08-26 17:00:00
10817,530,product_view,1032.0,2025-08-26 17:01:00
10818,530,add_to_cart,1032.0,2025-08-26 17:05:00
10819,530,checkout,1032.0,2025-08-26 17:06:00
10820,530,purchase,1032.0,2025-08-26 17:07:00
10821,916,visit,,2025-08-20 18:11:00
10822,1428,visit,,2025-09-14 04:48:00
10823,1428,product_view,1116.0,2025-09-14 04:50:00
10824,1486,visit,,2025-08-30 06:21:00
10825,1486,product_view,1021.0,2025-08-30 06:22:00
10826,1486,add_to_cart,1021.0,2025-08-30 06:26:00
10827,379,visit,,2025-07-20 07:00:00
10828,379,product_view,1010.0,2025-07-20 07:03:00
10829,379,add_to_cart,1010.0,2025-07-20 07:06:00
10830,236,visit,,2025-07-30 04:45:00
10831,236,product_view,1048.0,2025-07-30 04:48:00
10832,780,visit,,2025-07-01 18:34:00
10833,780,product_view,1003.0,2025-07-01 18:35:00
10834,684,visit,,2025-09-01 17:13:00
10835,684,product_view,1118.0,2025-09-01 17:18:00
10836,684,add_to_cart,1118.0,2025-09-01 17:20:00
10837,684,checkout,1118.0,2025-09-01 17:22:00
10838,684,purchase,1118.0,2025-09-01 17:23:00
10839,831,visit,,2025-09-22 06:08:00
10840,831,product_view,1044.0,2025-09-22 06:11:00
10841,831,add_to_cart,1044.0,2025-09-22 06:14:00
10842,831,checkout,1044.0,2025-09-22 06:17:00
10843,831,purchase,1044.0,2025-09-22 06:19:00
10844,904,visit,,2025-07-04 23:31:00
10845,904,product_view,1105.0,2025-07-04 23:35:00
10846,904,add_to_cart,1105.0,2025-07-04 23:39:00
10847,904,checkout,1105.0,2025-07-04 23:41:00
10848,904,purchase,1105.0,2025-07-04 23:43:00
10849,507,visit,,2025-08-26 01:03:00
10850,507,product_view,1112.0,2025-08-26 01:08:00
10851,507,add_to_cart,1112.0,2025-08-26 01:12:00
10852,582,visit,,2025-08-19 17:28:00
10853,582,product_view,1026.0,2025-08-19 17:32:00
10854,582,add_to_cart,1026.0,2025-08-19 17:36:00
10855,582,checkout,1026.0,2025-08-19 17:37:00
10856,979,visit,,2025-09-01 09:53:00
10857,979,product_view,1091.0,2025-09-01 09:56:00
10858,979,add_to_cart,1091.0,2025-09-01 09:59:00
10859,896,visit,,2025-07-16 16:09:00
10860,896,product_view,1055.0,2025-07-16 16:14:00
10861,630,visit,,2025-08-05 05:31:00
10862,630,product_view,1009.0,2025-08-05 05:33:00
10863,514,visit,,2025-09-16 16:32:00
10864,514,product_view,1014.0,2025-09-16 16:36:00
10865,514,add_to_cart,1014.0,2025-09-16 16:39:00
10866,353,visit,,2025-09-20 05:08:00
10867,353,product_view,1011.0,2025-09-20 05:10:00
10868,1199,visit,,2025-09-06 05:07:00
10869,1199,product_view,1107.0,2025-09-06 05:08:00
10870,1199,add_to_cart,1107.0,2025-09-06 05:09:00
10871,1199,checkout,1107.0,2025-09-06 05:10:00
10872,1199,purchase,1107.0,2025-09-06 05:11:00
10873,1472,visit,,2025-09-04 08:59:00
10874,1472,product_view,1035.0,2025-09-04 09:03:00
10875,1472,add_to_cart,1035.0,2025-09-04 09:07:00
10876,1472,checkout,1035.0,2025-09-04 09:10:00
10877,1472,purchase,1035.0,2025-09-04 09:13:00
10878,1332,visit,,2025-08-18 12:00:00
10879,1332,product_view,1090.0,2025-08-18 12:04:00
10880,1332,add_to_cart,1090.0,2025-08-18 12:06:00
10881,1332,checkout,1090.0,2025-08-18 12:07:00
10882,1332,purchase,1090.0,2025-08-18 12:10:00
10883,759,visit,,2025-09-22 12:31:00
10884,1367,visit,,2025-08-21 11:52:00
10885,1367,product_view,1058.0,2025-08-21 11:56:00
10886,1367,add_to_cart,1058.0,2025-08-21 11:59:00
10887,1367,checkout,1058.0,2025-08-21 12:01:00
10888,1367,purchase,1058.0,2025-08-21 12:03:00
10889,18,visit,,2025-09-24 23:59:00
10890,18,product_view,1065.0,2025-09-25 00:01:00
10891,637,visit,,2025-08-11 05:04:00
10892,637,product_view,1043.0,2025-08-11 05:05:00
10893,637,add_to_cart,1043.0,2025-08-11 05:09:00
10894,637,checkout,1043.0,2025-08-11 05:12:00
10895,637,purchase,1043.0,2025-08-11 05:14:00
10896,959,visit,,2025-08-08 23:17:00
10897,959,product_view,1047.0,2025-08-08 23:18:00
10898,959,add_to_cart,1047.0,2025-08-08 23:21:00
10899,849,visit,,2025-09-16 05:38:00
10900,849,product_view,1114.0,2025-09-16 05:42:00
10901,476,visit,,2025-09-06 13:50:00
10902,476,product_view,1083.0,2025-09-06 13:51:00
10903,476,add_to_cart,1083.0,2025-09-06 13:55:00
10904,476,checkout,1083.0,2025-09-06 13:57:00
10905,885,visit,,2025-09-13 01:15:00
10906,885,product_view,1026.0,2025-09-13 01:16:00
10907,885,add_to_cart,1026.0,2025-09-13 01:17:00
10908,885,checkout,1026.0,2025-09-13 01:20:00
10909,885,purchase,1026.0,2025-09-13 01:23:00
10910,496,visit,,2025-07-03 02:06:00
10911,1042,visit,,2025-09-24 00:25:00
10912,1042,product_view,1034.0,2025-09-24 00:30:00
10913,1042,add_to_cart,1034.0,2025-09-24 00:33:00
10914,1042,checkout,1034.0,2025-09-24 00:35:00
10915,1042,purchase,1034.0,2025-09-24 00:38:00
10916,729,visit,,2025-09-11 12:06:00
10917,729,product_view,1020.0,2025-09-11 12:09:00
10918,729,add_to_cart,1020.0,2025-09-11 12:13:00
10919,710,visit,,2025-09-29 16:13:00
10920,710,product_view,1059.0,2025-09-29 16:17:00
10921,1119,visit,,2025-09-22 16:29:00
10922,1119,product_view,1026.0,2025-09-22 16:30:00
10923,673,visit,,2025-08-20 13:58:00
10924,673,product_view,1045.0,2025-08-20 14:00:00
10925,417,visit,,2025-09-08 22:51:00
10926,417,product_view,1104.0,2025-09-08 22:56:00
10927,417,add_to_cart,1104.0,2025-09-08 22:59:00
10928,417,checkout,1104.0,2025-09-08 23:02:00
10929,417,purchase,1104.0,2025-09-08 23:03:00
10930,1398,visit,,2025-07-06 22:07:00
10931,1398,product_view,1050.0,2025-07-06 22:12:00
10932,886,visit,,2025-08-03 13:59:00
10933,886,product_view,1017.0,2025-08-03 14:03:00
10934,886,add_to_cart,1017.0,2025-08-03 14:05:00
10935,886,checkout,1017.0,2025-08-03 14:07:00
10936,1401,visit,,2025-09-07 09:08:00
10937,1401,product_view,1120.0,2025-09-07 09:11:00
10938,994,visit,,2025-08-28 06:27:00
10939,994,product_view,1076.0,2025-08-28 06:32:00
10940,100,visit,,2025-07-01 04:41:00
10941,1013,visit,,2025-07-10 19:48:00
10942,1013,product_view,1105.0,2025-07-10 19:53:00
10943,1013,add_to_cart,1105.0,2025-07-10 19:55:00
10944,385,visit,,2025-09-23 14:10:00
10945,385,product_view,1070.0,2025-09-23 14:12:00
10946,385,add_to_cart,1070.0,2025-09-23 14:15:00
10947,385,checkout,1070.0,2025-09-23 14:18:00
10948,385,purchase,1070.0,2025-09-23 14:20:00
10949,1498,visit,,2025-08-18 05:52:00
10950,1498,product_view,1102.0,2025-08-18 05:55:00
10951,1498,add_to_cart,1102.0,2025-08-18 05:57:00
10952,1498,checkout,1102.0,2025-08-18 05:58:00
10953,1498,purchase,1102.0,2025-08-18 06:00:00
10954,445,visit,,2025-07-31 19:13:00
10955,723,visit,,2025-09-05 04:18:00
10956,723,product_view,1005.0,2025-09-05 04:20:00
10957,723,add_to_cart,1005.0,2025-09-05 04:23:00
10958,723,checkout,1005.0,2025-09-05 04:26:00
10959,723,purchase,1005.0,2025-09-05 04:28:00
10960,482,visit,,2025-09-21 15:20:00
10961,482,product_view,1007.0,2025-09-21 15:25:00
10962,582,visit,,2025-09-25 08:57:00
10963,582,product_view,1009.0,2025-09-25 08:59:00
10964,1084,visit,,2025-07-25 11:03:00
10965,1084,product_view,1039.0,2025-07-25 11:06:00
10966,1084,add_to_cart,1039.0,2025-07-25 11:08:00
10967,506,visit,,2025-09-04 01:54:00
10968,506,product_view,1024.0,2025-09-04 01:59:00
10969,954,visit,,2025-07-18 08:17:00
10970,954,product_view,1004.0,2025-07-18 08:19:00
10971,954,add_to_cart,1004.0,2025-07-18 08:20:00
10972,954,checkout,1004.0,2025-07-18 08:21:00
10973,954,purchase,1004.0,2025-07-18 08:22:00
10974,1388,visit,,2025-09-28 22:15:00
10975,265,visit,,2025-09-01 15:40:00
10976,265,product_view,1097.0,2025-09-01 15:44:00
10977,265,add_to_cart,1097.0,2025-09-01 15:47:00
10978,265,checkout,1097.0,2025-09-01 15:49:00
10979,265,purchase,1097.0,2025-09-01 15:50:00
10980,732,visit,,2025-07-29 10:20:00
10981,732,product_view,1061.0,2025-07-29 10:21:00
10982,732,add_to_cart,1061.0,2025-07-29 10:22:00
10983,732,checkout,1061.0,2025-07-29 10:24:00
10984,732,purchase,1061.0,2025-07-29 10:25:00
10985,1400,visit,,2025-09-13 06:51:00
10986,1400,product_view,1032.0,2025-09-13 06:53:00
10987,368,visit,,2025-09-29 01:53:00
10988,368,product_view,1060.0,2025-09-29 01:54:00
10989,368,add_to_cart,1060.0,2025-09-29 01:55:00
10990,368,checkout,1060.0,2025-09-29 01:57:00
10991,456,visit,,2025-08-01 18:03:00
10992,456,product_view,1082.0,2025-08-01 18:07:00
10993,1106,visit,,2025-09-21 10:32:00
10994,1106,product_view,1079.0,2025-09-21 10:35:00
10995,970,visit,,2025-07-28 22:56:00
10996,970,product_view,1025.0,2025-07-28 22:57:00
10997,1235,visit,,2025-09-16 01:14:00
10998,1235,product_view,1111.0,2025-09-16 01:15:00
10999,225,visit,,2025-08-26 11:38:00
11000,225,product_view,1019.0,2025-08-26 11:41:00
11001,225,add_to_cart,1019.0,2025-08-26 11:42:00
11002,371,visit,,2025-07-12 13:43:00
11003,371,product_view,1011.0,2025-07-12 13:45:00
11004,371,add_to_cart,1011.0,2025-07-12 13:49:00
11005,1478,visit,,2025-08-11 19:05:00
11006,1478,product_view,1087.0,2025-08-11 19:08:00
11007,389,visit,,2025-08-02 06:25:00
11008,389,product_view,1051.0,2025-08-02 06:28:00
11009,389,add_to_cart,1051.0,2025-08-02 06:30:00
11010,1154,visit,,2025-08-23 18:05:00
11011,1154,product_view,1104.0,2025-08-23 18:07:00
11012,1450,visit,,2025-09-19 01:29:00
11013,1450,product_view,1001.0,2025-09-19 01:31:00
11014,905,visit,,2025-09-03 07:20:00
11015,905,product_view,1051.0,2025-09-03 07:25:00
11016,905,add_to_cart,1051.0,2025-09-03 07:29:00
11017,655,visit,,2025-08-31 03:03:00
11018,655,product_view,1086.0,2025-08-31 03:05:00
11019,655,add_to_cart,1086.0,2025-08-31 03:08:00
11020,655,checkout,1086.0,2025-08-31 03:09:00
11021,655,purchase,1086.0,2025-08-31 03:10:00
11022,1364,visit,,2025-07-28 20:08:00
11023,1364,product_view,1055.0,2025-07-28 20:12:00
11024,975,visit,,2025-08-27 10:18:00
11025,975,product_view,1120.0,2025-08-27 10:23:00
11026,975,add_to_cart,1120.0,2025-08-27 10:27:00
11027,975,checkout,1120.0,2025-08-27 10:30:00
11028,975,purchase,1120.0,2025-08-27 10:32:00
11029,57,visit,,2025-08-07 08:51:00
11030,57,product_view,1031.0,2025-08-07 08:53:00
11031,57,add_to_cart,1031.0,2025-08-07 08:56:00
11032,725,visit,,2025-09-24 13:54:00
11033,584,visit,,2025-07-09 10:18:00
11034,584,product_view,1106.0,2025-07-09 10:20:00
11035,584,add_to_cart,1106.0,2025-07-09 10:24:00
11036,584,checkout,1106.0,2025-07-09 10:25:00
11037,584,purchase,1106.0,2025-07-09 10:26:00
11038,751,visit,,2025-09-02 12:36:00
11039,751,product_view,1014.0,2025-09-02 12:39:00
11040,1160,visit,,2025-09-13 13:20:00
11041,1160,product_view,1047.0,2025-09-13 13:21:00
11042,1160,add_to_cart,1047.0,2025-09-13 13:23:00
11043,917,visit,,2025-08-10 04:11:00
11044,917,product_view,1096.0,2025-08-10 04:15:00
11045,1057,visit,,2025-09-20 04:05:00
11046,1057,product_view,1033.0,2025-09-20 04:07:00
11047,1057,add_to_cart,1033.0,2025-09-20 04:09:00
11048,1057,checkout,1033.0,2025-09-20 04:12:00
11049,1057,purchase,1033.0,2025-09-20 04:14:00
11050,1204,visit,,2025-08-17 23:12:00
11051,1204,product_view,1082.0,2025-08-17 23:14:00
11052,1204,add_to_cart,1082.0,2025-08-17 23:18:00
11053,1204,checkout,1082.0,2025-08-17 23:20:00
11054,1204,purchase,1082.0,2025-08-17 23:21:00
11055,629,visit,,2025-07-08 05:39:00
11056,629,product_view,1028.0,2025-07-08 05:40:00
11057,629,add_to_cart,1028.0,2025-07-08 05:42:00
11058,318,visit,,2025-09-14 17:09:00
11059,318,product_view,1023.0,2025-09-14 17:14:00
11060,741,visit,,2025-07-20 09:57:00
11061,390,visit,,2025-07-20 05:38:00
11062,390,product_view,1078.0,2025-07-20 05:39:00
11063,390,add_to_cart,1078.0,2025-07-20 05:42:00
11064,390,checkout,1078.0,2025-07-20 05:43:00
11065,390,purchase,1078.0,2025-07-20 05:44:00
11066,886,visit,,2025-09-21 21:37:00
11067,886,product_view,1087.0,2025-09-21 21:39:00
11068,1118,visit,,2025-09-07 06:42:00
11069,603,visit,,2025-09-02 12:29:00
11070,603,product_view,1097.0,2025-09-02 12:30:00
11071,603,add_to_cart,1097.0,2025-09-02 12:34:00
11072,603,checkout,1097.0,2025-09-02 12:36:00
11073,603,purchase,1097.0,2025-09-02 12:38:00
11074,773,visit,,2025-08-09 22:35:00
11075,773,product_view,1078.0,2025-08-09 22:36:00
11076,1158,visit,,2025-08-09 06:33:00
11077,1158,product_view,1082.0,2025-08-09 06:35:00
11078,730,visit,,2025-07-03 16:20:00
11079,730,product_view,1116.0,2025-07-03 16:22:00
11080,730,add_to_cart,1116.0,2025-07-03 16:26:00
11081,730,checkout,1116.0,2025-07-03 16:28:00
11082,773,visit,,2025-09-11 04:13:00
11083,773,product_view,1049.0,2025-09-11 04:15:00
11084,773,add_to_cart,1049.0,2025-09-11 04:17:00
11085,773,checkout,1049.0,2025-09-11 04:20:00
11086,1471,visit,,2025-08-22 17:52:00
11087,1471,product_view,1106.0,2025-08-22 17:54:00
11088,1471,add_to_cart,1106.0,2025-08-22 17:55:00
11089,554,visit,,2025-07-23 06:49:00
11090,554,product_view,1060.0,2025-07-23 06:51:00
11091,554,add_to_cart,1060.0,2025-07-23 06:54:00
11092,882,visit,,2025-08-20 03:02:00
11093,882,product_view,1054.0,2025-08-20 03:05:00
11094,792,visit,,2025-09-08 01:24:00
11095,811,visit,,2025-09-03 17:24:00
11096,811,product_view,1022.0,2025-09-03 17:29:00
11097,965,visit,,2025-07-22 08:16:00
11098,965,product_view,1079.0,2025-07-22 08:19:00
11099,504,visit,,2025-09-22 21:58:00
11100,504,product_view,1088.0,2025-09-22 21:59:00
11101,504,add_to_cart,1088.0,2025-09-22 22:03:00
11102,504,checkout,1088.0,2025-09-22 22:05:00
11103,504,purchase,1088.0,2025-09-22 22:06:00
11104,1367,visit,,2025-08-04 01:54:00
11105,1367,product_view,1039.0,2025-08-04 01:59:00
11106,1367,add_to_cart,1039.0,2025-08-04 02:01:00
11107,1116,visit,,2025-09-08 00:07:00
11108,1116,product_view,1032.0,2025-09-08 00:09:00
11109,1116,add_to_cart,1032.0,2025-09-08 00:13:00
11110,1116,checkout,1032.0,2025-09-08 00:14:00
11111,1116,purchase,1032.0,2025-09-08 00:15:00
11112,1012,visit,,2025-08-01 20:39:00
11113,1012,product_view,1078.0,2025-08-01 20:40:00
11114,1012,add_to_cart,1078.0,2025-08-01 20:42:00
11115,1012,checkout,1078.0,2025-08-01 20:43:00
11116,1012,purchase,1078.0,2025-08-01 20:44:00
11117,1027,visit,,2025-08-16 05:01:00
11118,1027,product_view,1098.0,2025-08-16 05:03:00
11119,1027,add_to_cart,1098.0,2025-08-16 05:04:00
11120,1027,checkout,1098.0,2025-08-16 05:05:00
11121,1027,purchase,1098.0,2025-08-16 05:06:00
11122,809,visit,,2025-09-26 06:43:00
11123,809,product_view,1082.0,2025-09-26 06:44:00
11124,364,visit,,2025-07-22 15:02:00
11125,364,product_view,1011.0,2025-07-22 15:03:00
11126,364,add_to_cart,1011.0,2025-07-22 15:07:00
11127,364,checkout,1011.0,2025-07-22 15:08:00
11128,375,visit,,2025-08-14 19:01:00
11129,502,visit,,2025-09-23 14:31:00
11130,502,product_view,1013.0,2025-09-23 14:35:00
11131,1429,visit,,2025-07-02 00:44:00
11132,1429,product_view,1089.0,2025-07-02 00:45:00
11133,1309,visit,,2025-07-11 14:24:00
11134,436,visit,,2025-07-23 09:54:00
11135,436,product_view,1106.0,2025-07-23 09:56:00
11136,436,add_to_cart,1106.0,2025-07-23 09:58:00
11137,1046,visit,,2025-08-31 03:23:00
11138,641,visit,,2025-09-02 09:27:00
11139,641,product_view,1037.0,2025-09-02 09:28:00
11140,641,add_to_cart,1037.0,2025-09-02 09:29:00
11141,1414,visit,,2025-08-27 00:08:00
11142,1414,product_view,1071.0,2025-08-27 00:13:00
11143,68,visit,,2025-08-02 01:02:00
11144,68,product_view,1109.0,2025-08-02 01:07:00
11145,68,add_to_cart,1109.0,2025-08-02 01:09:00
11146,68,checkout,1109.0,2025-08-02 01:12:00
11147,68,purchase,1109.0,2025-08-02 01:13:00
11148,420,visit,,2025-07-15 12:42:00
11149,420,product_view,1022.0,2025-07-15 12:43:00
11150,420,add_to_cart,1022.0,2025-07-15 12:45:00
11151,420,checkout,1022.0,2025-07-15 12:48:00
11152,420,purchase,1022.0,2025-07-15 12:49:00
11153,1400,visit,,2025-08-14 05:45:00
11154,1400,product_view,1095.0,2025-08-14 05:47:00
11155,1400,add_to_cart,1095.0,2025-08-14 05:48:00
11156,181,visit,,2025-07-15 03:27:00
11157,181,product_view,1029.0,2025-07-15 03:30:00
11158,340,visit,,2025-07-28 05:56:00
11159,340,product_view,1068.0,2025-07-28 05:57:00
11160,340,add_to_cart,1068.0,2025-07-28 05:58:00
11161,340,checkout,1068.0,2025-07-28 06:01:00
11162,340,purchase,1068.0,2025-07-28 06:03:00
11163,1100,visit,,2025-07-18 19:00:00
11164,1100,product_view,1053.0,2025-07-18 19:01:00
11165,1100,add_to_cart,1053.0,2025-07-18 19:05:00
11166,347,visit,,2025-08-26 07:49:00
11167,347,product_view,1056.0,2025-08-26 07:51:00
11168,347,add_to_cart,1056.0,2025-08-26 07:54:00
11169,347,checkout,1056.0,2025-08-26 07:57:00
11170,693,visit,,2025-09-21 00:18:00
11171,25,visit,,2025-07-26 02:38:00
11172,25,product_view,1047.0,2025-07-26 02:39:00
11173,25,add_to_cart,1047.0,2025-07-26 02:42:00
11174,25,checkout,1047.0,2025-07-26 02:44:00
11175,6,visit,,2025-08-03 16:20:00
11176,6,product_view,1068.0,2025-08-03 16:23:00
11177,6,add_to_cart,1068.0,2025-08-03 16:27:00
11178,6,checkout,1068.0,2025-08-03 16:28:00
11179,1033,visit,,2025-08-25 14:39:00
11180,1033,product_view,1033.0,2025-08-25 14:40:00
11181,1488,visit,,2025-07-04 20:28:00
11182,1488,product_view,1030.0,2025-07-04 20:31:00
11183,696,visit,,2025-09-04 07:20:00
11184,696,product_view,1120.0,2025-09-04 07:21:00
11185,696,add_to_cart,1120.0,2025-09-04 07:23:00
11186,696,checkout,1120.0,2025-09-04 07:25:00
11187,696,purchase,1120.0,2025-09-04 07:27:00
11188,1485,visit,,2025-09-09 05:36:00
11189,1485,product_view,1018.0,2025-09-09 05:41:00
11190,268,visit,,2025-08-16 03:05:00
11191,268,product_view,1002.0,2025-08-16 03:06:00
11192,524,visit,,2025-08-24 06:54:00
11193,524,product_view,1004.0,2025-08-24 06:55:00
11194,524,add_to_cart,1004.0,2025-08-24 06:56:00
11195,524,checkout,1004.0,2025-08-24 06:57:00
11196,524,purchase,1004.0,2025-08-24 06:59:00
11197,132,visit,,2025-09-25 15:40:00
11198,132,product_view,1009.0,2025-09-25 15:43:00
11199,973,visit,,2025-07-10 23:05:00
11200,973,product_view,1103.0,2025-07-10 23:09:00
11201,973,add_to_cart,1103.0,2025-07-10 23:12:00
11202,901,visit,,2025-08-25 16:35:00
11203,901,product_view,1073.0,2025-08-25 16:37:00
11204,184,visit,,2025-08-02 01:28:00
11205,184,product_view,1021.0,2025-08-02 01:33:00
11206,184,add_to_cart,1021.0,2025-08-02 01:36:00
11207,184,checkout,1021.0,2025-08-02 01:37:00
11208,1111,visit,,2025-09-05 03:36:00
11209,1111,product_view,1085.0,2025-09-05 03:37:00
11210,1111,add_to_cart,1085.0,2025-09-05 03:40:00
11211,687,visit,,2025-08-22 15:50:00
11212,687,product_view,1090.0,2025-08-22 15:54:00
11213,687,add_to_cart,1090.0,2025-08-22 15:55:00
11214,687,checkout,1090.0,2025-08-22 15:57:00
11215,687,purchase,1090.0,2025-08-22 16:00:00
11216,60,visit,,2025-08-31 01:36:00
11217,60,product_view,1013.0,2025-08-31 01:37:00
11218,60,add_to_cart,1013.0,2025-08-31 01:40:00
11219,60,checkout,1013.0,2025-08-31 01:42:00
11220,956,visit,,2025-07-06 04:56:00
11221,956,product_view,1098.0,2025-07-06 04:58:00
11222,516,visit,,2025-08-14 07:19:00
11223,516,product_view,1091.0,2025-08-14 07:21:00
11224,516,add_to_cart,1091.0,2025-08-14 07:23:00
11225,516,checkout,1091.0,2025-08-14 07:24:00
11226,122,visit,,2025-08-15 20:37:00
11227,122,product_view,1080.0,2025-08-15 20:39:00
11228,122,add_to_cart,1080.0,2025-08-15 20:43:00
11229,739,visit,,2025-09-03 15:11:00
11230,352,visit,,2025-09-16 06:13:00
11231,352,product_view,1080.0,2025-09-16 06:16:00
11232,1402,visit,,2025-07-03 05:44:00
11233,62,visit,,2025-09-17 07:36:00
11234,62,product_view,1115.0,2025-09-17 07:40:00
11235,62,add_to_cart,1115.0,2025-09-17 07:43:00
11236,587,visit,,2025-08-06 08:08:00
11237,587,product_view,1069.0,2025-08-06 08:10:00
11238,477,visit,,2025-08-20 21:22:00
11239,477,product_view,1041.0,2025-08-20 21:24:00
11240,1133,visit,,2025-09-09 13:42:00
11241,1133,product_view,1094.0,2025-09-09 13:44:00
11242,319,visit,,2025-08-01 10:55:00
11243,319,product_view,1061.0,2025-08-01 10:57:00
11244,7,visit,,2025-09-19 05:03:00
11245,842,visit,,2025-07-25 07:17:00
11246,842,product_view,1055.0,2025-07-25 07:18:00
11247,842,add_to_cart,1055.0,2025-07-25 07:20:00
11248,842,checkout,1055.0,2025-07-25 07:22:00
11249,842,purchase,1055.0,2025-07-25 07:24:00
11250,704,visit,,2025-08-23 06:25:00
11251,704,product_view,1023.0,2025-08-23 06:30:00
11252,373,visit,,2025-07-28 06:23:00
11253,373,product_view,1114.0,2025-07-28 06:26:00
11254,373,add_to_cart,1114.0,2025-07-28 06:29:00
11255,373,checkout,1114.0,2025-07-28 06:32:00
11256,373,purchase,1114.0,2025-07-28 06:35:00
11257,417,visit,,2025-08-07 04:05:00
11258,417,product_view,1035.0,2025-08-07 04:09:00
11259,417,add_to_cart,1035.0,2025-08-07 04:12:00
11260,417,checkout,1035.0,2025-08-07 04:15:00
11261,417,purchase,1035.0,2025-08-07 04:18:00
11262,342,visit,,2025-07-11 20:35:00
11263,342,product_view,1098.0,2025-07-11 20:38:00
11264,342,add_to_cart,1098.0,2025-07-11 20:41:00
11265,342,checkout,1098.0,2025-07-11 20:44:00
11266,342,purchase,1098.0,2025-07-11 20:46:00
11267,331,visit,,2025-07-15 03:58:00
11268,331,product_view,1080.0,2025-07-15 04:02:00
11269,356,visit,,2025-08-02 21:24:00
11270,356,product_view,1116.0,2025-08-02 21:29:00
11271,1027,visit,,2025-07-23 08:28:00
11272,1027,product_view,1057.0,2025-07-23 08:31:00
11273,1027,add_to_cart,1057.0,2025-07-23 08:35:00
11274,1027,checkout,1057.0,2025-07-23 08:38:00
11275,1027,purchase,1057.0,2025-07-23 08:39:00
11276,492,visit,,2025-07-01 01:29:00
11277,492,product_view,1110.0,2025-07-01 01:30:00
11278,492,add_to_cart,1110.0,2025-07-01 01:31:00
11279,452,visit,,2025-08-05 15:56:00
11280,452,product_view,1110.0,2025-08-05 15:58:00
11281,452,add_to_cart,1110.0,2025-08-05 16:02:00
11282,1143,visit,,2025-08-03 10:47:00
11283,1143,product_view,1022.0,2025-08-03 10:48:00
11284,1143,add_to_cart,1022.0,2025-08-03 10:49:00
11285,1143,checkout,1022.0,2025-08-03 10:51:00
11286,489,visit,,2025-08-31 17:40:00
11287,489,product_view,1096.0,2025-08-31 17:44:00
11288,632,visit,,2025-07-07 20:04:00
11289,1295,visit,,2025-07-02 13:26:00
11290,1295,product_view,1054.0,2025-07-02 13:31:00
11291,1295,add_to_cart,1054.0,2025-07-02 13:32:00
11292,1295,checkout,1054.0,2025-07-02 13:35:00
11293,1295,purchase,1054.0,2025-07-02 13:36:00
11294,914,visit,,2025-08-09 19:06:00
11295,302,visit,,2025-07-09 16:58:00
11296,302,product_view,1103.0,2025-07-09 16:59:00
11297,302,add_to_cart,1103.0,2025-07-09 17:00:00
11298,302,checkout,1103.0,2025-07-09 17:02:00
11299,302,purchase,1103.0,2025-07-09 17:04:00
11300,19,visit,,2025-07-14 05:20:00
11301,19,product_view,1014.0,2025-07-14 05:22:00
11302,19,add_to_cart,1014.0,2025-07-14 05:23:00
11303,19,checkout,1014.0,2025-07-14 05:25:00
11304,384,visit,,2025-08-31 05:35:00
11305,1272,visit,,2025-08-23 16:14:00
11306,1272,product_view,1070.0,2025-08-23 16:15:00
11307,124,visit,,2025-08-20 02:16:00
11308,124,product_view,1071.0,2025-08-20 02:21:00
11309,124,add_to_cart,1071.0,2025-08-20 02:23:00
11310,124,checkout,1071.0,2025-08-20 02:25:00
11311,124,purchase,1071.0,2025-08-20 02:27:00
11312,1239,visit,,2025-09-20 14:32:00
11313,336,visit,,2025-07-08 20:04:00
11314,336,product_view,1005.0,2025-07-08 20:07:00
11315,280,visit,,2025-08-20 00:41:00
11316,280,product_view,1033.0,2025-08-20 00:45:00
11317,280,add_to_cart,1033.0,2025-08-20 00:49:00
11318,280,checkout,1033.0,2025-08-20 00:51:00
11319,280,purchase,1033.0,2025-08-20 00:52:00
11320,1444,visit,,2025-08-11 23:38:00
11321,1444,product_view,1119.0,2025-08-11 23:43:00
11322,1444,add_to_cart,1119.0,2025-08-11 23:46:00
11323,1429,visit,,2025-07-28 15:44:00
11324,1429,product_view,1056.0,2025-07-28 15:49:00
11325,1429,add_to_cart,1056.0,2025-07-28 15:51:00
11326,1429,checkout,1056.0,2025-07-28 15:53:00
11327,1429,purchase,1056.0,2025-07-28 15:56:00
11328,1352,visit,,2025-09-15 20:34:00
11329,1352,product_view,1106.0,2025-09-15 20:36:00
11330,1352,add_to_cart,1106.0,2025-09-15 20:40:00
11331,1352,checkout,1106.0,2025-09-15 20:42:00
11332,205,visit,,2025-08-17 18:13:00
11333,205,product_view,1006.0,2025-08-17 18:18:00
11334,205,add_to_cart,1006.0,2025-08-17 18:19:00
11335,471,visit,,2025-07-08 07:21:00
11336,889,visit,,2025-07-04 04:33:00
11337,889,product_view,1095.0,2025-07-04 04:38:00
11338,1268,visit,,2025-08-19 13:45:00
11339,1268,product_view,1081.0,2025-08-19 13:50:00
11340,1268,add_to_cart,1081.0,2025-08-19 13:53:00
11341,1268,checkout,1081.0,2025-08-19 13:55:00
11342,805,visit,,2025-09-01 10:54:00
11343,805,product_view,1003.0,2025-09-01 10:56:00
11344,805,add_to_cart,1003.0,2025-09-01 10:57:00
11345,805,checkout,1003.0,2025-09-01 10:58:00
11346,805,purchase,1003.0,2025-09-01 11:01:00
11347,778,visit,,2025-09-22 09:58:00
11348,778,product_view,1040.0,2025-09-22 09:59:00
11349,268,visit,,2025-08-05 11:37:00
11350,268,product_view,1110.0,2025-08-05 11:42:00
11351,268,add_to_cart,1110.0,2025-08-05 11:44:00
11352,268,checkout,1110.0,2025-08-05 11:46:00
11353,268,purchase,1110.0,2025-08-05 11:47:00
11354,1313,visit,,2025-08-30 14:48:00
11355,1313,product_view,1032.0,2025-08-30 14:53:00
11356,1313,add_to_cart,1032.0,2025-08-30 14:57:00
11357,855,visit,,2025-09-26 11:49:00
11358,855,product_view,1118.0,2025-09-26 11:53:00
11359,996,visit,,2025-08-02 17:51:00
11360,996,product_view,1113.0,2025-08-02 17:54:00
11361,317,visit,,2025-07-10 05:10:00
11362,1129,visit,,2025-08-07 13:29:00
11363,1129,product_view,1107.0,2025-08-07 13:30:00
11364,1129,add_to_cart,1107.0,2025-08-07 13:34:00
11365,348,visit,,2025-07-21 15:37:00
11366,348,product_view,1110.0,2025-07-21 15:39:00
11367,1153,visit,,2025-08-24 10:56:00
11368,1153,product_view,1088.0,2025-08-24 11:01:00
11369,1153,add_to_cart,1088.0,2025-08-24 11:04:00
11370,1198,visit,,2025-09-11 19:03:00
11371,1198,product_view,1120.0,2025-09-11 19:05:00
11372,696,visit,,2025-07-05 14:00:00
11373,696,product_view,1035.0,2025-07-05 14:03:00
11374,702,visit,,2025-07-11 04:18:00
11375,702,product_view,1074.0,2025-07-11 04:23:00
11376,963,visit,,2025-08-10 07:53:00
11377,963,product_view,1114.0,2025-08-10 07:56:00
11378,963,add_to_cart,1114.0,2025-08-10 07:58:00
11379,1246,visit,,2025-08-31 12:45:00
11380,1246,product_view,1112.0,2025-08-31 12:47:00
11381,855,visit,,2025-08-09 04:46:00
11382,855,product_view,1010.0,2025-08-09 04:48:00
11383,855,add_to_cart,1010.0,2025-08-09 04:49:00
11384,855,checkout,1010.0,2025-08-09 04:50:00
11385,855,purchase,1010.0,2025-08-09 04:51:00
11386,540,visit,,2025-08-22 02:04:00
11387,540,product_view,1114.0,2025-08-22 02:08:00
11388,540,add_to_cart,1114.0,2025-08-22 02:10:00
11389,540,checkout,1114.0,2025-08-22 02:13:00
11390,540,purchase,1114.0,2025-08-22 02:15:00
11391,1236,visit,,2025-07-25 21:13:00
11392,1236,product_view,1115.0,2025-07-25 21:14:00
11393,1236,add_to_cart,1115.0,2025-07-25 21:15:00
11394,1236,checkout,1115.0,2025-07-25 21:17:00
11395,1236,purchase,1115.0,2025-07-25 21:18:00
11396,1388,visit,,2025-07-08 16:52:00
11397,1388,product_view,1030.0,2025-07-08 16:55:00
11398,1388,add_to_cart,1030.0,2025-07-08 16:58:00
11399,1388,checkout,1030.0,2025-07-08 17:01:00
11400,881,visit,,2025-09-24 05:43:00
11401,881,product_view,1007.0,2025-09-24 05:48:00
11402,179,visit,,2025-08-30 17:34:00
11403,179,product_view,1029.0,2025-08-30 17:36:00
11404,137,visit,,2025-09-13 07:59:00
11405,137,product_view,1005.0,2025-09-13 08:03:00
11406,137,add_to_cart,1005.0,2025-09-13 08:07:00
11407,932,visit,,2025-08-23 10:48:00
11408,774,visit,,2025-08-15 11:19:00
11409,774,product_view,1040.0,2025-08-15 11:20:00
11410,774,add_to_cart,1040.0,2025-08-15 11:21:00
11411,774,checkout,1040.0,2025-08-15 11:24:00
11412,774,purchase,1040.0,2025-08-15 11:26:00
11413,1479,visit,,2025-07-14 01:08:00
11414,1479,product_view,1015.0,2025-07-14 01:10:00
11415,761,visit,,2025-07-31 01:34:00
11416,761,product_view,1027.0,2025-07-31 01:36:00
11417,761,add_to_cart,1027.0,2025-07-31 01:38:00
11418,761,checkout,1027.0,2025-07-31 01:39:00
11419,761,purchase,1027.0,2025-07-31 01:42:00
11420,144,visit,,2025-09-22 16:20:00
11421,144,product_view,1040.0,2025-09-22 16:21:00
11422,144,add_to_cart,1040.0,2025-09-22 16:23:00
11423,144,checkout,1040.0,2025-09-22 16:24:00
11424,144,purchase,1040.0,2025-09-22 16:26:00
11425,790,visit,,2025-08-06 22:06:00
11426,790,product_view,1057.0,2025-08-06 22:07:00
11427,609,visit,,2025-09-03 15:27:00
11428,609,product_view,1040.0,2025-09-03 15:31:00
11429,1152,visit,,2025-08-02 21:08:00
11430,1152,product_view,1032.0,2025-08-02 21:13:00
11431,1152,add_to_cart,1032.0,2025-08-02 21:14:00
11432,1152,checkout,1032.0,2025-08-02 21:16:00
11433,1152,purchase,1032.0,2025-08-02 21:19:00
11434,979,visit,,2025-07-22 11:10:00
11435,979,product_view,1118.0,2025-07-22 11:12:00
11436,979,add_to_cart,1118.0,2025-07-22 11:15:00
11437,979,checkout,1118.0,2025-07-22 11:16:00
11438,979,purchase,1118.0,2025-07-22 11:17:00
11439,767,visit,,2025-07-24 17:16:00
11440,767,product_view,1070.0,2025-07-24 17:21:00
11441,174,visit,,2025-09-24 22:37:00
11442,615,visit,,2025-09-16 11:05:00
11443,615,product_view,1107.0,2025-09-16 11:08:00
11444,138,visit,,2025-09-29 22:37:00
11445,138,product_view,1096.0,2025-09-29 22:41:00
11446,601,visit,,2025-08-25 08:49:00
11447,601,product_view,1039.0,2025-08-25 08:51:00
11448,13,visit,,2025-08-03 02:23:00
11449,13,product_view,1004.0,2025-08-03 02:25:00
11450,1078,visit,,2025-09-02 17:23:00
11451,1078,product_view,1049.0,2025-09-02 17:27:00
11452,142,visit,,2025-09-14 15:48:00
11453,142,product_view,1065.0,2025-09-14 15:51:00
11454,256,visit,,2025-09-26 09:24:00
11455,256,product_view,1115.0,2025-09-26 09:25:00
11456,1262,visit,,2025-07-30 13:31:00
11457,1262,product_view,1087.0,2025-07-30 13:34:00
11458,263,visit,,2025-09-03 22:01:00
11459,263,product_view,1117.0,2025-09-03 22:04:00
11460,946,visit,,2025-07-05 20:31:00
11461,946,product_view,1062.0,2025-07-05 20:35:00
11462,946,add_to_cart,1062.0,2025-07-05 20:37:00
11463,946,checkout,1062.0,2025-07-05 20:38:00
11464,946,purchase,1062.0,2025-07-05 20:40:00
11465,999,visit,,2025-09-18 04:51:00
11466,999,product_view,1076.0,2025-09-18 04:52:00
11467,999,add_to_cart,1076.0,2025-09-18 04:55:00
11468,999,checkout,1076.0,2025-09-18 04:57:00
11469,1000,visit,,2025-08-06 20:11:00
11470,1000,product_view,1045.0,2025-08-06 20:13:00
11471,1151,visit,,2025-08-21 15:43:00
11472,694,visit,,2025-07-12 11:43:00
11473,694,product_view,1118.0,2025-07-12 11:47:00
11474,694,add_to_cart,1118.0,2025-07-12 11:48:00
11475,694,checkout,1118.0,2025-07-12 11:51:00
11476,694,purchase,1118.0,2025-07-12 11:54:00
11477,748,visit,,2025-08-23 21:26:00
11478,748,product_view,1107.0,2025-08-23 21:30:00
11479,748,add_to_cart,1107.0,2025-08-23 21:33:00
11480,1159,visit,,2025-08-23 23:15:00
11481,1159,product_view,1031.0,2025-08-23 23:19:00
11482,700,visit,,2025-08-17 10:07:00
11483,700,product_view,1073.0,2025-08-17 10:08:00
11484,147,visit,,2025-07-27 18:21:00
11485,147,product_view,1029.0,2025-07-27 18:23:00
11486,147,add_to_cart,1029.0,2025-07-27 18:26:00
11487,153,visit,,2025-07-20 11:25:00
11488,153,product_view,1066.0,2025-07-20 11:26:00
11489,167,visit,,2025-09-21 22:27:00
11490,924,visit,,2025-08-09 17:53:00
11491,924,product_view,1109.0,2025-08-09 17:57:00
11492,1134,visit,,2025-09-06 15:36:00
11493,1134,product_view,1039.0,2025-09-06 15:41:00
11494,837,visit,,2025-07-26 02:36:00
11495,837,product_view,1095.0,2025-07-26 02:38:00
11496,837,add_to_cart,1095.0,2025-07-26 02:40:00
11497,837,checkout,1095.0,2025-07-26 02:41:00
11498,837,purchase,1095.0,2025-07-26 02:42:00
11499,1169,visit,,2025-07-24 05:48:00
11500,1169,product_view,1113.0,2025-07-24 05:53:00
11501,865,visit,,2025-07-18 07:00:00
11502,275,visit,,2025-08-06 12:37:00
11503,21,visit,,2025-09-01 12:13:00
11504,1241,visit,,2025-09-12 16:55:00
11505,1241,product_view,1012.0,2025-09-12 16:59:00
11506,1335,visit,,2025-09-06 11:42:00
11507,1335,product_view,1003.0,2025-09-06 11:46:00
11508,1335,add_to_cart,1003.0,2025-09-06 11:48:00
11509,1335,checkout,1003.0,2025-09-06 11:49:00
11510,1335,purchase,1003.0,2025-09-06 11:51:00
11511,964,visit,,2025-09-21 23:22:00
11512,964,product_view,1027.0,2025-09-21 23:25:00
11513,964,add_to_cart,1027.0,2025-09-21 23:28:00
11514,964,checkout,1027.0,2025-09-21 23:31:00
11515,964,purchase,1027.0,2025-09-21 23:32:00
11516,611,visit,,2025-07-02 22:02:00
11517,611,product_view,1113.0,2025-07-02 22:04:00
11518,611,add_to_cart,1113.0,2025-07-02 22:05:00
11519,611,checkout,1113.0,2025-07-02 22:06:00
11520,611,purchase,1113.0,2025-07-02 22:09:00
11521,1453,visit,,2025-08-08 22:24:00
11522,1453,product_view,1057.0,2025-08-08 22:27:00
11523,1453,add_to_cart,1057.0,2025-08-08 22:29:00
11524,847,visit,,2025-07-15 17:32:00
11525,847,product_view,1011.0,2025-07-15 17:34:00
11526,847,add_to_cart,1011.0,2025-07-15 17:36:00
11527,1107,visit,,2025-09-26 13:54:00
11528,1107,product_view,1001.0,2025-09-26 13:59:00
11529,1107,add_to_cart,1001.0,2025-09-26 14:03:00
11530,1355,visit,,2025-09-10 10:12:00
11531,1362,visit,,2025-07-09 22:06:00
11532,1362,product_view,1112.0,2025-07-09 22:08:00
11533,1362,add_to_cart,1112.0,2025-07-09 22:09:00
11534,1362,checkout,1112.0,2025-07-09 22:12:00
11535,1362,purchase,1112.0,2025-07-09 22:13:00
11536,802,visit,,2025-08-19 12:14:00
11537,802,product_view,1055.0,2025-08-19 12:19:00
11538,802,add_to_cart,1055.0,2025-08-19 12:21:00
11539,802,checkout,1055.0,2025-08-19 12:24:00
11540,802,purchase,1055.0,2025-08-19 12:26:00
11541,1191,visit,,2025-08-05 10:00:00
11542,1191,product_view,1066.0,2025-08-05 10:04:00
11543,1469,visit,,2025-09-24 21:38:00
11544,1469,product_view,1023.0,2025-09-24 21:39:00
11545,1005,visit,,2025-07-28 11:40:00
11546,1005,product_view,1047.0,2025-07-28 11:41:00
11547,319,visit,,2025-08-02 23:21:00
11548,319,product_view,1091.0,2025-08-02 23:25:00
11549,676,visit,,2025-08-27 03:37:00
11550,676,product_view,1054.0,2025-08-27 03:38:00
11551,1499,visit,,2025-07-07 11:25:00
11552,1499,product_view,1032.0,2025-07-07 11:30:00
11553,1499,add_to_cart,1032.0,2025-07-07 11:31:00
11554,1499,checkout,1032.0,2025-07-07 11:33:00
11555,1499,purchase,1032.0,2025-07-07 11:35:00
11556,599,visit,,2025-09-08 19:04:00
11557,599,product_view,1102.0,2025-09-08 19:06:00
11558,1228,visit,,2025-07-31 16:32:00
11559,9,visit,,2025-07-10 10:07:00
11560,9,product_view,1117.0,2025-07-10 10:11:00
11561,9,add_to_cart,1117.0,2025-07-10 10:15:00
11562,9,checkout,1117.0,2025-07-10 10:16:00
11563,9,purchase,1117.0,2025-07-10 10:19:00
11564,837,visit,,2025-08-15 14:26:00
11565,837,product_view,1110.0,2025-08-15 14:28:00
11566,837,add_to_cart,1110.0,2025-08-15 14:30:00
11567,1441,visit,,2025-08-19 03:53:00
11568,1441,product_view,1104.0,2025-08-19 03:56:00
11569,1451,visit,,2025-09-11 21:52:00
11570,1451,product_view,1119.0,2025-09-11 21:54:00
11571,1151,visit,,2025-08-03 18:49:00
11572,1151,product_view,1110.0,2025-08-03 18:52:00
11573,656,visit,,2025-08-31 13:55:00
11574,656,product_view,1059.0,2025-08-31 13:57:00
11575,1098,visit,,2025-08-25 10:40:00
11576,1098,product_view,1109.0,2025-08-25 10:41:00
11577,1194,visit,,2025-07-12 22:23:00
11578,1194,product_view,1109.0,2025-07-12 22:27:00
11579,1056,visit,,2025-07-19 06:36:00
11580,1056,product_view,1025.0,2025-07-19 06:39:00
11581,1211,visit,,2025-07-25 12:51:00
11582,1211,product_view,1097.0,2025-07-25 12:52:00
11583,584,visit,,2025-07-20 20:29:00
11584,584,product_view,1012.0,2025-07-20 20:33:00
11585,584,add_to_cart,1012.0,2025-07-20 20:36:00
11586,840,visit,,2025-09-29 16:31:00
11587,840,product_view,1005.0,2025-09-29 16:35:00
11588,840,add_to_cart,1005.0,2025-09-29 16:37:00
11589,840,checkout,1005.0,2025-09-29 16:38:00
11590,1459,visit,,2025-09-09 17:06:00
11591,324,visit,,2025-09-12 19:27:00
11592,324,product_view,1002.0,2025-09-12 19:31:00
11593,324,add_to_cart,1002.0,2025-09-12 19:33:00
11594,324,checkout,1002.0,2025-09-12 19:34:00
11595,324,purchase,1002.0,2025-09-12 19:36:00
11596,605,visit,,2025-08-02 16:14:00
11597,769,visit,,2025-08-23 15:00:00
11598,769,product_view,1047.0,2025-08-23 15:01:00
11599,1427,visit,,2025-08-14 12:42:00
11600,1005,visit,,2025-08-06 06:37:00
11601,1005,product_view,1104.0,2025-08-06 06:41:00
11602,1005,add_to_cart,1104.0,2025-08-06 06:44:00
11603,1005,checkout,1104.0,2025-08-06 06:46:00
11604,1005,purchase,1104.0,2025-08-06 06:47:00
11605,804,visit,,2025-09-15 00:37:00
11606,700,visit,,2025-08-24 17:41:00
11607,700,product_view,1035.0,2025-08-24 17:43:00
11608,103,visit,,2025-08-15 16:32:00
11609,103,product_view,1097.0,2025-08-15 16:33:00
11610,103,add_to_cart,1097.0,2025-08-15 16:35:00
11611,103,checkout,1097.0,2025-08-15 16:36:00
11612,103,purchase,1097.0,2025-08-15 16:39:00
11613,866,visit,,2025-08-23 04:20:00
11614,866,product_view,1108.0,2025-08-23 04:24:00
11615,100,visit,,2025-07-05 18:20:00
11616,100,product_view,1088.0,2025-07-05 18:23:00
11617,100,add_to_cart,1088.0,2025-07-05 18:24:00
11618,791,visit,,2025-08-10 19:50:00
11619,791,product_view,1016.0,2025-08-10 19:51:00
11620,791,add_to_cart,1016.0,2025-08-10 19:52:00
11621,1376,visit,,2025-07-05 14:13:00
11622,1376,product_view,1008.0,2025-07-05 14:16:00
11623,1376,add_to_cart,1008.0,2025-07-05 14:20:00
11624,1453,visit,,2025-09-19 09:46:00
11625,1453,product_view,1030.0,2025-09-19 09:48:00
11626,1173,visit,,2025-09-12 20:02:00
11627,1173,product_view,1030.0,2025-09-12 20:05:00
11628,1173,add_to_cart,1030.0,2025-09-12 20:06:00
11629,1173,checkout,1030.0,2025-09-12 20:08:00
11630,775,visit,,2025-07-09 16:14:00
11631,775,product_view,1064.0,2025-07-09 16:16:00
11632,718,visit,,2025-07-17 21:34:00
11633,718,product_view,1038.0,2025-07-17 21:36:00
11634,718,add_to_cart,1038.0,2025-07-17 21:37:00
11635,718,checkout,1038.0,2025-07-17 21:40:00
11636,718,purchase,1038.0,2025-07-17 21:41:00
11637,1232,visit,,2025-07-02 18:18:00
11638,1232,product_view,1039.0,2025-07-02 18:23:00
11639,1232,add_to_cart,1039.0,2025-07-02 18:25:00
11640,1232,checkout,1039.0,2025-07-02 18:27:00
11641,1232,purchase,1039.0,2025-07-02 18:30:00
11642,75,visit,,2025-09-26 07:48:00
11643,75,product_view,1094.0,2025-09-26 07:50:00
11644,1454,visit,,2025-09-25 13:29:00
11645,1454,product_view,1058.0,2025-09-25 13:33:00
11646,1454,add_to_cart,1058.0,2025-09-25 13:37:00
11647,1491,visit,,2025-09-12 10:57:00
11648,146,visit,,2025-07-26 09:01:00
11649,146,product_view,1115.0,2025-07-26 09:06:00
11650,964,visit,,2025-07-28 17:29:00
11651,964,product_view,1071.0,2025-07-28 17:31:00
11652,964,add_to_cart,1071.0,2025-07-28 17:32:00
11653,964,checkout,1071.0,2025-07-28 17:34:00
11654,964,purchase,1071.0,2025-07-28 17:37:00
11655,1361,visit,,2025-09-20 19:55:00
11656,1361,product_view,1027.0,2025-09-20 19:59:00
11657,370,visit,,2025-08-18 07:32:00
11658,370,product_view,1050.0,2025-08-18 07:33:00
11659,370,add_to_cart,1050.0,2025-08-18 07:36:00
11660,1146,visit,,2025-09-09 10:07:00
11661,1146,product_view,1011.0,2025-09-09 10:08:00
11662,1146,add_to_cart,1011.0,2025-09-09 10:12:00
11663,1146,checkout,1011.0,2025-09-09 10:13:00
11664,1146,purchase,1011.0,2025-09-09 10:15:00
11665,927,visit,,2025-07-10 18:08:00
11666,1362,visit,,2025-09-09 19:08:00
11667,1362,product_view,1072.0,2025-09-09 19:10:00
11668,1362,add_to_cart,1072.0,2025-09-09 19:12:00
11669,1362,checkout,1072.0,2025-09-09 19:14:00
11670,1362,purchase,1072.0,2025-09-09 19:16:00
11671,69,visit,,2025-09-03 19:48:00
11672,488,visit,,2025-07-02 06:26:00
11673,488,product_view,1087.0,2025-07-02 06:30:00
11674,488,add_to_cart,1087.0,2025-07-02 06:34:00
11675,488,checkout,1087.0,2025-07-02 06:37:00
11676,488,purchase,1087.0,2025-07-02 06:40:00
11677,1357,visit,,2025-07-23 12:20:00
11678,1357,product_view,1119.0,2025-07-23 12:24:00
11679,1357,add_to_cart,1119.0,2025-07-23 12:28:00
11680,1357,checkout,1119.0,2025-07-23 12:30:00
11681,1357,purchase,1119.0,2025-07-23 12:32:00
11682,745,visit,,2025-09-27 23:19:00
11683,745,product_view,1013.0,2025-09-27 23:23:00
11684,745,add_to_cart,1013.0,2025-09-27 23:25:00
11685,745,checkout,1013.0,2025-09-27 23:28:00
11686,745,purchase,1013.0,2025-09-27 23:30:00
11687,1062,visit,,2025-07-19 10:08:00
11688,1062,product_view,1069.0,2025-07-19 10:13:00
11689,100,visit,,2025-07-15 16:23:00
11690,211,visit,,2025-07-15 10:47:00
11691,211,product_view,1105.0,2025-07-15 10:49:00
11692,1113,visit,,2025-08-14 02:20:00
11693,1113,product_view,1111.0,2025-08-14 02:23:00
11694,1013,visit,,2025-09-22 11:03:00
11695,1013,product_view,1005.0,2025-09-22 11:08:00
11696,1013,add_to_cart,1005.0,2025-09-22 11:10:00
11697,1013,checkout,1005.0,2025-09-22 11:11:00
11698,1194,visit,,2025-08-03 13:20:00
11699,1194,product_view,1029.0,2025-08-03 13:22:00
11700,656,visit,,2025-08-24 01:15:00
11701,613,visit,,2025-08-14 12:12:00
11702,613,product_view,1096.0,2025-08-14 12:14:00
11703,1184,visit,,2025-08-01 09:39:00
11704,737,visit,,2025-08-05 10:28:00
11705,737,product_view,1018.0,2025-08-05 10:29:00
11706,737,add_to_cart,1018.0,2025-08-05 10:32:00
11707,1087,visit,,2025-07-18 12:12:00
11708,1087,product_view,1082.0,2025-07-18 12:13:00
11709,415,visit,,2025-07-22 08:43:00
11710,415,product_view,1103.0,2025-07-22 08:45:00
11711,415,add_to_cart,1103.0,2025-07-22 08:49:00
11712,415,checkout,1103.0,2025-07-22 08:52:00
11713,799,visit,,2025-07-21 22:59:00
11714,799,product_view,1099.0,2025-07-21 23:03:00
11715,948,visit,,2025-08-02 15:26:00
11716,948,product_view,1095.0,2025-08-02 15:28:00
11717,442,visit,,2025-08-30 00:13:00
11718,442,product_view,1081.0,2025-08-30 00:16:00
11719,572,visit,,2025-09-10 14:48:00
11720,380,visit,,2025-09-06 03:36:00
11721,388,visit,,2025-07-16 19:09:00
11722,388,product_view,1118.0,2025-07-16 19:14:00
11723,185,visit,,2025-07-23 22:14:00
11724,185,product_view,1099.0,2025-07-23 22:15:00
11725,803,visit,,2025-08-14 07:43:00
11726,803,product_view,1024.0,2025-08-14 07:44:00
11727,739,visit,,2025-08-13 11:17:00
11728,739,product_view,1036.0,2025-08-13 11:22:00
11729,652,visit,,2025-09-06 07:05:00
11730,652,product_view,1069.0,2025-09-06 07:06:00
11731,652,add_to_cart,1069.0,2025-09-06 07:08:00
11732,652,checkout,1069.0,2025-09-06 07:09:00
11733,652,purchase,1069.0,2025-09-06 07:10:00
11734,309,visit,,2025-08-30 06:20:00
11735,309,product_view,1056.0,2025-08-30 06:25:00
11736,309,add_to_cart,1056.0,2025-08-30 06:29:00
11737,309,checkout,1056.0,2025-08-30 06:32:00
11738,738,visit,,2025-07-13 13:53:00
11739,738,product_view,1057.0,2025-07-13 13:58:00
11740,1340,visit,,2025-07-12 06:09:00
11741,1340,product_view,1018.0,2025-07-12 06:12:00
11742,1340,add_to_cart,1018.0,2025-07-12 06:16:00
11743,1340,checkout,1018.0,2025-07-12 06:19:00
11744,1340,purchase,1018.0,2025-07-12 06:22:00
11745,791,visit,,2025-09-19 06:19:00
11746,791,product_view,1038.0,2025-09-19 06:20:00
11747,1073,visit,,2025-09-07 05:13:00
11748,1073,product_view,1106.0,2025-09-07 05:15:00
11749,1115,visit,,2025-07-23 16:38:00
11750,1115,product_view,1057.0,2025-07-23 16:41:00
11751,1115,add_to_cart,1057.0,2025-07-23 16:43:00
11752,1115,checkout,1057.0,2025-07-23 16:44:00
11753,1115,purchase,1057.0,2025-07-23 16:45:00
11754,1135,visit,,2025-08-19 01:06:00
11755,1135,product_view,1038.0,2025-08-19 01:10:00
11756,312,visit,,2025-07-02 07:13:00
11757,312,product_view,1066.0,2025-07-02 07:17:00
11758,312,add_to_cart,1066.0,2025-07-02 07:18:00
11759,312,checkout,1066.0,2025-07-02 07:20:00
11760,1368,visit,,2025-08-06 18:05:00
11761,1368,product_view,1064.0,2025-08-06 18:09:00
11762,491,visit,,2025-09-22 22:14:00
11763,1393,visit,,2025-07-30 03:03:00
11764,1393,product_view,1005.0,2025-07-30 03:04:00
11765,1393,add_to_cart,1005.0,2025-07-30 03:06:00
11766,884,visit,,2025-07-19 16:17:00
11767,884,product_view,1023.0,2025-07-19 16:20:00
11768,884,add_to_cart,1023.0,2025-07-19 16:23:00
11769,1093,visit,,2025-08-12 14:39:00
11770,775,visit,,2025-07-21 18:22:00
11771,775,product_view,1020.0,2025-07-21 18:23:00
11772,1048,visit,,2025-09-06 13:05:00
11773,1048,product_view,1040.0,2025-09-06 13:09:00
11774,1352,visit,,2025-07-08 05:55:00
11775,1352,product_view,1102.0,2025-07-08 05:56:00
11776,1352,add_to_cart,1102.0,2025-07-08 05:57:00
11777,1352,checkout,1102.0,2025-07-08 05:59:00
11778,1352,purchase,1102.0,2025-07-08 06:02:00
11779,409,visit,,2025-09-20 19:06:00
11780,1473,visit,,2025-07-18 09:17:00
11781,1473,product_view,1049.0,2025-07-18 09:18:00
11782,1473,add_to_cart,1049.0,2025-07-18 09:22:00
11783,1473,checkout,1049.0,2025-07-18 09:24:00
11784,1473,purchase,1049.0,2025-07-18 09:26:00
11785,303,visit,,2025-07-10 13:22:00
11786,303,product_view,1117.0,2025-07-10 13:24:00
11787,561,visit,,2025-07-28 16:36:00
11788,561,product_view,1020.0,2025-07-28 16:39:00
11789,29,visit,,2025-07-10 02:41:00
11790,1408,visit,,2025-07-22 19:33:00
11791,1408,product_view,1060.0,2025-07-22 19:35:00
11792,1408,add_to_cart,1060.0,2025-07-22 19:36:00
11793,1309,visit,,2025-07-04 13:27:00
11794,1309,product_view,1120.0,2025-07-04 13:30:00
11795,1309,add_to_cart,1120.0,2025-07-04 13:32:00
11796,1346,visit,,2025-07-16 15:48:00
11797,1346,product_view,1026.0,2025-07-16 15:52:00
11798,649,visit,,2025-08-02 23:51:00
11799,649,product_view,1046.0,2025-08-02 23:56:00
11800,1132,visit,,2025-07-22 09:48:00
11801,1132,product_view,1089.0,2025-07-22 09:50:00
11802,1132,add_to_cart,1089.0,2025-07-22 09:52:00
11803,1132,checkout,1089.0,2025-07-22 09:55:00
11804,148,visit,,2025-09-22 05:03:00
11805,148,product_view,1046.0,2025-09-22 05:06:00
11806,148,add_to_cart,1046.0,2025-09-22 05:10:00
11807,1122,visit,,2025-07-16 05:26:00
11808,1122,product_view,1001.0,2025-07-16 05:28:00
11809,1122,add_to_cart,1001.0,2025-07-16 05:29:00
11810,117,visit,,2025-07-30 22:08:00
11811,117,product_view,1062.0,2025-07-30 22:13:00
11812,117,add_to_cart,1062.0,2025-07-30 22:16:00
11813,117,checkout,1062.0,2025-07-30 22:17:00
11814,1410,visit,,2025-07-22 11:02:00
11815,1410,product_view,1097.0,2025-07-22 11:04:00
11816,1410,add_to_cart,1097.0,2025-07-22 11:08:00
11817,491,visit,,2025-07-30 16:18:00
11818,491,product_view,1072.0,2025-07-30 16:20:00
11819,491,add_to_cart,1072.0,2025-07-30 16:24:00
11820,491,checkout,1072.0,2025-07-30 16:25:00
11821,491,purchase,1072.0,2025-07-30 16:28:00
11822,317,visit,,2025-09-10 11:47:00
11823,317,product_view,1108.0,2025-09-10 11:49:00
11824,317,add_to_cart,1108.0,2025-09-10 11:50:00
11825,317,checkout,1108.0,2025-09-10 11:53:00
11826,317,purchase,1108.0,2025-09-10 11:54:00
11827,1140,visit,,2025-09-22 07:53:00
11828,1140,product_view,1053.0,2025-09-22 07:54:00
11829,1140,add_to_cart,1053.0,2025-09-22 07:55:00
11830,1140,checkout,1053.0,2025-09-22 07:56:00
11831,558,visit,,2025-09-24 16:54:00
11832,558,product_view,1120.0,2025-09-24 16:55:00
11833,558,add_to_cart,1120.0,2025-09-24 16:56:00
11834,242,visit,,2025-07-17 06:29:00
11835,242,product_view,1072.0,2025-07-17 06:30:00
11836,242,add_to_cart,1072.0,2025-07-17 06:31:00
11837,242,checkout,1072.0,2025-07-17 06:33:00
11838,242,purchase,1072.0,2025-07-17 06:36:00
11839,475,visit,,2025-07-14 22:04:00
11840,475,product_view,1073.0,2025-07-14 22:08:00
11841,1463,visit,,2025-07-04 06:45:00
11842,1463,product_view,1002.0,2025-07-04 06:49:00
11843,1463,add_to_cart,1002.0,2025-07-04 06:52:00
11844,1086,visit,,2025-08-12 21:59:00
11845,1086,product_view,1051.0,2025-08-12 22:01:00
11846,1086,add_to_cart,1051.0,2025-08-12 22:04:00
11847,1086,checkout,1051.0,2025-08-12 22:06:00
11848,1086,purchase,1051.0,2025-08-12 22:07:00
11849,277,visit,,2025-08-20 12:46:00
11850,277,product_view,1029.0,2025-08-20 12:49:00
11851,963,visit,,2025-07-14 04:00:00
11852,963,product_view,1034.0,2025-07-14 04:05:00
11853,963,add_to_cart,1034.0,2025-07-14 04:09:00
11854,963,checkout,1034.0,2025-07-14 04:10:00
11855,963,purchase,1034.0,2025-07-14 04:11:00
11856,272,visit,,2025-09-07 21:37:00
11857,272,product_view,1102.0,2025-09-07 21:38:00
11858,272,add_to_cart,1102.0,2025-09-07 21:40:00
11859,240,visit,,2025-07-03 04:25:00
11860,240,product_view,1052.0,2025-07-03 04:28:00
11861,240,add_to_cart,1052.0,2025-07-03 04:32:00
11862,240,checkout,1052.0,2025-07-03 04:35:00
11863,858,visit,,2025-08-07 17:59:00
11864,858,product_view,1072.0,2025-08-07 18:00:00
11865,858,add_to_cart,1072.0,2025-08-07 18:04:00
11866,858,checkout,1072.0,2025-08-07 18:05:00
11867,858,purchase,1072.0,2025-08-07 18:06:00
11868,1327,visit,,2025-07-09 07:21:00
11869,1327,product_view,1071.0,2025-07-09 07:25:00
11870,321,visit,,2025-09-04 07:48:00
11871,321,product_view,1079.0,2025-09-04 07:49:00
11872,321,add_to_cart,1079.0,2025-09-04 07:52:00
11873,321,checkout,1079.0,2025-09-04 07:54:00
11874,321,purchase,1079.0,2025-09-04 07:57:00
11875,86,visit,,2025-09-22 17:22:00
11876,86,product_view,1067.0,2025-09-22 17:27:00
11877,959,visit,,2025-07-31 09:45:00
11878,191,visit,,2025-08-02 19:51:00
11879,191,product_view,1011.0,2025-08-02 19:54:00
11880,191,add_to_cart,1011.0,2025-08-02 19:57:00
11881,191,checkout,1011.0,2025-08-02 19:59:00
11882,191,purchase,1011.0,2025-08-02 20:02:00
11883,949,visit,,2025-08-05 18:39:00
11884,949,product_view,1005.0,2025-08-05 18:43:00
11885,949,add_to_cart,1005.0,2025-08-05 18:44:00
11886,949,checkout,1005.0,2025-08-05 18:46:00
11887,798,visit,,2025-08-13 18:30:00
11888,478,visit,,2025-08-19 03:49:00
11889,1359,visit,,2025-09-26 08:01:00
11890,1359,product_view,1026.0,2025-09-26 08:03:00
11891,823,visit,,2025-09-13 03:59:00
11892,823,product_view,1070.0,2025-09-13 04:00:00
11893,823,add_to_cart,1070.0,2025-09-13 04:01:00
11894,1018,visit,,2025-08-10 13:39:00
11895,1018,product_view,1114.0,2025-08-10 13:41:00
11896,1018,add_to_cart,1114.0,2025-08-10 13:43:00
11897,1403,visit,,2025-09-23 16:29:00
11898,1403,product_view,1065.0,2025-09-23 16:30:00
11899,870,visit,,2025-09-12 18:06:00
11900,870,product_view,1119.0,2025-09-12 18:11:00
11901,870,add_to_cart,1119.0,2025-09-12 18:13:00
11902,870,checkout,1119.0,2025-09-12 18:15:00
11903,244,visit,,2025-08-03 17:54:00
11904,244,product_view,1005.0,2025-08-03 17:59:00
11905,860,visit,,2025-07-15 04:24:00
11906,860,product_view,1058.0,2025-07-15 04:28:00
11907,1125,visit,,2025-07-09 17:09:00
11908,1125,product_view,1107.0,2025-07-09 17:14:00
11909,341,visit,,2025-09-01 17:39:00
11910,341,product_view,1109.0,2025-09-01 17:44:00
11911,341,add_to_cart,1109.0,2025-09-01 17:46:00
11912,341,checkout,1109.0,2025-09-01 17:49:00
11913,341,purchase,1109.0,2025-09-01 17:52:00
11914,53,visit,,2025-09-06 09:06:00
11915,53,product_view,1082.0,2025-09-06 09:09:00
11916,1148,visit,,2025-08-12 11:12:00
11917,1148,product_view,1100.0,2025-08-12 11:14:00
11918,1148,add_to_cart,1100.0,2025-08-12 11:17:00
11919,1148,checkout,1100.0,2025-08-12 11:19:00
11920,1148,purchase,1100.0,2025-08-12 11:22:00
11921,755,visit,,2025-08-21 15:01:00
11922,755,product_view,1073.0,2025-08-21 15:02:00
11923,755,add_to_cart,1073.0,2025-08-21 15:05:00
11924,755,checkout,1073.0,2025-08-21 15:08:00
11925,196,visit,,2025-08-09 00:00:00
11926,196,product_view,1035.0,2025-08-09 00:03:00
11927,196,add_to_cart,1035.0,2025-08-09 00:07:00
11928,196,checkout,1035.0,2025-08-09 00:08:00
11929,196,purchase,1035.0,2025-08-09 00:09:00
11930,1489,visit,,2025-08-09 01:28:00
11931,1489,product_view,1055.0,2025-08-09 01:33:00
11932,1489,add_to_cart,1055.0,2025-08-09 01:37:00
11933,1489,checkout,1055.0,2025-08-09 01:38:00
11934,1489,purchase,1055.0,2025-08-09 01:41:00
11935,1356,visit,,2025-08-12 23:50:00
11936,1356,product_view,1115.0,2025-08-12 23:54:00
11937,548,visit,,2025-09-14 22:31:00
11938,548,product_view,1034.0,2025-09-14 22:36:00
11939,548,add_to_cart,1034.0,2025-09-14 22:39:00
11940,548,checkout,1034.0,2025-09-14 22:42:00
11941,984,visit,,2025-07-25 13:26:00
11942,984,product_view,1089.0,2025-07-25 13:29:00
11943,913,visit,,2025-08-16 16:57:00
11944,913,product_view,1094.0,2025-08-16 17:02:00
11945,1367,visit,,2025-08-01 21:30:00
11946,123,visit,,2025-09-28 10:12:00
11947,1426,visit,,2025-08-15 20:45:00
11948,1426,product_view,1019.0,2025-08-15 20:49:00
11949,1015,visit,,2025-07-16 17:20:00
11950,1015,product_view,1059.0,2025-07-16 17:24:00
11951,1015,add_to_cart,1059.0,2025-07-16 17:25:00
11952,1015,checkout,1059.0,2025-07-16 17:26:00
11953,527,visit,,2025-07-21 11:24:00
11954,121,visit,,2025-08-07 03:12:00
11955,838,visit,,2025-08-20 15:29:00
11956,838,product_view,1088.0,2025-08-20 15:33:00
11957,2,visit,,2025-07-15 04:56:00
11958,2,product_view,1057.0,2025-07-15 05:00:00
11959,2,add_to_cart,1057.0,2025-07-15 05:04:00
11960,2,checkout,1057.0,2025-07-15 05:06:00
11961,2,purchase,1057.0,2025-07-15 05:08:00
11962,1427,visit,,2025-07-21 18:46:00
11963,1427,product_view,1059.0,2025-07-21 18:47:00
11964,432,visit,,2025-09-09 20:06:00
11965,432,product_view,1066.0,2025-09-09 20:10:00
11966,432,add_to_cart,1066.0,2025-09-09 20:12:00
11967,344,visit,,2025-08-26 01:09:00
11968,344,product_view,1109.0,2025-08-26 01:12:00
11969,344,add_to_cart,1109.0,2025-08-26 01:13:00
11970,344,checkout,1109.0,2025-08-26 01:14:00
11971,344,purchase,1109.0,2025-08-26 01:16:00
11972,633,visit,,2025-08-04 15:08:00
11973,633,product_view,1054.0,2025-08-04 15:09:00
11974,787,visit,,2025-08-29 16:10:00
11975,92,visit,,2025-07-27 13:39:00
11976,92,product_view,1088.0,2025-07-27 13:40:00
11977,92,add_to_cart,1088.0,2025-07-27 13:43:00
11978,92,checkout,1088.0,2025-07-27 13:44:00
11979,92,purchase,1088.0,2025-07-27 13:45:00
11980,528,visit,,2025-09-28 19:55:00
11981,464,visit,,2025-07-18 04:50:00
11982,464,product_view,1012.0,2025-07-18 04:51:00
11983,1459,visit,,2025-08-19 14:27:00
11984,1459,product_view,1056.0,2025-08-19 14:30:00
11985,1459,add_to_cart,1056.0,2025-08-19 14:31:00
11986,1459,checkout,1056.0,2025-08-19 14:34:00
11987,1459,purchase,1056.0,2025-08-19 14:36:00
11988,1285,visit,,2025-07-15 22:55:00
11989,1285,product_view,1084.0,2025-07-15 23:00:00
11990,1285,add_to_cart,1084.0,2025-07-15 23:03:00
11991,1285,checkout,1084.0,2025-07-15 23:04:00
11992,1026,visit,,2025-08-25 02:29:00
11993,1026,product_view,1096.0,2025-08-25 02:30:00
11994,1026,add_to_cart,1096.0,2025-08-25 02:31:00
11995,1026,checkout,1096.0,2025-08-25 02:34:00
11996,1026,purchase,1096.0,2025-08-25 02:36:00
11997,460,visit,,2025-07-15 07:24:00
11998,460,product_view,1024.0,2025-07-15 07:28:00
11999,1339,visit,,2025-08-19 09:22:00
12000,1339,product_view,1072.0,2025-08-19 09:25:00
12001,1339,add_to_cart,1072.0,2025-08-19 09:26:00
12002,1339,checkout,1072.0,2025-08-19 09:27:00
12003,1339,purchase,1072.0,2025-08-19 09:30:00
12004,1364,visit,,2025-09-02 00:23:00
12005,321,visit,,2025-08-17 01:35:00
12006,321,product_view,1080.0,2025-08-17 01:39:00
12007,547,visit,,2025-07-12 04:49:00
12008,547,product_view,1038.0,2025-07-12 04:54:00
12009,1431,visit,,2025-09-14 13:41:00
12010,1431,product_view,1070.0,2025-09-14 13:44:00
12011,1223,visit,,2025-08-21 07:20:00
12012,1223,product_view,1020.0,2025-08-21 07:21:00
12013,1223,add_to_cart,1020.0,2025-08-21 07:23:00
12014,1223,checkout,1020.0,2025-08-21 07:25:00
12015,1223,purchase,1020.0,2025-08-21 07:26:00
12016,1203,visit,,2025-08-27 22:23:00
12017,1203,product_view,1112.0,2025-08-27 22:28:00
12018,1203,add_to_cart,1112.0,2025-08-27 22:31:00
12019,1203,checkout,1112.0,2025-08-27 22:32:00
12020,1203,purchase,1112.0,2025-08-27 22:33:00
12021,406,visit,,2025-08-02 10:33:00
12022,406,product_view,1035.0,2025-08-02 10:34:00
12023,1009,visit,,2025-09-27 05:07:00
12024,1009,product_view,1055.0,2025-09-27 05:10:00
12025,1009,add_to_cart,1055.0,2025-09-27 05:11:00
12026,1009,checkout,1055.0,2025-09-27 05:14:00
12027,1009,purchase,1055.0,2025-09-27 05:16:00
12028,1434,visit,,2025-08-25 10:15:00
12029,1434,product_view,1103.0,2025-08-25 10:17:00
12030,1434,add_to_cart,1103.0,2025-08-25 10:20:00
12031,921,visit,,2025-09-25 16:06:00
12032,5,visit,,2025-08-04 16:44:00
12033,5,product_view,1014.0,2025-08-04 16:49:00
12034,149,visit,,2025-09-10 17:17:00
12035,149,product_view,1079.0,2025-09-10 17:22:00
12036,1349,visit,,2025-08-01 14:49:00
12037,1349,product_view,1033.0,2025-08-01 14:52:00
12038,1327,visit,,2025-07-16 04:57:00
12039,1327,product_view,1094.0,2025-07-16 04:58:00
12040,1327,add_to_cart,1094.0,2025-07-16 05:00:00
12041,1327,checkout,1094.0,2025-07-16 05:01:00
12042,1327,purchase,1094.0,2025-07-16 05:02:00
12043,1055,visit,,2025-09-14 19:55:00
12044,1055,product_view,1070.0,2025-09-14 20:00:00
12045,1055,add_to_cart,1070.0,2025-09-14 20:01:00
12046,1055,checkout,1070.0,2025-09-14 20:02:00
12047,1055,purchase,1070.0,2025-09-14 20:05:00
12048,697,visit,,2025-09-09 23:07:00
12049,697,product_view,1005.0,2025-09-09 23:08:00
12050,697,add_to_cart,1005.0,2025-09-09 23:10:00
12051,697,checkout,1005.0,2025-09-09 23:13:00
12052,697,purchase,1005.0,2025-09-09 23:16:00
12053,1212,visit,,2025-07-05 20:11:00
12054,484,visit,,2025-07-13 13:44:00
12055,484,product_view,1009.0,2025-07-13 13:47:00
12056,484,add_to_cart,1009.0,2025-07-13 13:49:00
12057,154,visit,,2025-08-07 13:28:00
12058,154,product_view,1021.0,2025-08-07 13:31:00
12059,154,add_to_cart,1021.0,2025-08-07 13:32:00
12060,154,checkout,1021.0,2025-08-07 13:35:00
12061,711,visit,,2025-09-06 06:25:00
12062,711,product_view,1073.0,2025-09-06 06:26:00
12063,711,add_to_cart,1073.0,2025-09-06 06:29:00
12064,711,checkout,1073.0,2025-09-06 06:32:00
12065,540,visit,,2025-09-27 23:20:00
12066,540,product_view,1075.0,2025-09-27 23:22:00
12067,540,add_to_cart,1075.0,2025-09-27 23:24:00
12068,540,checkout,1075.0,2025-09-27 23:25:00
12069,540,purchase,1075.0,2025-09-27 23:27:00
12070,887,visit,,2025-08-23 21:22:00
12071,887,product_view,1048.0,2025-08-23 21:23:00
12072,801,visit,,2025-09-01 16:40:00
12073,801,product_view,1046.0,2025-09-01 16:41:00
12074,801,add_to_cart,1046.0,2025-09-01 16:44:00
12075,621,visit,,2025-09-03 18:43:00
12076,621,product_view,1031.0,2025-09-03 18:46:00
12077,815,visit,,2025-08-15 01:33:00
12078,815,product_view,1035.0,2025-08-15 01:38:00
12079,390,visit,,2025-07-17 04:54:00
12080,390,product_view,1102.0,2025-07-17 04:58:00
12081,556,visit,,2025-09-09 15:24:00
12082,556,product_view,1115.0,2025-09-09 15:26:00
12083,556,add_to_cart,1115.0,2025-09-09 15:28:00
12084,1165,visit,,2025-08-16 15:16:00
12085,1165,product_view,1047.0,2025-08-16 15:20:00
12086,1165,add_to_cart,1047.0,2025-08-16 15:21:00
12087,1033,visit,,2025-09-12 07:19:00
12088,75,visit,,2025-07-29 11:17:00
12089,75,product_view,1067.0,2025-07-29 11:20:00
12090,1384,visit,,2025-08-30 16:33:00
12091,1384,product_view,1082.0,2025-08-30 16:38:00
12092,256,visit,,2025-07-23 00:27:00
12093,256,product_view,1076.0,2025-07-23 00:30:00
12094,256,add_to_cart,1076.0,2025-07-23 00:32:00
12095,256,checkout,1076.0,2025-07-23 00:35:00
12096,850,visit,,2025-07-19 14:27:00
12097,850,product_view,1104.0,2025-07-19 14:29:00
12098,850,add_to_cart,1104.0,2025-07-19 14:31:00
12099,850,checkout,1104.0,2025-07-19 14:32:00
12100,850,purchase,1104.0,2025-07-19 14:33:00
12101,252,visit,,2025-07-27 19:47:00
12102,252,product_view,1069.0,2025-07-27 19:50:00
12103,1301,visit,,2025-09-10 23:49:00
12104,330,visit,,2025-07-18 16:01:00
12105,330,product_view,1116.0,2025-07-18 16:05:00
12106,330,add_to_cart,1116.0,2025-07-18 16:06:00
12107,330,checkout,1116.0,2025-07-18 16:09:00
12108,330,purchase,1116.0,2025-07-18 16:10:00
12109,792,visit,,2025-09-12 09:17:00
12110,792,product_view,1085.0,2025-09-12 09:20:00
12111,569,visit,,2025-09-21 09:44:00
12112,569,product_view,1013.0,2025-09-21 09:45:00
12113,569,add_to_cart,1013.0,2025-09-21 09:47:00
12114,569,checkout,1013.0,2025-09-21 09:48:00
12115,254,visit,,2025-09-06 13:53:00
12116,254,product_view,1106.0,2025-09-06 13:57:00
12117,1174,visit,,2025-07-07 13:27:00
12118,1174,product_view,1082.0,2025-07-07 13:30:00
12119,1174,add_to_cart,1082.0,2025-07-07 13:32:00
12120,1460,visit,,2025-07-13 02:42:00
12121,605,visit,,2025-09-09 07:32:00
12122,605,product_view,1001.0,2025-09-09 07:36:00
12123,356,visit,,2025-07-03 02:41:00
12124,356,product_view,1051.0,2025-07-03 02:45:00
12125,1272,visit,,2025-08-14 20:14:00
12126,1272,product_view,1097.0,2025-08-14 20:17:00
12127,1272,add_to_cart,1097.0,2025-08-14 20:20:00
12128,1272,checkout,1097.0,2025-08-14 20:21:00
12129,266,visit,,2025-08-03 04:23:00
12130,1009,visit,,2025-08-27 05:29:00
12131,1009,product_view,1062.0,2025-08-27 05:32:00
12132,1009,add_to_cart,1062.0,2025-08-27 05:35:00
12133,1009,checkout,1062.0,2025-08-27 05:36:00
12134,1009,purchase,1062.0,2025-08-27 05:39:00
12135,706,visit,,2025-07-12 03:59:00
12136,1078,visit,,2025-08-25 01:14:00
12137,1078,product_view,1040.0,2025-08-25 01:16:00
12138,1078,add_to_cart,1040.0,2025-08-25 01:20:00
12139,1095,visit,,2025-09-08 16:55:00
12140,1095,product_view,1063.0,2025-09-08 16:56:00
12141,1367,visit,,2025-08-29 10:57:00
12142,1367,product_view,1037.0,2025-08-29 11:02:00
12143,506,visit,,2025-09-23 16:50:00
12144,506,product_view,1048.0,2025-09-23 16:54:00
12145,115,visit,,2025-08-19 18:44:00
12146,501,visit,,2025-09-14 05:33:00
12147,501,product_view,1088.0,2025-09-14 05:35:00
12148,112,visit,,2025-08-10 09:26:00
12149,112,product_view,1020.0,2025-08-10 09:30:00
12150,1442,visit,,2025-08-30 18:18:00
12151,1442,product_view,1083.0,2025-08-30 18:22:00
12152,1076,visit,,2025-07-09 16:48:00
12153,1076,product_view,1086.0,2025-07-09 16:52:00
12154,1076,add_to_cart,1086.0,2025-07-09 16:56:00
12155,161,visit,,2025-07-29 18:20:00
12156,161,product_view,1112.0,2025-07-29 18:23:00
12157,672,visit,,2025-09-13 04:45:00
12158,236,visit,,2025-09-10 10:47:00
12159,236,product_view,1092.0,2025-09-10 10:49:00
12160,681,visit,,2025-07-07 02:39:00
12161,681,product_view,1081.0,2025-07-07 02:41:00
12162,681,add_to_cart,1081.0,2025-07-07 02:45:00
12163,681,checkout,1081.0,2025-07-07 02:48:00
12164,681,purchase,1081.0,2025-07-07 02:51:00
12165,724,visit,,2025-09-11 19:56:00
12166,724,product_view,1038.0,2025-09-11 20:00:00
12167,1450,visit,,2025-09-09 20:40:00
12168,1450,product_view,1062.0,2025-09-09 20:42:00
12169,1450,add_to_cart,1062.0,2025-09-09 20:43:00
12170,1450,checkout,1062.0,2025-09-09 20:44:00
12171,1450,purchase,1062.0,2025-09-09 20:46:00
12172,1034,visit,,2025-08-22 21:26:00
12173,1034,product_view,1105.0,2025-08-22 21:30:00
12174,1034,add_to_cart,1105.0,2025-08-22 21:31:00
12175,1034,checkout,1105.0,2025-08-22 21:33:00
12176,1034,purchase,1105.0,2025-08-22 21:34:00
12177,1194,visit,,2025-07-06 18:44:00
12178,1194,product_view,1099.0,2025-07-06 18:45:00
12179,1374,visit,,2025-07-02 21:32:00
12180,1374,product_view,1103.0,2025-07-02 21:35:00
12181,724,visit,,2025-09-27 15:57:00
12182,724,product_view,1066.0,2025-09-27 15:59:00
12183,991,visit,,2025-09-25 20:18:00
12184,1476,visit,,2025-09-14 12:27:00
12185,1476,product_view,1089.0,2025-09-14 12:29:00
12186,1058,visit,,2025-07-06 11:07:00
12187,1058,product_view,1026.0,2025-07-06 11:12:00
12188,1058,add_to_cart,1026.0,2025-07-06 11:15:00
12189,1058,checkout,1026.0,2025-07-06 11:18:00
12190,1058,purchase,1026.0,2025-07-06 11:20:00
12191,482,visit,,2025-07-30 13:29:00
12192,482,product_view,1042.0,2025-07-30 13:33:00
12193,1020,visit,,2025-07-28 08:57:00
12194,1020,product_view,1057.0,2025-07-28 08:59:00
12195,1020,add_to_cart,1057.0,2025-07-28 09:02:00
12196,1020,checkout,1057.0,2025-07-28 09:04:00
12197,1020,purchase,1057.0,2025-07-28 09:05:00
12198,143,visit,,2025-08-08 22:41:00
12199,143,product_view,1002.0,2025-08-08 22:46:00
12200,143,add_to_cart,1002.0,2025-08-08 22:47:00
12201,143,checkout,1002.0,2025-08-08 22:49:00
12202,143,purchase,1002.0,2025-08-08 22:52:00
12203,374,visit,,2025-09-04 00:50:00
12204,374,product_view,1112.0,2025-09-04 00:55:00
12205,986,visit,,2025-08-03 12:25:00
12206,845,visit,,2025-09-02 21:17:00
12207,845,product_view,1078.0,2025-09-02 21:18:00
12208,845,add_to_cart,1078.0,2025-09-02 21:20:00
12209,845,checkout,1078.0,2025-09-02 21:21:00
12210,845,purchase,1078.0,2025-09-02 21:23:00
12211,1345,visit,,2025-08-01 23:03:00
12212,1345,product_view,1104.0,2025-08-01 23:06:00
12213,793,visit,,2025-09-12 11:45:00
12214,793,product_view,1120.0,2025-09-12 11:48:00
12215,793,add_to_cart,1120.0,2025-09-12 11:52:00
12216,778,visit,,2025-07-27 10:46:00
12217,778,product_view,1063.0,2025-07-27 10:51:00
12218,114,visit,,2025-09-02 05:33:00
12219,114,product_view,1085.0,2025-09-02 05:38:00
12220,114,add_to_cart,1085.0,2025-09-02 05:42:00
12221,549,visit,,2025-08-23 23:43:00
12222,148,visit,,2025-09-26 12:05:00
12223,148,product_view,1024.0,2025-09-26 12:10:00
12224,148,add_to_cart,1024.0,2025-09-26 12:14:00
12225,485,visit,,2025-09-12 12:11:00
12226,904,visit,,2025-08-20 22:19:00
12227,904,product_view,1043.0,2025-08-20 22:24:00
12228,79,visit,,2025-08-10 02:40:00
12229,79,product_view,1075.0,2025-08-10 02:43:00
12230,79,add_to_cart,1075.0,2025-08-10 02:47:00
12231,79,checkout,1075.0,2025-08-10 02:48:00
12232,79,purchase,1075.0,2025-08-10 02:50:00
12233,799,visit,,2025-07-16 01:22:00
12234,799,product_view,1019.0,2025-07-16 01:26:00
12235,799,add_to_cart,1019.0,2025-07-16 01:30:00
12236,799,checkout,1019.0,2025-07-16 01:33:00
12237,1459,visit,,2025-09-21 01:55:00
12238,1459,product_view,1109.0,2025-09-21 02:00:00
12239,1459,add_to_cart,1109.0,2025-09-21 02:02:00
12240,746,visit,,2025-07-26 22:46:00
12241,746,product_view,1098.0,2025-07-26 22:48:00
12242,748,visit,,2025-07-21 15:59:00
12243,748,product_view,1120.0,2025-07-21 16:01:00
12244,1220,visit,,2025-09-13 23:34:00
12245,1220,product_view,1041.0,2025-09-13 23:38:00
12246,1220,add_to_cart,1041.0,2025-09-13 23:39:00
12247,1220,checkout,1041.0,2025-09-13 23:41:00
12248,1220,purchase,1041.0,2025-09-13 23:44:00
12249,76,visit,,2025-07-12 05:44:00
12250,76,product_view,1061.0,2025-07-12 05:49:00
12251,76,add_to_cart,1061.0,2025-07-12 05:50:00
12252,76,checkout,1061.0,2025-07-12 05:53:00
12253,76,purchase,1061.0,2025-07-12 05:55:00
12254,102,visit,,2025-07-17 18:15:00
12255,102,product_view,1085.0,2025-07-17 18:16:00
12256,102,add_to_cart,1085.0,2025-07-17 18:18:00
12257,102,checkout,1085.0,2025-07-17 18:21:00
12258,102,purchase,1085.0,2025-07-17 18:23:00
12259,41,visit,,2025-07-09 07:27:00
12260,41,product_view,1021.0,2025-07-09 07:32:00
12261,41,add_to_cart,1021.0,2025-07-09 07:35:00
12262,41,checkout,1021.0,2025-07-09 07:36:00
12263,41,purchase,1021.0,2025-07-09 07:39:00
12264,139,visit,,2025-08-04 05:44:00
12265,139,product_view,1068.0,2025-08-04 05:47:00
12266,139,add_to_cart,1068.0,2025-08-04 05:50:00
12267,175,visit,,2025-08-25 21:58:00
12268,175,product_view,1061.0,2025-08-25 22:03:00
12269,318,visit,,2025-09-27 11:23:00
12270,1415,visit,,2025-08-11 17:31:00
12271,1415,product_view,1070.0,2025-08-11 17:35:00
12272,1415,add_to_cart,1070.0,2025-08-11 17:37:00
12273,1121,visit,,2025-07-23 19:59:00
12274,1121,product_view,1100.0,2025-07-23 20:01:00
12275,1121,add_to_cart,1100.0,2025-07-23 20:03:00
12276,1121,checkout,1100.0,2025-07-23 20:05:00
12277,1121,purchase,1100.0,2025-07-23 20:07:00
12278,768,visit,,2025-07-25 11:51:00
12279,1329,visit,,2025-08-08 15:10:00
12280,1329,product_view,1053.0,2025-08-08 15:13:00
12281,1022,visit,,2025-08-22 08:43:00
12282,1022,product_view,1035.0,2025-08-22 08:44:00
12283,1022,add_to_cart,1035.0,2025-08-22 08:46:00
12284,503,visit,,2025-07-02 03:35:00
12285,1487,visit,,2025-07-07 16:34:00
12286,1487,product_view,1088.0,2025-07-07 16:39:00
12287,1487,add_to_cart,1088.0,2025-07-07 16:43:00
12288,719,visit,,2025-07-04 23:43:00
12289,719,product_view,1097.0,2025-07-04 23:44:00
12290,656,visit,,2025-07-02 03:00:00
12291,656,product_view,1068.0,2025-07-02 03:05:00
12292,862,visit,,2025-09-15 15:51:00
12293,520,visit,,2025-08-25 02:37:00
12294,520,product_view,1064.0,2025-08-25 02:42:00
12295,1495,visit,,2025-08-24 12:12:00
12296,1495,product_view,1071.0,2025-08-24 12:15:00
12297,1495,add_to_cart,1071.0,2025-08-24 12:18:00
12298,1495,checkout,1071.0,2025-08-24 12:19:00
12299,1495,purchase,1071.0,2025-08-24 12:21:00
12300,567,visit,,2025-09-12 13:14:00
12301,567,product_view,1096.0,2025-09-12 13:18:00
12302,303,visit,,2025-09-27 13:58:00
12303,1029,visit,,2025-09-17 02:22:00
12304,1029,product_view,1015.0,2025-09-17 02:24:00
12305,1029,add_to_cart,1015.0,2025-09-17 02:26:00
12306,1029,checkout,1015.0,2025-09-17 02:29:00
12307,1029,purchase,1015.0,2025-09-17 02:31:00
12308,103,visit,,2025-07-22 03:38:00
12309,103,product_view,1042.0,2025-07-22 03:41:00
12310,8,visit,,2025-08-30 04:48:00
12311,8,product_view,1033.0,2025-08-30 04:53:00
12312,8,add_to_cart,1033.0,2025-08-30 04:57:00
12313,8,checkout,1033.0,2025-08-30 04:58:00
12314,8,purchase,1033.0,2025-08-30 05:01:00
12315,924,visit,,2025-08-22 12:01:00
12316,924,product_view,1031.0,2025-08-22 12:04:00
12317,1243,visit,,2025-07-12 14:48:00
12318,1243,product_view,1072.0,2025-07-12 14:50:00
12319,1243,add_to_cart,1072.0,2025-07-12 14:53:00
12320,1243,checkout,1072.0,2025-07-12 14:55:00
12321,1243,purchase,1072.0,2025-07-12 14:58:00
12322,1074,visit,,2025-08-08 16:47:00
12323,1074,product_view,1058.0,2025-08-08 16:50:00
12324,742,visit,,2025-07-15 07:07:00
12325,742,product_view,1058.0,2025-07-15 07:12:00
12326,742,add_to_cart,1058.0,2025-07-15 07:15:00
12327,742,checkout,1058.0,2025-07-15 07:18:00
12328,742,purchase,1058.0,2025-07-15 07:20:00
12329,892,visit,,2025-09-11 10:11:00
12330,892,product_view,1032.0,2025-09-11 10:14:00
12331,892,add_to_cart,1032.0,2025-09-11 10:18:00
12332,892,checkout,1032.0,2025-09-11 10:20:00
12333,892,purchase,1032.0,2025-09-11 10:21:00
12334,456,visit,,2025-08-05 16:29:00
12335,456,product_view,1065.0,2025-08-05 16:33:00
12336,149,visit,,2025-09-18 02:59:00
12337,149,product_view,1101.0,2025-09-18 03:04:00
12338,961,visit,,2025-08-17 15:37:00
12339,1102,visit,,2025-07-29 04:46:00
12340,1102,product_view,1109.0,2025-07-29 04:51:00
12341,1102,add_to_cart,1109.0,2025-07-29 04:52:00
12342,663,visit,,2025-07-02 10:18:00
12343,663,product_view,1076.0,2025-07-02 10:19:00
12344,663,add_to_cart,1076.0,2025-07-02 10:23:00
12345,663,checkout,1076.0,2025-07-02 10:25:00
12346,663,purchase,1076.0,2025-07-02 10:27:00
12347,1162,visit,,2025-09-12 07:17:00
12348,1162,product_view,1009.0,2025-09-12 07:19:00
12349,1162,add_to_cart,1009.0,2025-09-12 07:21:00
12350,962,visit,,2025-07-18 06:39:00
12351,962,product_view,1014.0,2025-07-18 06:40:00
12352,833,visit,,2025-07-31 06:23:00
12353,399,visit,,2025-08-17 19:30:00
12354,399,product_view,1113.0,2025-08-17 19:35:00
12355,42,visit,,2025-08-20 05:32:00
12356,42,product_view,1074.0,2025-08-20 05:33:00
12357,1,visit,,2025-09-01 17:31:00
12358,1,product_view,1068.0,2025-09-01 17:34:00
12359,1033,visit,,2025-09-09 04:49:00
12360,1033,product_view,1084.0,2025-09-09 04:53:00
12361,953,visit,,2025-08-24 07:03:00
12362,953,product_view,1110.0,2025-08-24 07:07:00
12363,953,add_to_cart,1110.0,2025-08-24 07:09:00
12364,789,visit,,2025-07-04 18:31:00
12365,789,product_view,1053.0,2025-07-04 18:35:00
12366,789,add_to_cart,1053.0,2025-07-04 18:38:00
12367,23,visit,,2025-07-08 21:41:00
12368,23,product_view,1102.0,2025-07-08 21:44:00
12369,909,visit,,2025-07-18 19:25:00
12370,909,product_view,1091.0,2025-07-18 19:30:00
12371,1494,visit,,2025-07-04 21:05:00
12372,1494,product_view,1099.0,2025-07-04 21:09:00
12373,1456,visit,,2025-09-27 04:25:00
12374,1456,product_view,1024.0,2025-09-27 04:29:00
12375,1456,add_to_cart,1024.0,2025-09-27 04:32:00
12376,1456,checkout,1024.0,2025-09-27 04:33:00
12377,1456,purchase,1024.0,2025-09-27 04:36:00
12378,1374,visit,,2025-08-14 13:31:00
12379,1374,product_view,1011.0,2025-08-14 13:35:00
12380,1374,add_to_cart,1011.0,2025-08-14 13:37:00
12381,1374,checkout,1011.0,2025-08-14 13:40:00
12382,906,visit,,2025-08-05 20:20:00
12383,906,product_view,1022.0,2025-08-05 20:25:00
12384,1133,visit,,2025-09-24 01:32:00
12385,1133,product_view,1059.0,2025-09-24 01:35:00
12386,1133,add_to_cart,1059.0,2025-09-24 01:38:00
12387,411,visit,,2025-09-09 00:23:00
12388,411,product_view,1089.0,2025-09-09 00:27:00
12389,411,add_to_cart,1089.0,2025-09-09 00:31:00
12390,411,checkout,1089.0,2025-09-09 00:34:00
12391,411,purchase,1089.0,2025-09-09 00:37:00
12392,69,visit,,2025-08-28 23:44:00
12393,716,visit,,2025-07-25 01:26:00
12394,716,product_view,1011.0,2025-07-25 01:30:00
12395,716,add_to_cart,1011.0,2025-07-25 01:32:00
12396,716,checkout,1011.0,2025-07-25 01:34:00
12397,716,purchase,1011.0,2025-07-25 01:35:00
12398,922,visit,,2025-07-04 05:30:00
12399,1067,visit,,2025-08-12 07:28:00
12400,1067,product_view,1120.0,2025-08-12 07:33:00
12401,229,visit,,2025-09-12 05:19:00
12402,229,product_view,1037.0,2025-09-12 05:23:00
12403,229,add_to_cart,1037.0,2025-09-12 05:25:00
12404,229,checkout,1037.0,2025-09-12 05:27:00
12405,229,purchase,1037.0,2025-09-12 05:30:00
12406,1084,visit,,2025-09-06 06:02:00
12407,1084,product_view,1048.0,2025-09-06 06:05:00
12408,1028,visit,,2025-08-24 16:59:00
12409,1028,product_view,1027.0,2025-08-24 17:03:00
12410,1028,add_to_cart,1027.0,2025-08-24 17:07:00
12411,1028,checkout,1027.0,2025-08-24 17:10:00
12412,1028,purchase,1027.0,2025-08-24 17:12:00
12413,985,visit,,2025-08-14 18:22:00
12414,985,product_view,1048.0,2025-08-14 18:24:00
12415,670,visit,,2025-07-13 00:20:00
12416,1309,visit,,2025-08-26 15:57:00
12417,1309,product_view,1086.0,2025-08-26 16:00:00
12418,602,visit,,2025-07-23 10:44:00
12419,602,product_view,1006.0,2025-07-23 10:49:00
12420,1029,visit,,2025-07-09 00:40:00
12421,1029,product_view,1071.0,2025-07-09 00:43:00
12422,1083,visit,,2025-07-20 06:21:00
12423,1083,product_view,1058.0,2025-07-20 06:24:00
12424,968,visit,,2025-07-20 01:33:00
12425,968,product_view,1081.0,2025-07-20 01:36:00
12426,34,visit,,2025-08-06 02:23:00
12427,34,product_view,1102.0,2025-08-06 02:27:00
12428,621,visit,,2025-08-01 03:25:00
12429,621,product_view,1075.0,2025-08-01 03:30:00
12430,877,visit,,2025-09-26 03:05:00
12431,877,product_view,1099.0,2025-09-26 03:08:00
12432,895,visit,,2025-07-30 20:18:00
12433,895,product_view,1012.0,2025-07-30 20:21:00
12434,895,add_to_cart,1012.0,2025-07-30 20:24:00
12435,895,checkout,1012.0,2025-07-30 20:25:00
12436,639,visit,,2025-09-09 09:02:00
12437,1135,visit,,2025-07-18 04:40:00
12438,1135,product_view,1076.0,2025-07-18 04:44:00
12439,1169,visit,,2025-09-26 01:59:00
12440,1169,product_view,1080.0,2025-09-26 02:02:00
12441,631,visit,,2025-07-31 10:27:00
12442,631,product_view,1080.0,2025-07-31 10:32:00
12443,1389,visit,,2025-09-22 12:13:00
12444,1389,product_view,1029.0,2025-09-22 12:17:00
12445,1389,add_to_cart,1029.0,2025-09-22 12:19:00
12446,624,visit,,2025-08-11 16:58:00
12447,624,product_view,1047.0,2025-08-11 17:02:00
12448,624,add_to_cart,1047.0,2025-08-11 17:04:00
12449,624,checkout,1047.0,2025-08-11 17:05:00
12450,608,visit,,2025-09-21 21:11:00
12451,608,product_view,1112.0,2025-09-21 21:16:00
12452,1455,visit,,2025-08-21 22:15:00
12453,1455,product_view,1053.0,2025-08-21 22:16:00
12454,1495,visit,,2025-08-03 11:13:00
12455,1495,product_view,1005.0,2025-08-03 11:18:00
12456,1495,add_to_cart,1005.0,2025-08-03 11:22:00
12457,1495,checkout,1005.0,2025-08-03 11:23:00
12458,214,visit,,2025-07-02 21:36:00
12459,214,product_view,1039.0,2025-07-02 21:40:00
12460,214,add_to_cart,1039.0,2025-07-02 21:44:00
12461,214,checkout,1039.0,2025-07-02 21:46:00
12462,1209,visit,,2025-07-15 12:26:00
12463,1149,visit,,2025-07-29 00:14:00
12464,1118,visit,,2025-08-18 19:06:00
12465,1118,product_view,1038.0,2025-08-18 19:11:00
12466,1118,add_to_cart,1038.0,2025-08-18 19:12:00
12467,1118,checkout,1038.0,2025-08-18 19:14:00
12468,1118,purchase,1038.0,2025-08-18 19:16:00
12469,315,visit,,2025-08-26 07:07:00
12470,315,product_view,1048.0,2025-08-26 07:10:00
12471,315,add_to_cart,1048.0,2025-08-26 07:11:00
12472,315,checkout,1048.0,2025-08-26 07:13:00
12473,315,purchase,1048.0,2025-08-26 07:15:00
12474,353,visit,,2025-07-21 18:22:00
12475,1309,visit,,2025-08-09 15:17:00
12476,1309,product_view,1075.0,2025-08-09 15:22:00
12477,1309,add_to_cart,1075.0,2025-08-09 15:26:00
12478,1309,checkout,1075.0,2025-08-09 15:27:00
12479,1309,purchase,1075.0,2025-08-09 15:28:00
12480,1016,visit,,2025-08-24 01:57:00
12481,1016,product_view,1013.0,2025-08-24 02:01:00
12482,169,visit,,2025-08-02 14:05:00
12483,682,visit,,2025-08-03 08:49:00
12484,682,product_view,1005.0,2025-08-03 08:51:00
12485,682,add_to_cart,1005.0,2025-08-03 08:54:00
12486,1398,visit,,2025-09-03 23:40:00
12487,1398,product_view,1085.0,2025-09-03 23:44:00
12488,586,visit,,2025-08-17 08:05:00
12489,586,product_view,1094.0,2025-08-17 08:10:00
12490,235,visit,,2025-07-29 23:52:00
12491,235,product_view,1107.0,2025-07-29 23:53:00
12492,235,add_to_cart,1107.0,2025-07-29 23:57:00
12493,277,visit,,2025-09-16 06:51:00
12494,277,product_view,1003.0,2025-09-16 06:53:00
12495,277,add_to_cart,1003.0,2025-09-16 06:57:00
12496,338,visit,,2025-07-23 15:42:00
12497,338,product_view,1040.0,2025-07-23 15:46:00
12498,338,add_to_cart,1040.0,2025-07-23 15:47:00
12499,338,checkout,1040.0,2025-07-23 15:49:00
12500,554,visit,,2025-07-22 13:44:00
12501,554,product_view,1001.0,2025-07-22 13:47:00
12502,554,add_to_cart,1001.0,2025-07-22 13:49:00
12503,554,checkout,1001.0,2025-07-22 13:51:00
12504,554,purchase,1001.0,2025-07-22 13:54:00
12505,294,visit,,2025-08-25 23:09:00
12506,294,product_view,1105.0,2025-08-25 23:11:00
12507,294,add_to_cart,1105.0,2025-08-25 23:12:00
12508,738,visit,,2025-07-10 00:36:00
12509,738,product_view,1045.0,2025-07-10 00:39:00
12510,1288,visit,,2025-07-19 15:21:00
12511,1288,product_view,1047.0,2025-07-19 15:25:00
12512,1031,visit,,2025-07-08 16:57:00
12513,1031,product_view,1082.0,2025-07-08 17:02:00
12514,1428,visit,,2025-08-26 05:30:00
12515,1428,product_view,1002.0,2025-08-26 05:34:00
12516,1428,add_to_cart,1002.0,2025-08-26 05:37:00
12517,1428,checkout,1002.0,2025-08-26 05:40:00
12518,1428,purchase,1002.0,2025-08-26 05:43:00
12519,1001,visit,,2025-07-14 23:50:00
12520,1001,product_view,1068.0,2025-07-14 23:54:00
12521,1001,add_to_cart,1068.0,2025-07-14 23:58:00
12522,1001,checkout,1068.0,2025-07-14 23:59:00
12523,257,visit,,2025-08-27 23:27:00
12524,257,product_view,1058.0,2025-08-27 23:31:00
12525,688,visit,,2025-09-03 16:55:00
12526,688,product_view,1117.0,2025-09-03 16:58:00
12527,1101,visit,,2025-09-20 22:29:00
12528,1101,product_view,1058.0,2025-09-20 22:34:00
12529,1178,visit,,2025-08-04 19:39:00
12530,1178,product_view,1038.0,2025-08-04 19:40:00
12531,1178,add_to_cart,1038.0,2025-08-04 19:44:00
12532,1178,checkout,1038.0,2025-08-04 19:46:00
12533,1178,purchase,1038.0,2025-08-04 19:49:00
12534,838,visit,,2025-08-03 22:52:00
12535,838,product_view,1065.0,2025-08-03 22:53:00
12536,677,visit,,2025-08-21 20:27:00
12537,1324,visit,,2025-07-27 05:02:00
12538,1324,product_view,1065.0,2025-07-27 05:06:00
12539,1324,add_to_cart,1065.0,2025-07-27 05:08:00
12540,991,visit,,2025-09-15 00:21:00
12541,991,product_view,1058.0,2025-09-15 00:22:00
12542,1136,visit,,2025-09-07 07:12:00
12543,1136,product_view,1088.0,2025-09-07 07:15:00
12544,1362,visit,,2025-07-13 16:01:00
12545,1362,product_view,1114.0,2025-07-13 16:05:00
12546,1362,add_to_cart,1114.0,2025-07-13 16:06:00
12547,1362,checkout,1114.0,2025-07-13 16:08:00
12548,1362,purchase,1114.0,2025-07-13 16:09:00
12549,1223,visit,,2025-09-03 16:53:00
12550,1223,product_view,1029.0,2025-09-03 16:58:00
12551,749,visit,,2025-07-10 03:22:00
12552,749,product_view,1025.0,2025-07-10 03:24:00
12553,1115,visit,,2025-07-13 11:31:00
12554,1115,product_view,1117.0,2025-07-13 11:32:00
12555,1188,visit,,2025-07-11 00:43:00
12556,1188,product_view,1103.0,2025-07-11 00:47:00
12557,1188,add_to_cart,1103.0,2025-07-11 00:51:00
12558,483,visit,,2025-08-18 11:03:00
12559,483,product_view,1092.0,2025-08-18 11:04:00
12560,841,visit,,2025-09-22 05:51:00
12561,841,product_view,1117.0,2025-09-22 05:55:00
12562,1240,visit,,2025-07-19 10:06:00
12563,1240,product_view,1017.0,2025-07-19 10:11:00
12564,300,visit,,2025-08-24 20:06:00
12565,502,visit,,2025-07-06 13:08:00
12566,502,product_view,1044.0,2025-07-06 13:13:00
12567,502,add_to_cart,1044.0,2025-07-06 13:14:00
12568,502,checkout,1044.0,2025-07-06 13:16:00
12569,1192,visit,,2025-09-22 00:25:00
12570,1192,product_view,1064.0,2025-09-22 00:30:00
12571,132,visit,,2025-09-11 19:30:00
12572,132,product_view,1005.0,2025-09-11 19:32:00
12573,866,visit,,2025-08-20 13:59:00
12574,866,product_view,1068.0,2025-08-20 14:04:00
12575,866,add_to_cart,1068.0,2025-08-20 14:05:00
12576,1142,visit,,2025-09-25 05:07:00
12577,1142,product_view,1120.0,2025-09-25 05:11:00
12578,965,visit,,2025-07-07 16:43:00
12579,170,visit,,2025-08-05 06:37:00
12580,170,product_view,1119.0,2025-08-05 06:42:00
12581,170,add_to_cart,1119.0,2025-08-05 06:44:00
12582,170,checkout,1119.0,2025-08-05 06:45:00
12583,170,purchase,1119.0,2025-08-05 06:48:00
12584,802,visit,,2025-08-20 01:30:00
12585,802,product_view,1023.0,2025-08-20 01:32:00
12586,583,visit,,2025-08-06 16:52:00
12587,583,product_view,1064.0,2025-08-06 16:56:00
12588,1467,visit,,2025-09-06 19:10:00
12589,1467,product_view,1069.0,2025-09-06 19:12:00
12590,1467,add_to_cart,1069.0,2025-09-06 19:13:00
12591,357,visit,,2025-09-15 06:11:00
12592,357,product_view,1020.0,2025-09-15 06:15:00
12593,358,visit,,2025-08-11 08:02:00
12594,358,product_view,1099.0,2025-08-11 08:07:00
12595,1385,visit,,2025-09-09 21:54:00
12596,1003,visit,,2025-08-17 09:15:00
12597,1003,product_view,1099.0,2025-08-17 09:20:00
12598,1003,add_to_cart,1099.0,2025-08-17 09:23:00
12599,1003,checkout,1099.0,2025-08-17 09:25:00
12600,1003,purchase,1099.0,2025-08-17 09:26:00
12601,974,visit,,2025-09-19 18:11:00
12602,974,product_view,1105.0,2025-09-19 18:14:00
12603,444,visit,,2025-08-22 19:53:00
12604,444,product_view,1052.0,2025-08-22 19:57:00
12605,737,visit,,2025-09-22 11:41:00
12606,737,product_view,1082.0,2025-09-22 11:44:00
12607,737,add_to_cart,1082.0,2025-09-22 11:48:00
12608,737,checkout,1082.0,2025-09-22 11:49:00
12609,1024,visit,,2025-08-29 01:39:00
12610,1024,product_view,1096.0,2025-08-29 01:41:00
12611,1024,add_to_cart,1096.0,2025-08-29 01:43:00
12612,1024,checkout,1096.0,2025-08-29 01:44:00
12613,743,visit,,2025-09-29 16:00:00
12614,743,product_view,1076.0,2025-09-29 16:02:00
12615,743,add_to_cart,1076.0,2025-09-29 16:05:00
12616,1190,visit,,2025-08-03 00:07:00
12617,1190,product_view,1054.0,2025-08-03 00:10:00
12618,1190,add_to_cart,1054.0,2025-08-03 00:11:00
12619,1387,visit,,2025-07-27 10:11:00
12620,1387,product_view,1026.0,2025-07-27 10:15:00
12621,1387,add_to_cart,1026.0,2025-07-27 10:17:00
12622,785,visit,,2025-09-26 18:13:00
12623,785,product_view,1007.0,2025-09-26 18:17:00
12624,268,visit,,2025-08-19 12:53:00
12625,474,visit,,2025-08-18 03:18:00
12626,474,product_view,1015.0,2025-08-18 03:23:00
12627,390,visit,,2025-07-01 02:30:00
12628,390,product_view,1014.0,2025-07-01 02:34:00
12629,390,add_to_cart,1014.0,2025-07-01 02:37:00
12630,390,checkout,1014.0,2025-07-01 02:40:00
12631,390,purchase,1014.0,2025-07-01 02:42:00
12632,1237,visit,,2025-09-20 18:23:00
12633,1237,product_view,1086.0,2025-09-20 18:24:00
12634,1454,visit,,2025-07-01 10:26:00
12635,1454,product_view,1002.0,2025-07-01 10:28:00
12636,323,visit,,2025-08-23 07:23:00
12637,323,product_view,1103.0,2025-08-23 07:24:00
12638,323,add_to_cart,1103.0,2025-08-23 07:28:00
12639,323,checkout,1103.0,2025-08-23 07:29:00
12640,323,purchase,1103.0,2025-08-23 07:30:00
12641,58,visit,,2025-09-29 05:51:00
12642,1080,visit,,2025-08-18 15:06:00
12643,1080,product_view,1101.0,2025-08-18 15:10:00
12644,1080,add_to_cart,1101.0,2025-08-18 15:14:00
12645,1080,checkout,1101.0,2025-08-18 15:16:00
12646,1080,purchase,1101.0,2025-08-18 15:17:00
12647,913,visit,,2025-08-26 09:05:00
12648,913,product_view,1057.0,2025-08-26 09:10:00
12649,913,add_to_cart,1057.0,2025-08-26 09:14:00
12650,913,checkout,1057.0,2025-08-26 09:16:00
12651,913,purchase,1057.0,2025-08-26 09:17:00
12652,1016,visit,,2025-09-26 19:59:00
12653,1016,product_view,1111.0,2025-09-26 20:03:00
12654,1388,visit,,2025-08-14 05:25:00
12655,647,visit,,2025-08-29 16:39:00
12656,647,product_view,1068.0,2025-08-29 16:44:00
12657,1463,visit,,2025-08-21 23:35:00
12658,203,visit,,2025-07-14 10:55:00
12659,192,visit,,2025-08-03 05:46:00
12660,192,product_view,1009.0,2025-08-03 05:48:00
12661,192,add_to_cart,1009.0,2025-08-03 05:51:00
12662,626,visit,,2025-08-26 06:04:00
12663,418,visit,,2025-07-10 23:30:00
12664,1463,visit,,2025-07-12 18:57:00
12665,1398,visit,,2025-08-21 19:20:00
12666,1398,product_view,1053.0,2025-08-21 19:23:00
12667,1112,visit,,2025-08-30 23:52:00
12668,1112,product_view,1046.0,2025-08-30 23:55:00
12669,1112,add_to_cart,1046.0,2025-08-30 23:56:00
12670,1112,checkout,1046.0,2025-08-30 23:57:00
12671,826,visit,,2025-07-12 14:01:00
12672,826,product_view,1114.0,2025-07-12 14:03:00
12673,76,visit,,2025-07-14 21:08:00
12674,76,product_view,1015.0,2025-07-14 21:13:00
12675,76,add_to_cart,1015.0,2025-07-14 21:14:00
12676,1070,visit,,2025-09-22 02:29:00
12677,1070,product_view,1081.0,2025-09-22 02:31:00
12678,963,visit,,2025-08-18 11:53:00
12679,963,product_view,1076.0,2025-08-18 11:54:00
12680,963,add_to_cart,1076.0,2025-08-18 11:55:00
12681,1332,visit,,2025-08-10 09:54:00
12682,1332,product_view,1120.0,2025-08-10 09:58:00
12683,1454,visit,,2025-08-26 17:52:00
12684,596,visit,,2025-07-16 13:55:00
12685,596,product_view,1010.0,2025-07-16 13:58:00
12686,354,visit,,2025-09-23 22:53:00
12687,354,product_view,1039.0,2025-09-23 22:54:00
12688,354,add_to_cart,1039.0,2025-09-23 22:58:00
12689,354,checkout,1039.0,2025-09-23 23:00:00
12690,354,purchase,1039.0,2025-09-23 23:02:00
12691,563,visit,,2025-09-06 04:08:00
12692,563,product_view,1117.0,2025-09-06 04:09:00
12693,602,visit,,2025-07-10 02:27:00
12694,536,visit,,2025-07-08 07:33:00
12695,536,product_view,1052.0,2025-07-08 07:38:00
12696,201,visit,,2025-09-28 10:39:00
12697,201,product_view,1081.0,2025-09-28 10:42:00
12698,866,visit,,2025-08-10 04:04:00
12699,866,product_view,1051.0,2025-08-10 04:08:00
12700,866,add_to_cart,1051.0,2025-08-10 04:11:00
12701,866,checkout,1051.0,2025-08-10 04:12:00
12702,866,purchase,1051.0,2025-08-10 04:14:00
12703,1189,visit,,2025-08-10 00:27:00
12704,1189,product_view,1102.0,2025-08-10 00:30:00
12705,590,visit,,2025-07-13 22:56:00
12706,590,product_view,1014.0,2025-07-13 22:57:00
12707,1315,visit,,2025-08-07 20:27:00
12708,1315,product_view,1087.0,2025-08-07 20:29:00
12709,1401,visit,,2025-09-02 17:38:00
12710,1401,product_view,1002.0,2025-09-02 17:39:00
12711,1097,visit,,2025-09-12 21:47:00
12712,1097,product_view,1055.0,2025-09-12 21:51:00
12713,1097,add_to_cart,1055.0,2025-09-12 21:53:00
12714,562,visit,,2025-09-28 21:20:00
12715,562,product_view,1014.0,2025-09-28 21:23:00
12716,1001,visit,,2025-09-02 07:15:00
12717,1001,product_view,1040.0,2025-09-02 07:17:00
12718,1001,add_to_cart,1040.0,2025-09-02 07:21:00
12719,1001,checkout,1040.0,2025-09-02 07:24:00
12720,1001,purchase,1040.0,2025-09-02 07:25:00
12721,874,visit,,2025-08-16 04:53:00
12722,495,visit,,2025-09-24 22:30:00
12723,495,product_view,1010.0,2025-09-24 22:33:00
12724,495,add_to_cart,1010.0,2025-09-24 22:34:00
12725,439,visit,,2025-07-03 02:58:00
12726,439,product_view,1061.0,2025-07-03 03:03:00
12727,439,add_to_cart,1061.0,2025-07-03 03:07:00
12728,439,checkout,1061.0,2025-07-03 03:10:00
12729,439,purchase,1061.0,2025-07-03 03:13:00
12730,1271,visit,,2025-07-22 18:01:00
12731,1271,product_view,1046.0,2025-07-22 18:04:00
12732,1271,add_to_cart,1046.0,2025-07-22 18:07:00
12733,1271,checkout,1046.0,2025-07-22 18:10:00
12734,1271,purchase,1046.0,2025-07-22 18:11:00
12735,547,visit,,2025-07-20 12:25:00
12736,547,product_view,1058.0,2025-07-20 12:29:00
12737,1242,visit,,2025-09-20 05:18:00
12738,1242,product_view,1078.0,2025-09-20 05:19:00
12739,1242,add_to_cart,1078.0,2025-09-20 05:22:00
12740,73,visit,,2025-09-27 23:46:00
12741,1304,visit,,2025-08-18 05:47:00
12742,1304,product_view,1107.0,2025-08-18 05:52:00
12743,1304,add_to_cart,1107.0,2025-08-18 05:53:00
12744,1304,checkout,1107.0,2025-08-18 05:54:00
12745,1304,purchase,1107.0,2025-08-18 05:55:00
12746,1368,visit,,2025-07-16 14:59:00
12747,1368,product_view,1106.0,2025-07-16 15:04:00
12748,1368,add_to_cart,1106.0,2025-07-16 15:06:00
12749,329,visit,,2025-07-31 02:11:00
12750,329,product_view,1027.0,2025-07-31 02:15:00
12751,329,add_to_cart,1027.0,2025-07-31 02:18:00
12752,329,checkout,1027.0,2025-07-31 02:21:00
12753,439,visit,,2025-08-14 13:07:00
12754,439,product_view,1067.0,2025-08-14 13:11:00
12755,535,visit,,2025-07-25 08:50:00
12756,535,product_view,1012.0,2025-07-25 08:54:00
12757,535,add_to_cart,1012.0,2025-07-25 08:56:00
12758,535,checkout,1012.0,2025-07-25 08:58:00
12759,535,purchase,1012.0,2025-07-25 09:00:00
12760,369,visit,,2025-07-13 21:57:00
12761,369,product_view,1117.0,2025-07-13 21:59:00
12762,369,add_to_cart,1117.0,2025-07-13 22:02:00
12763,369,checkout,1117.0,2025-07-13 22:04:00
12764,369,purchase,1117.0,2025-07-13 22:06:00
12765,230,visit,,2025-09-22 16:29:00
12766,230,product_view,1048.0,2025-09-22 16:34:00
12767,230,add_to_cart,1048.0,2025-09-22 16:37:00
12768,230,checkout,1048.0,2025-09-22 16:40:00
12769,230,purchase,1048.0,2025-09-22 16:43:00
12770,1359,visit,,2025-08-12 07:55:00
12771,5,visit,,2025-09-12 11:22:00
12772,5,product_view,1111.0,2025-09-12 11:27:00
12773,5,add_to_cart,1111.0,2025-09-12 11:29:00
12774,5,checkout,1111.0,2025-09-12 11:32:00
12775,1001,visit,,2025-08-28 18:22:00
12776,1001,product_view,1027.0,2025-08-28 18:24:00
12777,1001,add_to_cart,1027.0,2025-08-28 18:25:00
12778,1001,checkout,1027.0,2025-08-28 18:28:00
12779,147,visit,,2025-09-13 04:05:00
12780,147,product_view,1017.0,2025-09-13 04:06:00
12781,147,add_to_cart,1017.0,2025-09-13 04:07:00
12782,147,checkout,1017.0,2025-09-13 04:08:00
12783,147,purchase,1017.0,2025-09-13 04:09:00
12784,673,visit,,2025-08-17 21:02:00
12785,673,product_view,1025.0,2025-08-17 21:05:00
12786,673,add_to_cart,1025.0,2025-08-17 21:08:00
12787,591,visit,,2025-07-14 05:13:00
12788,591,product_view,1092.0,2025-07-14 05:15:00
12789,591,add_to_cart,1092.0,2025-07-14 05:17:00
12790,1143,visit,,2025-08-01 16:48:00
12791,1143,product_view,1062.0,2025-08-01 16:52:00
12792,1143,add_to_cart,1062.0,2025-08-01 16:55:00
12793,1143,checkout,1062.0,2025-08-01 16:56:00
12794,1143,purchase,1062.0,2025-08-01 16:57:00
12795,724,visit,,2025-08-26 16:13:00
12796,724,product_view,1072.0,2025-08-26 16:15:00
12797,724,add_to_cart,1072.0,2025-08-26 16:16:00
12798,724,checkout,1072.0,2025-08-26 16:19:00
12799,724,purchase,1072.0,2025-08-26 16:20:00
12800,1331,visit,,2025-09-05 00:39:00
12801,1221,visit,,2025-08-27 02:23:00
12802,1221,product_view,1027.0,2025-08-27 02:25:00
12803,1221,add_to_cart,1027.0,2025-08-27 02:29:00
12804,618,visit,,2025-09-15 17:35:00
12805,618,product_view,1035.0,2025-09-15 17:37:00
12806,618,add_to_cart,1035.0,2025-09-15 17:39:00
12807,618,checkout,1035.0,2025-09-15 17:41:00
12808,897,visit,,2025-07-30 17:07:00
12809,897,product_view,1114.0,2025-07-30 17:09:00
12810,897,add_to_cart,1114.0,2025-07-30 17:12:00
12811,897,checkout,1114.0,2025-07-30 17:14:00
12812,897,purchase,1114.0,2025-07-30 17:16:00
12813,632,visit,,2025-08-26 15:56:00
12814,32,visit,,2025-07-30 11:20:00
12815,32,product_view,1042.0,2025-07-30 11:25:00
12816,32,add_to_cart,1042.0,2025-07-30 11:27:00
12817,1131,visit,,2025-07-13 21:07:00
12818,1131,product_view,1093.0,2025-07-13 21:08:00
12819,367,visit,,2025-09-22 23:14:00
12820,367,product_view,1073.0,2025-09-22 23:17:00
12821,367,add_to_cart,1073.0,2025-09-22 23:19:00
12822,1096,visit,,2025-09-01 15:37:00
12823,340,visit,,2025-09-04 15:47:00
12824,340,product_view,1044.0,2025-09-04 15:51:00
12825,340,add_to_cart,1044.0,2025-09-04 15:54:00
12826,340,checkout,1044.0,2025-09-04 15:56:00
12827,340,purchase,1044.0,2025-09-04 15:57:00
12828,69,visit,,2025-07-03 12:26:00
12829,69,product_view,1058.0,2025-07-03 12:30:00
12830,69,add_to_cart,1058.0,2025-07-03 12:34:00
12831,69,checkout,1058.0,2025-07-03 12:35:00
12832,69,purchase,1058.0,2025-07-03 12:38:00
12833,1472,visit,,2025-09-28 02:06:00
12834,1209,visit,,2025-08-13 23:14:00
12835,1209,product_view,1043.0,2025-08-13 23:16:00
12836,1209,add_to_cart,1043.0,2025-08-13 23:17:00
12837,524,visit,,2025-07-08 07:31:00
12838,524,product_view,1088.0,2025-07-08 07:32:00
12839,18,visit,,2025-07-28 15:36:00
12840,18,product_view,1100.0,2025-07-28 15:38:00
12841,18,add_to_cart,1100.0,2025-07-28 15:39:00
12842,1190,visit,,2025-07-07 00:18:00
12843,760,visit,,2025-07-17 01:30:00
12844,760,product_view,1067.0,2025-07-17 01:31:00
12845,760,add_to_cart,1067.0,2025-07-17 01:34:00
12846,760,checkout,1067.0,2025-07-17 01:37:00
12847,760,purchase,1067.0,2025-07-17 01:39:00
12848,1145,visit,,2025-08-31 07:09:00
12849,1145,product_view,1035.0,2025-08-31 07:12:00
12850,1145,add_to_cart,1035.0,2025-08-31 07:16:00
12851,276,visit,,2025-09-23 19:01:00
12852,276,product_view,1074.0,2025-09-23 19:03:00
12853,276,add_to_cart,1074.0,2025-09-23 19:07:00
12854,276,checkout,1074.0,2025-09-23 19:08:00
12855,276,purchase,1074.0,2025-09-23 19:10:00
12856,1492,visit,,2025-09-18 11:30:00
12857,1492,product_view,1005.0,2025-09-18 11:35:00
12858,1492,add_to_cart,1005.0,2025-09-18 11:37:00
12859,1492,checkout,1005.0,2025-09-18 11:40:00
12860,1492,purchase,1005.0,2025-09-18 11:43:00
12861,1165,visit,,2025-08-23 17:55:00
12862,1165,product_view,1078.0,2025-08-23 17:58:00
12863,1165,add_to_cart,1078.0,2025-08-23 18:02:00
12864,1165,checkout,1078.0,2025-08-23 18:05:00
12865,1165,purchase,1078.0,2025-08-23 18:08:00
12866,1474,visit,,2025-07-11 23:28:00
12867,1474,product_view,1069.0,2025-07-11 23:30:00
12868,1474,add_to_cart,1069.0,2025-07-11 23:33:00
12869,1474,checkout,1069.0,2025-07-11 23:36:00
12870,1474,purchase,1069.0,2025-07-11 23:37:00
12871,1415,visit,,2025-08-11 13:30:00
12872,1415,product_view,1086.0,2025-08-11 13:33:00
12873,1415,add_to_cart,1086.0,2025-08-11 13:35:00
12874,1415,checkout,1086.0,2025-08-11 13:38:00
12875,1415,purchase,1086.0,2025-08-11 13:40:00
12876,1232,visit,,2025-09-15 21:15:00
12877,1232,product_view,1095.0,2025-09-15 21:16:00
12878,1232,add_to_cart,1095.0,2025-09-15 21:19:00
12879,161,visit,,2025-07-05 11:47:00
12880,161,product_view,1039.0,2025-07-05 11:48:00
12881,161,add_to_cart,1039.0,2025-07-05 11:52:00
12882,161,checkout,1039.0,2025-07-05 11:53:00
12883,557,visit,,2025-08-15 09:33:00
12884,557,product_view,1056.0,2025-08-15 09:34:00
12885,557,add_to_cart,1056.0,2025-08-15 09:37:00
12886,557,checkout,1056.0,2025-08-15 09:39:00
12887,522,visit,,2025-08-15 08:39:00
12888,522,product_view,1109.0,2025-08-15 08:44:00
12889,606,visit,,2025-09-07 14:22:00
12890,606,product_view,1094.0,2025-09-07 14:26:00
12891,606,add_to_cart,1094.0,2025-09-07 14:28:00
12892,812,visit,,2025-07-18 10:28:00
12893,812,product_view,1055.0,2025-07-18 10:29:00
12894,1087,visit,,2025-09-28 15:38:00
12895,1087,product_view,1006.0,2025-09-28 15:39:00
12896,1087,add_to_cart,1006.0,2025-09-28 15:40:00
12897,1087,checkout,1006.0,2025-09-28 15:41:00
12898,787,visit,,2025-07-23 21:42:00
12899,787,product_view,1046.0,2025-07-23 21:47:00
12900,754,visit,,2025-08-12 19:01:00
12901,754,product_view,1073.0,2025-08-12 19:02:00
12902,754,add_to_cart,1073.0,2025-08-12 19:03:00
12903,754,checkout,1073.0,2025-08-12 19:04:00
12904,526,visit,,2025-09-19 13:43:00
12905,526,product_view,1010.0,2025-09-19 13:47:00
12906,1479,visit,,2025-08-19 06:52:00
12907,1479,product_view,1085.0,2025-08-19 06:53:00
12908,1415,visit,,2025-07-30 05:44:00
12909,1415,product_view,1115.0,2025-07-30 05:49:00
12910,1415,add_to_cart,1115.0,2025-07-30 05:53:00
12911,1415,checkout,1115.0,2025-07-30 05:55:00
12912,1415,purchase,1115.0,2025-07-30 05:57:00
12913,847,visit,,2025-08-02 09:17:00
12914,847,product_view,1066.0,2025-08-02 09:21:00
12915,847,add_to_cart,1066.0,2025-08-02 09:23:00
12916,847,checkout,1066.0,2025-08-02 09:25:00
12917,847,purchase,1066.0,2025-08-02 09:28:00
12918,467,visit,,2025-09-04 02:55:00
12919,467,product_view,1024.0,2025-09-04 02:57:00
12920,1296,visit,,2025-08-04 23:43:00
12921,1296,product_view,1017.0,2025-08-04 23:47:00
12922,1220,visit,,2025-09-29 05:49:00
12923,1220,product_view,1105.0,2025-09-29 05:52:00
12924,190,visit,,2025-08-04 09:33:00
12925,1179,visit,,2025-07-03 00:36:00
12926,1179,product_view,1040.0,2025-07-03 00:40:00
12927,1179,add_to_cart,1040.0,2025-07-03 00:43:00
12928,481,visit,,2025-09-13 04:41:00
12929,481,product_view,1113.0,2025-09-13 04:46:00
12930,1031,visit,,2025-09-10 00:41:00
12931,500,visit,,2025-08-20 21:40:00
12932,500,product_view,1062.0,2025-08-20 21:44:00
12933,500,add_to_cart,1062.0,2025-08-20 21:47:00
12934,963,visit,,2025-07-27 14:33:00
12935,963,product_view,1119.0,2025-07-27 14:35:00
12936,963,add_to_cart,1119.0,2025-07-27 14:37:00
12937,963,checkout,1119.0,2025-07-27 14:40:00
12938,963,purchase,1119.0,2025-07-27 14:43:00
12939,252,visit,,2025-07-17 17:36:00
12940,252,product_view,1055.0,2025-07-17 17:40:00
12941,252,add_to_cart,1055.0,2025-07-17 17:44:00
12942,252,checkout,1055.0,2025-07-17 17:47:00
12943,118,visit,,2025-09-17 02:37:00
12944,118,product_view,1089.0,2025-09-17 02:39:00
12945,336,visit,,2025-08-02 04:21:00
12946,336,product_view,1049.0,2025-08-02 04:26:00
12947,336,add_to_cart,1049.0,2025-08-02 04:30:00
12948,336,checkout,1049.0,2025-08-02 04:33:00
12949,336,purchase,1049.0,2025-08-02 04:34:00
12950,728,visit,,2025-08-27 10:36:00
12951,728,product_view,1054.0,2025-08-27 10:39:00
12952,894,visit,,2025-07-28 23:37:00
12953,894,product_view,1094.0,2025-07-28 23:41:00
12954,894,add_to_cart,1094.0,2025-07-28 23:44:00
12955,913,visit,,2025-08-31 03:17:00
12956,913,product_view,1062.0,2025-08-31 03:21:00
12957,959,visit,,2025-07-08 04:23:00
12958,38,visit,,2025-07-11 11:23:00
12959,525,visit,,2025-08-06 01:40:00
12960,525,product_view,1080.0,2025-08-06 01:45:00
12961,1103,visit,,2025-08-28 10:08:00
12962,1103,product_view,1042.0,2025-08-28 10:10:00
12963,1103,add_to_cart,1042.0,2025-08-28 10:13:00
12964,1126,visit,,2025-08-15 10:46:00
12965,1126,product_view,1035.0,2025-08-15 10:50:00
12966,1126,add_to_cart,1035.0,2025-08-15 10:54:00
12967,1126,checkout,1035.0,2025-08-15 10:56:00
12968,1126,purchase,1035.0,2025-08-15 10:57:00
12969,1452,visit,,2025-08-12 00:36:00
12970,442,visit,,2025-07-02 21:28:00
12971,442,product_view,1100.0,2025-07-02 21:32:00
12972,442,add_to_cart,1100.0,2025-07-02 21:34:00
12973,442,checkout,1100.0,2025-07-02 21:37:00
12974,442,purchase,1100.0,2025-07-02 21:40:00
12975,1020,visit,,2025-09-10 18:17:00
12976,1020,product_view,1008.0,2025-09-10 18:19:00
12977,1322,visit,,2025-08-21 00:15:00
12978,1322,product_view,1055.0,2025-08-21 00:19:00
12979,1107,visit,,2025-09-20 05:49:00
12980,1107,product_view,1004.0,2025-09-20 05:52:00
12981,1107,add_to_cart,1004.0,2025-09-20 05:54:00
12982,1107,checkout,1004.0,2025-09-20 05:57:00
12983,585,visit,,2025-09-27 11:02:00
12984,585,product_view,1026.0,2025-09-27 11:06:00
12985,816,visit,,2025-07-14 13:22:00
12986,816,product_view,1103.0,2025-07-14 13:26:00
12987,957,visit,,2025-09-06 08:08:00
12988,957,product_view,1088.0,2025-09-06 08:09:00
12989,957,add_to_cart,1088.0,2025-09-06 08:12:00
12990,957,checkout,1088.0,2025-09-06 08:13:00
12991,957,purchase,1088.0,2025-09-06 08:15:00
12992,1394,visit,,2025-09-13 10:01:00
12993,1407,visit,,2025-07-23 10:38:00
12994,1407,product_view,1061.0,2025-07-23 10:39:00
12995,1407,add_to_cart,1061.0,2025-07-23 10:40:00
12996,1407,checkout,1061.0,2025-07-23 10:43:00
12997,1407,purchase,1061.0,2025-07-23 10:44:00
12998,1280,visit,,2025-07-19 06:03:00
12999,1280,product_view,1066.0,2025-07-19 06:04:00
13000,1280,add_to_cart,1066.0,2025-07-19 06:05:00
13001,1280,checkout,1066.0,2025-07-19 06:08:00
13002,1280,purchase,1066.0,2025-07-19 06:11:00
13003,38,visit,,2025-07-27 15:19:00
13004,38,product_view,1019.0,2025-07-27 15:23:00
13005,1467,visit,,2025-08-05 19:18:00
13006,1467,product_view,1023.0,2025-08-05 19:19:00
13007,1467,add_to_cart,1023.0,2025-08-05 19:23:00
13008,1309,visit,,2025-09-17 19:07:00
13009,1309,product_view,1046.0,2025-09-17 19:09:00
13010,616,visit,,2025-08-03 01:15:00
13011,616,product_view,1054.0,2025-08-03 01:16:00
13012,616,add_to_cart,1054.0,2025-08-03 01:20:00
13013,194,visit,,2025-08-25 11:37:00
13014,194,product_view,1034.0,2025-08-25 11:38:00
13015,57,visit,,2025-07-25 07:36:00
13016,57,product_view,1104.0,2025-07-25 07:37:00
13017,1235,visit,,2025-08-25 21:27:00
13018,1235,product_view,1050.0,2025-08-25 21:30:00
13019,1235,add_to_cart,1050.0,2025-08-25 21:33:00
13020,1143,visit,,2025-07-27 23:30:00
13021,1143,product_view,1087.0,2025-07-27 23:33:00
13022,1086,visit,,2025-08-08 12:15:00
13023,1086,product_view,1065.0,2025-08-08 12:19:00
13024,1086,add_to_cart,1065.0,2025-08-08 12:22:00
13025,1086,checkout,1065.0,2025-08-08 12:23:00
13026,1086,purchase,1065.0,2025-08-08 12:26:00
13027,919,visit,,2025-07-18 21:50:00
13028,919,product_view,1061.0,2025-07-18 21:54:00
13029,153,visit,,2025-07-21 11:02:00
13030,676,visit,,2025-07-26 05:27:00
13031,676,product_view,1046.0,2025-07-26 05:32:00
13032,676,add_to_cart,1046.0,2025-07-26 05:35:00
13033,1440,visit,,2025-08-01 22:29:00
13034,1440,product_view,1066.0,2025-08-01 22:34:00
13035,1449,visit,,2025-09-14 07:46:00
13036,1449,product_view,1063.0,2025-09-14 07:51:00
13037,550,visit,,2025-09-15 02:51:00
13038,550,product_view,1111.0,2025-09-15 02:56:00
13039,907,visit,,2025-09-03 15:30:00
13040,907,product_view,1022.0,2025-09-03 15:35:00
13041,907,add_to_cart,1022.0,2025-09-03 15:36:00
13042,907,checkout,1022.0,2025-09-03 15:37:00
13043,907,purchase,1022.0,2025-09-03 15:40:00
13044,1223,visit,,2025-09-18 12:20:00
13045,1223,product_view,1049.0,2025-09-18 12:23:00
13046,1223,add_to_cart,1049.0,2025-09-18 12:26:00
13047,1223,checkout,1049.0,2025-09-18 12:27:00
13048,1223,purchase,1049.0,2025-09-18 12:28:00
13049,38,visit,,2025-07-03 08:04:00
13050,38,product_view,1037.0,2025-07-03 08:05:00
13051,38,add_to_cart,1037.0,2025-07-03 08:06:00
13052,38,checkout,1037.0,2025-07-03 08:07:00
13053,38,purchase,1037.0,2025-07-03 08:09:00
13054,1410,visit,,2025-08-28 01:59:00
13055,1410,product_view,1032.0,2025-08-28 02:02:00
13056,1410,add_to_cart,1032.0,2025-08-28 02:03:00
13057,1410,checkout,1032.0,2025-08-28 02:05:00
13058,1410,purchase,1032.0,2025-08-28 02:07:00
13059,62,visit,,2025-09-13 06:23:00
13060,62,product_view,1011.0,2025-09-13 06:24:00
13061,63,visit,,2025-07-15 23:20:00
13062,63,product_view,1113.0,2025-07-15 23:23:00
13063,63,add_to_cart,1113.0,2025-07-15 23:25:00
13064,188,visit,,2025-07-29 15:03:00
13065,188,product_view,1105.0,2025-07-29 15:04:00
13066,1420,visit,,2025-08-05 18:12:00
13067,1420,product_view,1060.0,2025-08-05 18:16:00
13068,1420,add_to_cart,1060.0,2025-08-05 18:17:00
13069,478,visit,,2025-07-24 03:45:00
13070,912,visit,,2025-08-28 06:15:00
13071,912,product_view,1028.0,2025-08-28 06:19:00
13072,1350,visit,,2025-07-11 00:06:00
13073,1350,product_view,1006.0,2025-07-11 00:09:00
13074,848,visit,,2025-07-10 17:39:00
13075,327,visit,,2025-09-25 08:00:00
13076,852,visit,,2025-07-27 16:24:00
13077,852,product_view,1010.0,2025-07-27 16:29:00
13078,852,add_to_cart,1010.0,2025-07-27 16:33:00
13079,852,checkout,1010.0,2025-07-27 16:36:00
13080,852,purchase,1010.0,2025-07-27 16:37:00
13081,512,visit,,2025-09-08 23:02:00
13082,512,product_view,1044.0,2025-09-08 23:06:00
13083,512,add_to_cart,1044.0,2025-09-08 23:07:00
13084,67,visit,,2025-08-13 01:05:00
13085,497,visit,,2025-07-09 22:07:00
13086,497,product_view,1119.0,2025-07-09 22:10:00
13087,1285,visit,,2025-07-08 04:30:00
13088,1285,product_view,1053.0,2025-07-08 04:32:00
13089,1440,visit,,2025-08-05 15:31:00
13090,1440,product_view,1111.0,2025-08-05 15:35:00
13091,1440,add_to_cart,1111.0,2025-08-05 15:38:00
13092,1440,checkout,1111.0,2025-08-05 15:41:00
13093,681,visit,,2025-07-20 10:30:00
13094,681,product_view,1049.0,2025-07-20 10:33:00
13095,681,add_to_cart,1049.0,2025-07-20 10:36:00
13096,681,checkout,1049.0,2025-07-20 10:38:00
13097,793,visit,,2025-08-03 21:47:00
13098,793,product_view,1076.0,2025-08-03 21:51:00
13099,1493,visit,,2025-09-01 10:54:00
13100,1493,product_view,1098.0,2025-09-01 10:55:00
13101,327,visit,,2025-09-02 03:50:00
13102,327,product_view,1064.0,2025-09-02 03:55:00
13103,199,visit,,2025-07-08 11:35:00
13104,199,product_view,1049.0,2025-07-08 11:36:00
13105,1375,visit,,2025-08-12 11:58:00
13106,1375,product_view,1101.0,2025-08-12 12:03:00
13107,1375,add_to_cart,1101.0,2025-08-12 12:07:00
13108,782,visit,,2025-08-11 01:16:00
13109,782,product_view,1109.0,2025-08-11 01:19:00
13110,782,add_to_cart,1109.0,2025-08-11 01:22:00
13111,572,visit,,2025-07-18 19:59:00
13112,572,product_view,1096.0,2025-07-18 20:01:00
13113,1012,visit,,2025-09-19 00:33:00
13114,1012,product_view,1102.0,2025-09-19 00:36:00
13115,133,visit,,2025-07-16 07:28:00
13116,133,product_view,1043.0,2025-07-16 07:32:00
13117,363,visit,,2025-09-04 08:56:00
13118,363,product_view,1053.0,2025-09-04 09:00:00
13119,363,add_to_cart,1053.0,2025-09-04 09:02:00
13120,363,checkout,1053.0,2025-09-04 09:04:00
13121,1363,visit,,2025-07-15 09:09:00
13122,12,visit,,2025-08-18 21:34:00
13123,12,product_view,1057.0,2025-08-18 21:35:00
13124,12,add_to_cart,1057.0,2025-08-18 21:36:00
13125,451,visit,,2025-08-16 18:30:00
13126,451,product_view,1055.0,2025-08-16 18:32:00
13127,1333,visit,,2025-08-29 12:26:00
13128,1333,product_view,1101.0,2025-08-29 12:27:00
13129,1333,add_to_cart,1101.0,2025-08-29 12:28:00
13130,172,visit,,2025-07-05 00:50:00
13131,172,product_view,1042.0,2025-07-05 00:51:00
13132,172,add_to_cart,1042.0,2025-07-05 00:55:00
13133,172,checkout,1042.0,2025-07-05 00:56:00
13134,1100,visit,,2025-07-01 00:57:00
13135,1100,product_view,1113.0,2025-07-01 01:01:00
13136,367,visit,,2025-08-06 11:23:00
13137,367,product_view,1065.0,2025-08-06 11:24:00
13138,367,add_to_cart,1065.0,2025-08-06 11:28:00
13139,988,visit,,2025-07-06 13:27:00
13140,988,product_view,1103.0,2025-07-06 13:28:00
13141,327,visit,,2025-07-23 17:48:00
13142,327,product_view,1103.0,2025-07-23 17:53:00
13143,531,visit,,2025-07-02 20:37:00
13144,531,product_view,1027.0,2025-07-02 20:38:00
13145,531,add_to_cart,1027.0,2025-07-02 20:42:00
13146,745,visit,,2025-09-01 17:14:00
13147,745,product_view,1080.0,2025-09-01 17:18:00
13148,575,visit,,2025-09-27 01:57:00
13149,575,product_view,1101.0,2025-09-27 02:02:00
13150,575,add_to_cart,1101.0,2025-09-27 02:03:00
13151,575,checkout,1101.0,2025-09-27 02:06:00
13152,587,visit,,2025-08-29 20:56:00
13153,587,product_view,1089.0,2025-08-29 21:01:00
13154,1093,visit,,2025-09-08 00:05:00
13155,1093,product_view,1111.0,2025-09-08 00:07:00
13156,1093,add_to_cart,1111.0,2025-09-08 00:11:00
13157,125,visit,,2025-07-28 13:06:00
13158,125,product_view,1069.0,2025-07-28 13:11:00
13159,125,add_to_cart,1069.0,2025-07-28 13:13:00
13160,125,checkout,1069.0,2025-07-28 13:16:00
13161,125,purchase,1069.0,2025-07-28 13:17:00
13162,1330,visit,,2025-07-07 23:41:00
13163,1330,product_view,1022.0,2025-07-07 23:43:00
13164,1330,add_to_cart,1022.0,2025-07-07 23:45:00
13165,691,visit,,2025-08-15 19:06:00
13166,691,product_view,1080.0,2025-08-15 19:10:00
13167,691,add_to_cart,1080.0,2025-08-15 19:14:00
13168,893,visit,,2025-08-22 04:36:00
13169,893,product_view,1091.0,2025-08-22 04:39:00
13170,893,add_to_cart,1091.0,2025-08-22 04:43:00
13171,395,visit,,2025-07-07 04:49:00
13172,395,product_view,1050.0,2025-07-07 04:53:00
13173,395,add_to_cart,1050.0,2025-07-07 04:55:00
13174,125,visit,,2025-07-19 05:20:00
13175,737,visit,,2025-09-09 00:24:00
13176,737,product_view,1006.0,2025-09-09 00:25:00
13177,1146,visit,,2025-08-29 06:52:00
13178,1331,visit,,2025-09-10 15:58:00
13179,1331,product_view,1111.0,2025-09-10 16:03:00
13180,1303,visit,,2025-08-06 03:48:00
13181,1303,product_view,1114.0,2025-08-06 03:49:00
13182,896,visit,,2025-08-11 17:18:00
13183,896,product_view,1050.0,2025-08-11 17:20:00
13184,1155,visit,,2025-07-04 00:17:00
13185,1155,product_view,1030.0,2025-07-04 00:19:00
13186,642,visit,,2025-09-22 22:26:00
13187,642,product_view,1108.0,2025-09-22 22:31:00
13188,1288,visit,,2025-07-05 12:17:00
13189,1288,product_view,1064.0,2025-07-05 12:19:00
13190,1288,add_to_cart,1064.0,2025-07-05 12:20:00
13191,1288,checkout,1064.0,2025-07-05 12:22:00
13192,105,visit,,2025-08-10 23:35:00
13193,105,product_view,1082.0,2025-08-10 23:36:00
13194,105,add_to_cart,1082.0,2025-08-10 23:37:00
13195,105,checkout,1082.0,2025-08-10 23:40:00
13196,105,purchase,1082.0,2025-08-10 23:41:00
13197,933,visit,,2025-08-03 11:07:00
13198,9,visit,,2025-07-07 10:58:00
13199,9,product_view,1088.0,2025-07-07 10:59:00
13200,243,visit,,2025-09-18 17:59:00
13201,1006,visit,,2025-08-08 15:13:00
13202,1041,visit,,2025-07-01 17:18:00
13203,1041,product_view,1100.0,2025-07-01 17:21:00
13204,1041,add_to_cart,1100.0,2025-07-01 17:23:00
13205,1041,checkout,1100.0,2025-07-01 17:26:00
13206,1041,purchase,1100.0,2025-07-01 17:27:00
13207,336,visit,,2025-08-10 07:11:00
13208,336,product_view,1045.0,2025-08-10 07:13:00
13209,739,visit,,2025-08-10 11:57:00
13210,739,product_view,1010.0,2025-08-10 11:59:00
13211,739,add_to_cart,1010.0,2025-08-10 12:02:00
13212,739,checkout,1010.0,2025-08-10 12:03:00
13213,1133,visit,,2025-08-30 21:48:00
13214,708,visit,,2025-08-16 03:13:00
13215,1275,visit,,2025-09-27 03:56:00
13216,1275,product_view,1096.0,2025-09-27 03:59:00
13217,1275,add_to_cart,1096.0,2025-09-27 04:00:00
13218,1275,checkout,1096.0,2025-09-27 04:01:00
13219,209,visit,,2025-07-03 22:59:00
13220,209,product_view,1017.0,2025-07-03 23:03:00
13221,209,add_to_cart,1017.0,2025-07-03 23:04:00
13222,766,visit,,2025-08-12 13:37:00
13223,766,product_view,1009.0,2025-08-12 13:39:00
13224,766,add_to_cart,1009.0,2025-08-12 13:41:00
13225,766,checkout,1009.0,2025-08-12 13:44:00
13226,766,purchase,1009.0,2025-08-12 13:46:00
13227,1171,visit,,2025-09-13 08:28:00
13228,1171,product_view,1115.0,2025-09-13 08:32:00
13229,416,visit,,2025-09-11 04:43:00
13230,416,product_view,1006.0,2025-09-11 04:45:00
13231,769,visit,,2025-08-16 13:12:00
13232,769,product_view,1007.0,2025-08-16 13:13:00
13233,769,add_to_cart,1007.0,2025-08-16 13:15:00
13234,769,checkout,1007.0,2025-08-16 13:16:00
13235,769,purchase,1007.0,2025-08-16 13:17:00
13236,609,visit,,2025-07-12 04:41:00
13237,609,product_view,1079.0,2025-07-12 04:42:00
13238,882,visit,,2025-09-13 09:55:00
13239,882,product_view,1050.0,2025-09-13 09:58:00
13240,882,add_to_cart,1050.0,2025-09-13 10:02:00
13241,882,checkout,1050.0,2025-09-13 10:05:00
13242,882,purchase,1050.0,2025-09-13 10:08:00
13243,646,visit,,2025-09-15 08:23:00
13244,1131,visit,,2025-07-16 11:02:00
13245,1131,product_view,1098.0,2025-07-16 11:07:00
13246,1131,add_to_cart,1098.0,2025-07-16 11:08:00
13247,782,visit,,2025-07-30 20:59:00
13248,1094,visit,,2025-09-18 17:37:00
13249,1094,product_view,1058.0,2025-09-18 17:41:00
13250,492,visit,,2025-07-06 04:12:00
13251,492,product_view,1087.0,2025-07-06 04:14:00
13252,431,visit,,2025-07-29 22:33:00
13253,431,product_view,1031.0,2025-07-29 22:35:00
13254,431,add_to_cart,1031.0,2025-07-29 22:39:00
13255,431,checkout,1031.0,2025-07-29 22:40:00
13256,431,purchase,1031.0,2025-07-29 22:43:00
13257,1462,visit,,2025-07-20 15:01:00
13258,1462,product_view,1085.0,2025-07-20 15:02:00
13259,503,visit,,2025-09-08 13:59:00
13260,503,product_view,1100.0,2025-09-08 14:04:00
13261,503,add_to_cart,1100.0,2025-09-08 14:05:00
13262,1336,visit,,2025-08-19 01:47:00
13263,1336,product_view,1020.0,2025-08-19 01:50:00
13264,1336,add_to_cart,1020.0,2025-08-19 01:54:00
13265,415,visit,,2025-09-03 00:22:00
13266,415,product_view,1053.0,2025-09-03 00:26:00
13267,415,add_to_cart,1053.0,2025-09-03 00:27:00
13268,1077,visit,,2025-07-26 06:56:00
13269,1156,visit,,2025-07-04 02:38:00
13270,1156,product_view,1059.0,2025-07-04 02:43:00
13271,1156,add_to_cart,1059.0,2025-07-04 02:46:00
13272,1156,checkout,1059.0,2025-07-04 02:47:00
13273,1156,purchase,1059.0,2025-07-04 02:49:00
13274,204,visit,,2025-09-27 12:08:00
13275,204,product_view,1068.0,2025-09-27 12:13:00
13276,204,add_to_cart,1068.0,2025-09-27 12:17:00
13277,827,visit,,2025-09-06 21:11:00
13278,827,product_view,1059.0,2025-09-06 21:12:00
13279,1116,visit,,2025-08-19 00:00:00
13280,1116,product_view,1074.0,2025-08-19 00:04:00
13281,1033,visit,,2025-09-06 02:56:00
13282,997,visit,,2025-07-07 09:46:00
13283,757,visit,,2025-09-08 21:17:00
13284,757,product_view,1022.0,2025-09-08 21:22:00
13285,865,visit,,2025-07-10 21:28:00
13286,865,product_view,1070.0,2025-07-10 21:30:00
13287,207,visit,,2025-09-17 19:50:00
13288,207,product_view,1086.0,2025-09-17 19:55:00
13289,207,add_to_cart,1086.0,2025-09-17 19:57:00
13290,207,checkout,1086.0,2025-09-17 20:00:00
13291,207,purchase,1086.0,2025-09-17 20:01:00
13292,1145,visit,,2025-07-01 19:34:00
13293,709,visit,,2025-08-03 08:58:00
13294,709,product_view,1114.0,2025-08-03 09:02:00
13295,92,visit,,2025-08-04 17:15:00
13296,92,product_view,1105.0,2025-08-04 17:19:00
13297,652,visit,,2025-08-18 22:29:00
13298,1300,visit,,2025-08-19 01:11:00
13299,1300,product_view,1018.0,2025-08-19 01:12:00
13300,1033,visit,,2025-07-04 13:45:00
13301,1033,product_view,1089.0,2025-07-04 13:49:00
13302,1033,add_to_cart,1089.0,2025-07-04 13:52:00
13303,1241,visit,,2025-09-12 15:40:00
13304,1241,product_view,1114.0,2025-09-12 15:42:00
13305,1088,visit,,2025-09-10 00:53:00
13306,1088,product_view,1064.0,2025-09-10 00:57:00
13307,1088,add_to_cart,1064.0,2025-09-10 01:00:00
13308,494,visit,,2025-07-14 04:26:00
13309,494,product_view,1057.0,2025-07-14 04:31:00
13310,494,add_to_cart,1057.0,2025-07-14 04:32:00
13311,494,checkout,1057.0,2025-07-14 04:33:00
13312,494,purchase,1057.0,2025-07-14 04:35:00
13313,1107,visit,,2025-07-13 07:40:00
13314,1107,product_view,1082.0,2025-07-13 07:42:00
13315,582,visit,,2025-07-22 03:53:00
13316,582,product_view,1105.0,2025-07-22 03:56:00
13317,582,add_to_cart,1105.0,2025-07-22 03:58:00
13318,582,checkout,1105.0,2025-07-22 04:01:00
13319,582,purchase,1105.0,2025-07-22 04:04:00
13320,505,visit,,2025-07-15 15:34:00
13321,505,product_view,1026.0,2025-07-15 15:36:00
13322,80,visit,,2025-09-22 19:30:00
13323,80,product_view,1046.0,2025-09-22 19:32:00
13324,80,add_to_cart,1046.0,2025-09-22 19:35:00
13325,903,visit,,2025-08-05 22:58:00
13326,903,product_view,1067.0,2025-08-05 22:59:00
13327,681,visit,,2025-08-27 09:26:00
13328,285,visit,,2025-09-15 19:44:00
13329,285,product_view,1015.0,2025-09-15 19:47:00
13330,703,visit,,2025-07-17 10:57:00
13331,703,product_view,1081.0,2025-07-17 11:00:00
13332,703,add_to_cart,1081.0,2025-07-17 11:03:00
13333,703,checkout,1081.0,2025-07-17 11:05:00
13334,703,purchase,1081.0,2025-07-17 11:06:00
13335,366,visit,,2025-09-16 01:29:00
13336,366,product_view,1074.0,2025-09-16 01:33:00
13337,366,add_to_cart,1074.0,2025-09-16 01:36:00
13338,366,checkout,1074.0,2025-09-16 01:39:00
13339,366,purchase,1074.0,2025-09-16 01:41:00
13340,214,visit,,2025-09-05 05:28:00
13341,214,product_view,1030.0,2025-09-05 05:30:00
13342,1375,visit,,2025-09-06 06:15:00
13343,1375,product_view,1069.0,2025-09-06 06:17:00
13344,1365,visit,,2025-09-16 16:24:00
13345,1365,product_view,1097.0,2025-09-16 16:27:00
13346,518,visit,,2025-09-22 16:47:00
13347,518,product_view,1055.0,2025-09-22 16:52:00
13348,518,add_to_cart,1055.0,2025-09-22 16:56:00
13349,124,visit,,2025-08-16 12:23:00
13350,124,product_view,1030.0,2025-08-16 12:28:00
13351,124,add_to_cart,1030.0,2025-08-16 12:31:00
13352,124,checkout,1030.0,2025-08-16 12:34:00
13353,1446,visit,,2025-09-13 05:26:00
13354,1446,product_view,1040.0,2025-09-13 05:28:00
13355,9,visit,,2025-08-21 01:03:00
13356,9,product_view,1083.0,2025-08-21 01:05:00
13357,845,visit,,2025-08-06 12:40:00
13358,845,product_view,1111.0,2025-08-06 12:45:00
13359,155,visit,,2025-09-16 01:36:00
13360,172,visit,,2025-07-07 19:06:00
13361,172,product_view,1001.0,2025-07-07 19:09:00
13362,1215,visit,,2025-08-11 09:21:00
13363,1476,visit,,2025-07-05 01:06:00
13364,1476,product_view,1032.0,2025-07-05 01:11:00
13365,820,visit,,2025-09-22 23:55:00
13366,820,product_view,1017.0,2025-09-22 23:58:00
13367,1333,visit,,2025-07-21 00:58:00
13368,1333,product_view,1089.0,2025-07-21 01:00:00
13369,268,visit,,2025-09-24 21:35:00
13370,268,product_view,1044.0,2025-09-24 21:39:00
13371,405,visit,,2025-09-02 06:10:00
13372,405,product_view,1008.0,2025-09-02 06:14:00
13373,405,add_to_cart,1008.0,2025-09-02 06:18:00
13374,405,checkout,1008.0,2025-09-02 06:19:00
13375,405,purchase,1008.0,2025-09-02 06:21:00
13376,1285,visit,,2025-09-25 21:25:00
13377,1285,product_view,1069.0,2025-09-25 21:26:00
13378,1014,visit,,2025-07-28 21:58:00
13379,1014,product_view,1012.0,2025-07-28 22:00:00
13380,1014,add_to_cart,1012.0,2025-07-28 22:01:00
13381,1014,checkout,1012.0,2025-07-28 22:02:00
13382,1014,purchase,1012.0,2025-07-28 22:04:00
13383,527,visit,,2025-08-09 18:41:00
13384,527,product_view,1032.0,2025-08-09 18:45:00
13385,527,add_to_cart,1032.0,2025-08-09 18:49:00
13386,730,visit,,2025-08-10 06:18:00
13387,730,product_view,1008.0,2025-08-10 06:22:00
13388,540,visit,,2025-07-11 13:00:00
13389,540,product_view,1011.0,2025-07-11 13:03:00
13390,722,visit,,2025-09-09 17:46:00
13391,722,product_view,1025.0,2025-09-09 17:49:00
13392,1149,visit,,2025-08-10 18:59:00
13393,1149,product_view,1064.0,2025-08-10 19:00:00
13394,1149,add_to_cart,1064.0,2025-08-10 19:01:00
13395,662,visit,,2025-09-06 23:50:00
13396,662,product_view,1021.0,2025-09-06 23:52:00
13397,102,visit,,2025-07-13 12:59:00
13398,1493,visit,,2025-07-03 21:15:00
13399,1493,product_view,1030.0,2025-07-03 21:17:00
13400,1014,visit,,2025-09-29 08:18:00
13401,1014,product_view,1059.0,2025-09-29 08:21:00
13402,1014,add_to_cart,1059.0,2025-09-29 08:23:00
13403,1014,checkout,1059.0,2025-09-29 08:25:00
13404,1014,purchase,1059.0,2025-09-29 08:27:00
13405,878,visit,,2025-09-02 22:41:00
13406,878,product_view,1118.0,2025-09-02 22:42:00
13407,878,add_to_cart,1118.0,2025-09-02 22:46:00
13408,266,visit,,2025-09-20 20:48:00
13409,266,product_view,1034.0,2025-09-20 20:51:00
13410,985,visit,,2025-09-04 06:42:00
13411,985,product_view,1020.0,2025-09-04 06:43:00
13412,21,visit,,2025-08-27 20:57:00
13413,21,product_view,1053.0,2025-08-27 20:58:00
13414,21,add_to_cart,1053.0,2025-08-27 21:02:00
13415,21,checkout,1053.0,2025-08-27 21:04:00
13416,1257,visit,,2025-07-22 18:36:00
13417,1257,product_view,1066.0,2025-07-22 18:40:00
13418,269,visit,,2025-07-17 16:08:00
13419,269,product_view,1016.0,2025-07-17 16:13:00
13420,269,add_to_cart,1016.0,2025-07-17 16:17:00
13421,104,visit,,2025-07-24 09:33:00
13422,104,product_view,1118.0,2025-07-24 09:34:00
13423,104,add_to_cart,1118.0,2025-07-24 09:37:00
13424,104,checkout,1118.0,2025-07-24 09:40:00
13425,104,purchase,1118.0,2025-07-24 09:42:00
13426,535,visit,,2025-08-03 21:22:00
13427,718,visit,,2025-09-22 04:49:00
13428,718,product_view,1015.0,2025-09-22 04:51:00
13429,564,visit,,2025-08-29 22:01:00
13430,564,product_view,1008.0,2025-08-29 22:02:00
13431,564,add_to_cart,1008.0,2025-08-29 22:04:00
13432,564,checkout,1008.0,2025-08-29 22:07:00
13433,564,purchase,1008.0,2025-08-29 22:09:00
13434,1329,visit,,2025-07-31 10:59:00
13435,1329,product_view,1038.0,2025-07-31 11:02:00
13436,1269,visit,,2025-08-30 06:44:00
13437,1269,product_view,1003.0,2025-08-30 06:45:00
13438,1269,add_to_cart,1003.0,2025-08-30 06:47:00
13439,1269,checkout,1003.0,2025-08-30 06:48:00
13440,374,visit,,2025-08-09 20:09:00
13441,374,product_view,1051.0,2025-08-09 20:14:00
13442,374,add_to_cart,1051.0,2025-08-09 20:17:00
13443,374,checkout,1051.0,2025-08-09 20:19:00
13444,1035,visit,,2025-07-28 14:40:00
13445,107,visit,,2025-07-08 11:54:00
13446,107,product_view,1063.0,2025-07-08 11:55:00
13447,1322,visit,,2025-07-03 20:25:00
13448,789,visit,,2025-07-28 05:28:00
13449,789,product_view,1086.0,2025-07-28 05:31:00
13450,415,visit,,2025-08-24 10:28:00
13451,415,product_view,1017.0,2025-08-24 10:32:00
13452,108,visit,,2025-09-01 01:30:00
13453,108,product_view,1033.0,2025-09-01 01:32:00
13454,108,add_to_cart,1033.0,2025-09-01 01:36:00
13455,108,checkout,1033.0,2025-09-01 01:38:00
13456,108,purchase,1033.0,2025-09-01 01:41:00
13457,1271,visit,,2025-09-18 13:53:00
13458,1271,product_view,1076.0,2025-09-18 13:57:00
13459,223,visit,,2025-09-05 09:23:00
13460,223,product_view,1104.0,2025-09-05 09:24:00
13461,1201,visit,,2025-09-25 07:32:00
13462,927,visit,,2025-09-11 04:33:00
13463,927,product_view,1092.0,2025-09-11 04:35:00
13464,37,visit,,2025-08-23 11:06:00
13465,37,product_view,1013.0,2025-08-23 11:11:00
13466,37,add_to_cart,1013.0,2025-08-23 11:15:00
13467,915,visit,,2025-09-08 23:31:00
13468,740,visit,,2025-08-12 23:14:00
13469,740,product_view,1083.0,2025-08-12 23:16:00
13470,740,add_to_cart,1083.0,2025-08-12 23:20:00
13471,740,checkout,1083.0,2025-08-12 23:21:00
13472,740,purchase,1083.0,2025-08-12 23:24:00
13473,1314,visit,,2025-09-02 10:57:00
13474,1314,product_view,1039.0,2025-09-02 10:58:00
13475,867,visit,,2025-07-13 14:24:00
13476,867,product_view,1096.0,2025-07-13 14:25:00
13477,867,add_to_cart,1096.0,2025-07-13 14:26:00
13478,89,visit,,2025-09-02 16:27:00
13479,89,product_view,1022.0,2025-09-02 16:32:00
13480,731,visit,,2025-09-05 21:58:00
13481,731,product_view,1114.0,2025-09-05 22:02:00
13482,731,add_to_cart,1114.0,2025-09-05 22:03:00
13483,731,checkout,1114.0,2025-09-05 22:06:00
13484,731,purchase,1114.0,2025-09-05 22:08:00
13485,1051,visit,,2025-09-22 01:55:00
13486,1051,product_view,1115.0,2025-09-22 01:59:00
13487,1051,add_to_cart,1115.0,2025-09-22 02:00:00
13488,1051,checkout,1115.0,2025-09-22 02:01:00
13489,785,visit,,2025-07-27 05:46:00
13490,785,product_view,1077.0,2025-07-27 05:51:00
13491,1401,visit,,2025-09-29 15:18:00
13492,1401,product_view,1022.0,2025-09-29 15:22:00
13493,367,visit,,2025-09-04 21:39:00
13494,367,product_view,1051.0,2025-09-04 21:41:00
13495,367,add_to_cart,1051.0,2025-09-04 21:44:00
13496,367,checkout,1051.0,2025-09-04 21:46:00
13497,423,visit,,2025-09-01 04:54:00
13498,423,product_view,1069.0,2025-09-01 04:58:00
13499,423,add_to_cart,1069.0,2025-09-01 05:00:00
13500,636,visit,,2025-09-22 09:16:00
13501,636,product_view,1111.0,2025-09-22 09:19:00
13502,236,visit,,2025-09-29 18:24:00
13503,236,product_view,1076.0,2025-09-29 18:27:00
13504,1177,visit,,2025-09-22 12:11:00
13505,1177,product_view,1098.0,2025-09-22 12:13:00
13506,13,visit,,2025-07-19 15:28:00
13507,153,visit,,2025-08-15 14:54:00
13508,1364,visit,,2025-08-22 16:21:00
13509,1364,product_view,1082.0,2025-08-22 16:25:00
13510,1364,add_to_cart,1082.0,2025-08-22 16:26:00
13511,320,visit,,2025-07-12 20:58:00
13512,320,product_view,1045.0,2025-07-12 20:59:00
13513,184,visit,,2025-09-07 13:28:00
13514,184,product_view,1084.0,2025-09-07 13:29:00
13515,184,add_to_cart,1084.0,2025-09-07 13:30:00
13516,184,checkout,1084.0,2025-09-07 13:33:00
13517,184,purchase,1084.0,2025-09-07 13:35:00
13518,1269,visit,,2025-08-21 23:29:00
13519,1269,product_view,1053.0,2025-08-21 23:30:00
13520,1475,visit,,2025-07-07 22:17:00
13521,1475,product_view,1043.0,2025-07-07 22:18:00
13522,3,visit,,2025-08-20 20:23:00
13523,3,product_view,1024.0,2025-08-20 20:27:00
13524,946,visit,,2025-08-23 20:54:00
13525,946,product_view,1048.0,2025-08-23 20:58:00
13526,946,add_to_cart,1048.0,2025-08-23 21:02:00
13527,1486,visit,,2025-09-14 20:30:00
13528,1486,product_view,1018.0,2025-09-14 20:33:00
13529,1486,add_to_cart,1018.0,2025-09-14 20:34:00
13530,1486,checkout,1018.0,2025-09-14 20:36:00
13531,1486,purchase,1018.0,2025-09-14 20:39:00
13532,1488,visit,,2025-07-31 07:03:00
13533,1488,product_view,1020.0,2025-07-31 07:06:00
13534,873,visit,,2025-09-28 05:07:00
13535,873,product_view,1098.0,2025-09-28 05:11:00
13536,857,visit,,2025-07-13 12:53:00
13537,857,product_view,1108.0,2025-07-13 12:57:00
13538,857,add_to_cart,1108.0,2025-07-13 12:58:00
13539,857,checkout,1108.0,2025-07-13 13:00:00
13540,857,purchase,1108.0,2025-07-13 13:03:00
13541,1006,visit,,2025-09-06 02:40:00
13542,856,visit,,2025-09-13 06:03:00
13543,1330,visit,,2025-07-15 11:55:00
13544,1330,product_view,1049.0,2025-07-15 11:56:00
13545,104,visit,,2025-08-20 03:25:00
13546,104,product_view,1056.0,2025-08-20 03:27:00
13547,104,add_to_cart,1056.0,2025-08-20 03:31:00
13548,104,checkout,1056.0,2025-08-20 03:34:00
13549,104,purchase,1056.0,2025-08-20 03:35:00
13550,943,visit,,2025-09-12 20:54:00
13551,943,product_view,1085.0,2025-09-12 20:58:00
13552,1382,visit,,2025-07-14 19:36:00
13553,845,visit,,2025-07-05 18:59:00
13554,845,product_view,1057.0,2025-07-05 19:00:00
13555,845,add_to_cart,1057.0,2025-07-05 19:03:00
13556,845,checkout,1057.0,2025-07-05 19:04:00
13557,307,visit,,2025-09-04 07:01:00
13558,307,product_view,1078.0,2025-09-04 07:05:00
13559,307,add_to_cart,1078.0,2025-09-04 07:08:00
13560,927,visit,,2025-09-11 17:32:00
13561,314,visit,,2025-07-28 14:22:00
13562,314,product_view,1033.0,2025-07-28 14:27:00
13563,1102,visit,,2025-08-25 05:28:00
13564,1029,visit,,2025-09-28 07:00:00
13565,74,visit,,2025-08-26 02:57:00
13566,74,product_view,1073.0,2025-08-26 03:01:00
13567,1210,visit,,2025-07-03 03:51:00
13568,443,visit,,2025-08-27 04:46:00
13569,443,product_view,1050.0,2025-08-27 04:47:00
13570,783,visit,,2025-09-05 02:17:00
13571,783,product_view,1058.0,2025-09-05 02:19:00
13572,374,visit,,2025-08-21 09:38:00
13573,374,product_view,1038.0,2025-08-21 09:39:00
13574,921,visit,,2025-08-23 10:03:00
13575,921,product_view,1011.0,2025-08-23 10:05:00
13576,444,visit,,2025-07-14 11:58:00
13577,444,product_view,1085.0,2025-07-14 12:00:00
13578,444,add_to_cart,1085.0,2025-07-14 12:01:00
13579,242,visit,,2025-09-22 19:04:00
13580,242,product_view,1113.0,2025-09-22 19:09:00
13581,1453,visit,,2025-08-18 18:51:00
13582,1453,product_view,1031.0,2025-08-18 18:54:00
13583,1217,visit,,2025-08-08 13:46:00
13584,1217,product_view,1007.0,2025-08-08 13:51:00
13585,1217,add_to_cart,1007.0,2025-08-08 13:54:00
13586,1119,visit,,2025-08-12 03:38:00
13587,1119,product_view,1009.0,2025-08-12 03:43:00
13588,1119,add_to_cart,1009.0,2025-08-12 03:45:00
13589,1119,checkout,1009.0,2025-08-12 03:48:00
13590,1441,visit,,2025-07-10 19:43:00
13591,1441,product_view,1081.0,2025-07-10 19:48:00
13592,44,visit,,2025-09-03 13:43:00
13593,44,product_view,1080.0,2025-09-03 13:47:00
13594,1071,visit,,2025-08-07 09:55:00
13595,1071,product_view,1010.0,2025-08-07 09:59:00
13596,797,visit,,2025-07-14 15:48:00
13597,797,product_view,1013.0,2025-07-14 15:50:00
13598,570,visit,,2025-07-01 13:56:00
13599,103,visit,,2025-07-04 10:47:00
13600,103,product_view,1072.0,2025-07-04 10:50:00
13601,574,visit,,2025-07-02 08:39:00
13602,574,product_view,1087.0,2025-07-02 08:43:00
13603,1208,visit,,2025-08-11 22:30:00
13604,1208,product_view,1090.0,2025-08-11 22:31:00
13605,1208,add_to_cart,1090.0,2025-08-11 22:32:00
13606,1208,checkout,1090.0,2025-08-11 22:34:00
13607,1208,purchase,1090.0,2025-08-11 22:37:00
13608,190,visit,,2025-08-14 18:35:00
13609,190,product_view,1058.0,2025-08-14 18:37:00
13610,1406,visit,,2025-09-17 09:40:00
13611,859,visit,,2025-09-21 03:39:00
13612,859,product_view,1034.0,2025-09-21 03:42:00
13613,434,visit,,2025-08-16 02:38:00
13614,434,product_view,1024.0,2025-08-16 02:39:00
13615,434,add_to_cart,1024.0,2025-08-16 02:43:00
13616,434,checkout,1024.0,2025-08-16 02:45:00
13617,275,visit,,2025-08-26 15:44:00
13618,275,product_view,1019.0,2025-08-26 15:45:00
13619,275,add_to_cart,1019.0,2025-08-26 15:48:00
13620,339,visit,,2025-09-03 05:15:00
13621,339,product_view,1055.0,2025-09-03 05:18:00
13622,541,visit,,2025-09-27 08:16:00
13623,541,product_view,1026.0,2025-09-27 08:18:00
13624,541,add_to_cart,1026.0,2025-09-27 08:19:00
13625,541,checkout,1026.0,2025-09-27 08:21:00
13626,541,purchase,1026.0,2025-09-27 08:23:00
13627,831,visit,,2025-08-05 03:43:00
13628,211,visit,,2025-09-18 17:48:00
13629,755,visit,,2025-08-01 05:57:00
13630,964,visit,,2025-07-02 16:48:00
13631,964,product_view,1047.0,2025-07-02 16:52:00
13632,964,add_to_cart,1047.0,2025-07-02 16:56:00
13633,964,checkout,1047.0,2025-07-02 16:57:00
13634,307,visit,,2025-07-29 04:17:00
13635,307,product_view,1088.0,2025-07-29 04:19:00
13636,307,add_to_cart,1088.0,2025-07-29 04:21:00
13637,307,checkout,1088.0,2025-07-29 04:24:00
13638,307,purchase,1088.0,2025-07-29 04:27:00
13639,668,visit,,2025-07-22 17:00:00
13640,668,product_view,1056.0,2025-07-22 17:02:00
13641,668,add_to_cart,1056.0,2025-07-22 17:03:00
13642,668,checkout,1056.0,2025-07-22 17:05:00
13643,668,visit,,2025-08-11 23:33:00
13644,668,product_view,1099.0,2025-08-11 23:36:00
13645,350,visit,,2025-08-07 01:30:00
13646,1109,visit,,2025-09-05 12:11:00
13647,1109,product_view,1021.0,2025-09-05 12:14:00
13648,1109,add_to_cart,1021.0,2025-09-05 12:16:00
13649,1109,checkout,1021.0,2025-09-05 12:19:00
13650,48,visit,,2025-08-24 05:40:00
13651,48,product_view,1099.0,2025-08-24 05:45:00
13652,1483,visit,,2025-08-18 00:33:00
13653,1483,product_view,1028.0,2025-08-18 00:36:00
13654,1483,add_to_cart,1028.0,2025-08-18 00:38:00
13655,1483,checkout,1028.0,2025-08-18 00:39:00
13656,1361,visit,,2025-08-22 14:23:00
13657,1361,product_view,1011.0,2025-08-22 14:24:00
13658,1361,add_to_cart,1011.0,2025-08-22 14:26:00
13659,1303,visit,,2025-07-04 06:53:00
13660,1303,product_view,1058.0,2025-07-04 06:54:00
13661,585,visit,,2025-08-26 15:59:00
13662,585,product_view,1120.0,2025-08-26 16:03:00
13663,1116,visit,,2025-09-28 21:26:00
13664,1116,product_view,1066.0,2025-09-28 21:30:00
13665,1116,add_to_cart,1066.0,2025-09-28 21:34:00
13666,1204,visit,,2025-08-30 00:33:00
13667,1204,product_view,1069.0,2025-08-30 00:36:00
13668,1204,add_to_cart,1069.0,2025-08-30 00:38:00
13669,1204,checkout,1069.0,2025-08-30 00:41:00
13670,1204,purchase,1069.0,2025-08-30 00:42:00
13671,1443,visit,,2025-09-22 07:42:00
13672,800,visit,,2025-08-12 14:44:00
13673,800,product_view,1103.0,2025-08-12 14:46:00
13674,997,visit,,2025-08-19 08:51:00
13675,997,product_view,1102.0,2025-08-19 08:52:00
13676,997,add_to_cart,1102.0,2025-08-19 08:55:00
13677,317,visit,,2025-07-20 00:34:00
13678,1346,visit,,2025-08-05 13:53:00
13679,1346,product_view,1027.0,2025-08-05 13:56:00
13680,270,visit,,2025-09-11 21:46:00
13681,270,product_view,1076.0,2025-09-11 21:48:00
13682,270,add_to_cart,1076.0,2025-09-11 21:52:00
13683,270,checkout,1076.0,2025-09-11 21:55:00
13684,771,visit,,2025-08-25 18:37:00
13685,771,product_view,1006.0,2025-08-25 18:39:00
13686,539,visit,,2025-07-10 01:24:00
13687,539,product_view,1044.0,2025-07-10 01:29:00
13688,539,add_to_cart,1044.0,2025-07-10 01:31:00
13689,539,checkout,1044.0,2025-07-10 01:32:00
13690,539,purchase,1044.0,2025-07-10 01:35:00
13691,1497,visit,,2025-07-02 09:44:00
13692,1497,product_view,1049.0,2025-07-02 09:49:00
13693,1497,add_to_cart,1049.0,2025-07-02 09:53:00
13694,217,visit,,2025-07-08 07:26:00
13695,217,product_view,1097.0,2025-07-08 07:27:00
13696,217,add_to_cart,1097.0,2025-07-08 07:30:00
13697,1333,visit,,2025-08-23 05:20:00
13698,1333,product_view,1097.0,2025-08-23 05:25:00
13699,1333,add_to_cart,1097.0,2025-08-23 05:28:00
13700,1333,checkout,1097.0,2025-08-23 05:29:00
13701,1333,purchase,1097.0,2025-08-23 05:32:00
13702,1119,visit,,2025-09-13 21:50:00
13703,1119,product_view,1079.0,2025-09-13 21:55:00
13704,1063,visit,,2025-08-19 00:33:00
13705,1063,product_view,1120.0,2025-08-19 00:34:00
13706,1063,add_to_cart,1120.0,2025-08-19 00:37:00
13707,1063,checkout,1120.0,2025-08-19 00:38:00
13708,419,visit,,2025-08-21 00:15:00
13709,419,product_view,1091.0,2025-08-21 00:19:00
13710,419,add_to_cart,1091.0,2025-08-21 00:22:00
13711,1357,visit,,2025-08-06 08:50:00
13712,1357,product_view,1065.0,2025-08-06 08:52:00
13713,1000,visit,,2025-07-15 06:11:00
13714,1000,product_view,1018.0,2025-07-15 06:15:00
13715,854,visit,,2025-09-10 07:49:00
13716,1465,visit,,2025-07-10 21:59:00
13717,1465,product_view,1076.0,2025-07-10 22:02:00
13718,1465,add_to_cart,1076.0,2025-07-10 22:05:00
13719,96,visit,,2025-09-14 15:36:00
13720,675,visit,,2025-08-18 16:45:00
13721,675,product_view,1099.0,2025-08-18 16:47:00
13722,675,add_to_cart,1099.0,2025-08-18 16:48:00
13723,675,checkout,1099.0,2025-08-18 16:49:00
13724,675,purchase,1099.0,2025-08-18 16:52:00
13725,968,visit,,2025-08-29 05:38:00
13726,968,product_view,1036.0,2025-08-29 05:40:00
13727,968,add_to_cart,1036.0,2025-08-29 05:42:00
13728,731,visit,,2025-09-27 14:19:00
13729,731,product_view,1080.0,2025-09-27 14:21:00
13730,731,add_to_cart,1080.0,2025-09-27 14:23:00
13731,731,checkout,1080.0,2025-09-27 14:24:00
13732,731,purchase,1080.0,2025-09-27 14:25:00
13733,35,visit,,2025-07-23 22:15:00
13734,1012,visit,,2025-08-10 16:34:00
13735,1012,product_view,1110.0,2025-08-10 16:35:00
13736,1012,add_to_cart,1110.0,2025-08-10 16:37:00
13737,1012,checkout,1110.0,2025-08-10 16:38:00
13738,1012,purchase,1110.0,2025-08-10 16:40:00
13739,781,visit,,2025-07-17 14:10:00
13740,184,visit,,2025-09-11 03:00:00
13741,184,product_view,1071.0,2025-09-11 03:02:00
13742,184,add_to_cart,1071.0,2025-09-11 03:03:00
13743,184,checkout,1071.0,2025-09-11 03:04:00
13744,184,purchase,1071.0,2025-09-11 03:07:00
13745,664,visit,,2025-07-29 12:55:00
13746,664,product_view,1009.0,2025-07-29 12:57:00
13747,664,add_to_cart,1009.0,2025-07-29 12:58:00
13748,664,checkout,1009.0,2025-07-29 13:01:00
13749,664,purchase,1009.0,2025-07-29 13:02:00
13750,62,visit,,2025-09-11 20:56:00
13751,62,product_view,1109.0,2025-09-11 20:57:00
13752,639,visit,,2025-07-10 08:24:00
13753,639,product_view,1001.0,2025-07-10 08:25:00
13754,484,visit,,2025-08-21 01:59:00
13755,484,product_view,1105.0,2025-08-21 02:01:00
13756,321,visit,,2025-09-19 23:18:00
13757,321,product_view,1005.0,2025-09-19 23:23:00
13758,15,visit,,2025-07-27 22:43:00
13759,719,visit,,2025-07-31 06:23:00
13760,719,product_view,1030.0,2025-07-31 06:27:00
13761,863,visit,,2025-08-11 02:02:00
13762,863,product_view,1017.0,2025-08-11 02:07:00
13763,863,add_to_cart,1017.0,2025-08-11 02:08:00
13764,863,checkout,1017.0,2025-08-11 02:09:00
13765,744,visit,,2025-07-10 23:21:00
13766,744,product_view,1086.0,2025-07-10 23:23:00
13767,61,visit,,2025-08-20 14:12:00
13768,61,product_view,1076.0,2025-08-20 14:17:00
13769,307,visit,,2025-07-01 15:19:00
13770,307,product_view,1038.0,2025-07-01 15:21:00
13771,307,add_to_cart,1038.0,2025-07-01 15:25:00
13772,307,checkout,1038.0,2025-07-01 15:26:00
13773,307,purchase,1038.0,2025-07-01 15:27:00
13774,787,visit,,2025-09-23 16:23:00
13775,787,product_view,1029.0,2025-09-23 16:25:00
13776,787,add_to_cart,1029.0,2025-09-23 16:26:00
13777,787,checkout,1029.0,2025-09-23 16:29:00
13778,787,purchase,1029.0,2025-09-23 16:30:00
13779,1132,visit,,2025-07-14 12:09:00
13780,1132,product_view,1039.0,2025-07-14 12:13:00
13781,1132,add_to_cart,1039.0,2025-07-14 12:14:00
13782,882,visit,,2025-07-31 20:07:00
13783,882,product_view,1067.0,2025-07-31 20:10:00
13784,882,add_to_cart,1067.0,2025-07-31 20:11:00
13785,882,checkout,1067.0,2025-07-31 20:13:00
13786,759,visit,,2025-08-16 16:45:00
13787,759,product_view,1112.0,2025-08-16 16:48:00
13788,759,add_to_cart,1112.0,2025-08-16 16:51:00
13789,759,checkout,1112.0,2025-08-16 16:52:00
13790,759,purchase,1112.0,2025-08-16 16:53:00
13791,1225,visit,,2025-07-18 06:10:00
13792,1225,product_view,1003.0,2025-07-18 06:14:00
13793,216,visit,,2025-09-05 17:59:00
13794,216,product_view,1077.0,2025-09-05 18:03:00
13795,1217,visit,,2025-09-01 11:02:00
13796,1217,product_view,1015.0,2025-09-01 11:05:00
13797,1217,add_to_cart,1015.0,2025-09-01 11:07:00
13798,1217,checkout,1015.0,2025-09-01 11:09:00
13799,1217,purchase,1015.0,2025-09-01 11:11:00
13800,575,visit,,2025-07-13 12:41:00
13801,575,product_view,1052.0,2025-07-13 12:43:00
13802,1056,visit,,2025-08-06 06:46:00
13803,1056,product_view,1081.0,2025-08-06 06:50:00
13804,1056,add_to_cart,1081.0,2025-08-06 06:54:00
13805,338,visit,,2025-07-19 00:16:00
13806,338,product_view,1002.0,2025-07-19 00:21:00
13807,165,visit,,2025-07-04 07:24:00
13808,165,product_view,1114.0,2025-07-04 07:27:00
13809,165,add_to_cart,1114.0,2025-07-04 07:31:00
13810,165,checkout,1114.0,2025-07-04 07:33:00
13811,165,purchase,1114.0,2025-07-04 07:35:00
13812,1480,visit,,2025-08-30 03:43:00
13813,897,visit,,2025-08-13 06:04:00
13814,745,visit,,2025-08-17 11:00:00
13815,105,visit,,2025-07-19 20:39:00
13816,874,visit,,2025-09-13 11:19:00
13817,874,product_view,1093.0,2025-09-13 11:22:00
13818,874,add_to_cart,1093.0,2025-09-13 11:25:00
13819,874,checkout,1093.0,2025-09-13 11:27:00
13820,874,purchase,1093.0,2025-09-13 11:30:00
13821,417,visit,,2025-09-19 02:02:00
13822,1250,visit,,2025-09-11 16:10:00
13823,1250,product_view,1004.0,2025-09-11 16:11:00
13824,239,visit,,2025-09-29 13:42:00
13825,239,product_view,1034.0,2025-09-29 13:43:00
13826,239,add_to_cart,1034.0,2025-09-29 13:45:00
13827,239,checkout,1034.0,2025-09-29 13:47:00
13828,239,purchase,1034.0,2025-09-29 13:49:00
13829,877,visit,,2025-07-22 05:23:00
13830,877,product_view,1002.0,2025-07-22 05:26:00
13831,415,visit,,2025-09-23 02:12:00
13832,415,product_view,1085.0,2025-09-23 02:13:00
13833,415,add_to_cart,1085.0,2025-09-23 02:15:00
13834,1119,visit,,2025-09-12 11:19:00
13835,1008,visit,,2025-08-04 21:02:00
13836,1008,product_view,1048.0,2025-08-04 21:04:00
13837,920,visit,,2025-07-05 11:49:00
13838,920,product_view,1079.0,2025-07-05 11:54:00
13839,920,add_to_cart,1079.0,2025-07-05 11:55:00
13840,920,checkout,1079.0,2025-07-05 11:58:00
13841,920,purchase,1079.0,2025-07-05 12:01:00
13842,832,visit,,2025-09-19 03:01:00
13843,832,product_view,1080.0,2025-09-19 03:06:00
13844,832,add_to_cart,1080.0,2025-09-19 03:10:00
13845,725,visit,,2025-07-14 04:51:00
13846,725,product_view,1056.0,2025-07-14 04:55:00
13847,725,add_to_cart,1056.0,2025-07-14 04:58:00
13848,983,visit,,2025-08-03 14:35:00
13849,983,product_view,1049.0,2025-08-03 14:39:00
13850,983,add_to_cart,1049.0,2025-08-03 14:40:00
13851,983,checkout,1049.0,2025-08-03 14:42:00
13852,983,purchase,1049.0,2025-08-03 14:45:00
13853,1329,visit,,2025-08-09 07:50:00
13854,1175,visit,,2025-09-11 04:22:00
13855,1175,product_view,1075.0,2025-09-11 04:23:00
13856,1186,visit,,2025-07-22 16:27:00
13857,1186,product_view,1114.0,2025-07-22 16:29:00
13858,1186,add_to_cart,1114.0,2025-07-22 16:32:00
13859,220,visit,,2025-07-31 16:43:00
13860,661,visit,,2025-08-12 04:00:00
13861,661,product_view,1088.0,2025-08-12 04:05:00
13862,691,visit,,2025-09-11 03:34:00
13863,691,product_view,1107.0,2025-09-11 03:35:00
13864,1153,visit,,2025-09-06 01:49:00
13865,1153,product_view,1102.0,2025-09-06 01:54:00
13866,1239,visit,,2025-07-06 10:12:00
13867,1239,product_view,1099.0,2025-07-06 10:16:00
13868,1239,add_to_cart,1099.0,2025-07-06 10:17:00
13869,1109,visit,,2025-07-07 07:35:00
13870,593,visit,,2025-07-14 23:27:00
13871,593,product_view,1003.0,2025-07-14 23:31:00
13872,1214,visit,,2025-09-28 22:55:00
13873,1214,product_view,1019.0,2025-09-28 22:56:00
13874,673,visit,,2025-09-01 03:37:00
13875,673,product_view,1002.0,2025-09-01 03:42:00
13876,673,add_to_cart,1002.0,2025-09-01 03:46:00
13877,673,checkout,1002.0,2025-09-01 03:48:00
13878,673,purchase,1002.0,2025-09-01 03:51:00
13879,51,visit,,2025-08-25 18:07:00
13880,507,visit,,2025-08-28 13:30:00
13881,507,product_view,1066.0,2025-08-28 13:33:00
13882,507,add_to_cart,1066.0,2025-08-28 13:36:00
13883,764,visit,,2025-09-02 13:38:00
13884,764,product_view,1053.0,2025-09-02 13:42:00
13885,1154,visit,,2025-07-24 23:26:00
13886,1154,product_view,1049.0,2025-07-24 23:30:00
13887,1154,add_to_cart,1049.0,2025-07-24 23:33:00
13888,1002,visit,,2025-07-06 06:43:00
13889,1262,visit,,2025-09-12 21:02:00
13890,1262,product_view,1011.0,2025-09-12 21:06:00
13891,1400,visit,,2025-07-14 08:04:00
13892,1400,product_view,1104.0,2025-07-14 08:07:00
13893,1400,add_to_cart,1104.0,2025-07-14 08:11:00
13894,1400,checkout,1104.0,2025-07-14 08:14:00
13895,308,visit,,2025-09-03 14:24:00
13896,308,product_view,1074.0,2025-09-03 14:29:00
13897,308,add_to_cart,1074.0,2025-09-03 14:33:00
13898,308,checkout,1074.0,2025-09-03 14:35:00
13899,1285,visit,,2025-09-13 03:30:00
13900,1285,product_view,1012.0,2025-09-13 03:32:00
13901,382,visit,,2025-07-31 13:47:00
13902,382,product_view,1111.0,2025-07-31 13:50:00
13903,441,visit,,2025-08-01 17:02:00
13904,441,product_view,1060.0,2025-08-01 17:03:00
13905,441,add_to_cart,1060.0,2025-08-01 17:06:00
13906,441,checkout,1060.0,2025-08-01 17:07:00
13907,441,purchase,1060.0,2025-08-01 17:10:00
13908,1466,visit,,2025-08-25 23:35:00
13909,1466,product_view,1016.0,2025-08-25 23:36:00
13910,1466,add_to_cart,1016.0,2025-08-25 23:39:00
13911,1466,checkout,1016.0,2025-08-25 23:40:00
13912,1466,purchase,1016.0,2025-08-25 23:41:00
13913,945,visit,,2025-08-31 07:46:00
13914,945,product_view,1069.0,2025-08-31 07:47:00
13915,945,add_to_cart,1069.0,2025-08-31 07:50:00
13916,856,visit,,2025-08-09 14:57:00
13917,398,visit,,2025-09-22 03:49:00
13918,398,product_view,1009.0,2025-09-22 03:54:00
13919,398,add_to_cart,1009.0,2025-09-22 03:56:00
13920,398,checkout,1009.0,2025-09-22 03:57:00
13921,398,purchase,1009.0,2025-09-22 04:00:00
13922,29,visit,,2025-09-21 16:56:00
13923,29,product_view,1070.0,2025-09-21 16:58:00
13924,29,add_to_cart,1070.0,2025-09-21 16:59:00
13925,29,checkout,1070.0,2025-09-21 17:02:00
13926,29,purchase,1070.0,2025-09-21 17:04:00
13927,214,visit,,2025-08-17 13:00:00
13928,214,product_view,1052.0,2025-08-17 13:01:00
13929,542,visit,,2025-07-09 16:43:00
13930,542,product_view,1115.0,2025-07-09 16:45:00
13931,542,add_to_cart,1115.0,2025-07-09 16:49:00
13932,379,visit,,2025-09-06 05:27:00
13933,379,product_view,1072.0,2025-09-06 05:29:00
13934,379,add_to_cart,1072.0,2025-09-06 05:33:00
13935,379,checkout,1072.0,2025-09-06 05:36:00
13936,379,purchase,1072.0,2025-09-06 05:38:00
13937,161,visit,,2025-09-11 06:44:00
13938,161,product_view,1034.0,2025-09-11 06:45:00
13939,161,add_to_cart,1034.0,2025-09-11 06:47:00
13940,1208,visit,,2025-07-26 16:47:00
13941,626,visit,,2025-07-01 20:14:00
13942,626,product_view,1044.0,2025-07-01 20:19:00
13943,471,visit,,2025-09-11 03:41:00
13944,471,product_view,1036.0,2025-09-11 03:44:00
13945,471,add_to_cart,1036.0,2025-09-11 03:47:00
13946,471,checkout,1036.0,2025-09-11 03:50:00
13947,471,purchase,1036.0,2025-09-11 03:53:00
13948,834,visit,,2025-07-13 06:56:00
13949,834,product_view,1072.0,2025-07-13 07:00:00
13950,1431,visit,,2025-09-20 15:51:00
13951,1431,product_view,1021.0,2025-09-20 15:56:00
13952,1431,add_to_cart,1021.0,2025-09-20 15:57:00
13953,1431,checkout,1021.0,2025-09-20 15:58:00
13954,1431,purchase,1021.0,2025-09-20 15:59:00
13955,1410,visit,,2025-09-07 07:02:00
13956,181,visit,,2025-08-20 15:04:00
13957,181,product_view,1026.0,2025-08-20 15:06:00
13958,181,add_to_cart,1026.0,2025-08-20 15:09:00
13959,181,checkout,1026.0,2025-08-20 15:12:00
13960,181,purchase,1026.0,2025-08-20 15:15:00
13961,827,visit,,2025-07-20 16:31:00
13962,827,product_view,1002.0,2025-07-20 16:32:00
13963,827,add_to_cart,1002.0,2025-07-20 16:36:00
13964,1405,visit,,2025-09-06 16:04:00
13965,1405,product_view,1033.0,2025-09-06 16:05:00
13966,1405,add_to_cart,1033.0,2025-09-06 16:06:00
13967,1405,checkout,1033.0,2025-09-06 16:09:00
13968,1405,purchase,1033.0,2025-09-06 16:12:00
13969,1371,visit,,2025-08-26 19:40:00
13970,1371,product_view,1032.0,2025-08-26 19:45:00
13971,1371,add_to_cart,1032.0,2025-08-26 19:47:00
13972,119,visit,,2025-09-10 04:50:00
13973,119,product_view,1100.0,2025-09-10 04:54:00
13974,1059,visit,,2025-08-05 13:36:00
13975,1059,product_view,1013.0,2025-08-05 13:41:00
13976,1059,add_to_cart,1013.0,2025-08-05 13:45:00
13977,1059,checkout,1013.0,2025-08-05 13:48:00
13978,1059,purchase,1013.0,2025-08-05 13:49:00
13979,899,visit,,2025-09-19 09:52:00
13980,899,product_view,1022.0,2025-09-19 09:53:00
13981,176,visit,,2025-08-25 21:53:00
13982,176,product_view,1044.0,2025-08-25 21:55:00
13983,176,add_to_cart,1044.0,2025-08-25 21:56:00
13984,797,visit,,2025-09-09 00:04:00
13985,797,product_view,1064.0,2025-09-09 00:07:00
13986,797,add_to_cart,1064.0,2025-09-09 00:08:00
13987,568,visit,,2025-07-10 04:35:00
13988,2,visit,,2025-08-07 14:06:00
13989,325,visit,,2025-09-10 06:48:00
13990,325,product_view,1005.0,2025-09-10 06:51:00
13991,325,add_to_cart,1005.0,2025-09-10 06:54:00
13992,325,checkout,1005.0,2025-09-10 06:56:00
13993,325,purchase,1005.0,2025-09-10 06:58:00
13994,1325,visit,,2025-08-24 22:04:00
13995,1325,product_view,1072.0,2025-08-24 22:06:00
13996,267,visit,,2025-08-27 14:26:00
13997,267,product_view,1103.0,2025-08-27 14:30:00
13998,386,visit,,2025-09-22 21:21:00
13999,386,product_view,1079.0,2025-09-22 21:23:00
14000,386,add_to_cart,1079.0,2025-09-22 21:24:00
14001,386,checkout,1079.0,2025-09-22 21:26:00
14002,386,purchase,1079.0,2025-09-22 21:29:00
14003,1216,visit,,2025-08-02 20:14:00
14004,851,visit,,2025-09-29 07:43:00
14005,851,product_view,1052.0,2025-09-29 07:46:00
14006,851,add_to_cart,1052.0,2025-09-29 07:47:00
14007,1039,visit,,2025-08-15 07:21:00
14008,1039,product_view,1035.0,2025-08-15 07:25:00
14009,1075,visit,,2025-09-11 04:44:00
14010,1075,product_view,1047.0,2025-09-11 04:47:00
14011,1075,add_to_cart,1047.0,2025-09-11 04:51:00
14012,1075,checkout,1047.0,2025-09-11 04:54:00
14013,1051,visit,,2025-09-28 06:28:00
14014,1051,product_view,1117.0,2025-09-28 06:33:00
14015,341,visit,,2025-09-18 12:02:00
14016,341,product_view,1025.0,2025-09-18 12:05:00
14017,341,add_to_cart,1025.0,2025-09-18 12:06:00
14018,341,checkout,1025.0,2025-09-18 12:08:00
14019,341,purchase,1025.0,2025-09-18 12:09:00
14020,247,visit,,2025-09-05 05:39:00
14021,247,product_view,1062.0,2025-09-05 05:44:00
14022,147,visit,,2025-08-20 03:46:00
14023,147,product_view,1117.0,2025-08-20 03:48:00
14024,147,add_to_cart,1117.0,2025-08-20 03:52:00
14025,147,checkout,1117.0,2025-08-20 03:53:00
14026,147,purchase,1117.0,2025-08-20 03:54:00
14027,1041,visit,,2025-07-04 09:13:00
14028,1041,product_view,1105.0,2025-07-04 09:14:00
14029,896,visit,,2025-09-09 00:32:00
14030,896,product_view,1079.0,2025-09-09 00:35:00
14031,896,add_to_cart,1079.0,2025-09-09 00:36:00
14032,896,checkout,1079.0,2025-09-09 00:38:00
14033,209,visit,,2025-09-14 14:58:00
14034,1016,visit,,2025-09-03 06:39:00
14035,1016,product_view,1109.0,2025-09-03 06:40:00
14036,1016,add_to_cart,1109.0,2025-09-03 06:43:00
14037,1016,checkout,1109.0,2025-09-03 06:46:00
14038,1016,purchase,1109.0,2025-09-03 06:48:00
14039,596,visit,,2025-08-15 01:04:00
14040,827,visit,,2025-08-27 11:23:00
14041,827,product_view,1048.0,2025-08-27 11:26:00
14042,827,add_to_cart,1048.0,2025-08-27 11:28:00
14043,827,checkout,1048.0,2025-08-27 11:31:00
14044,827,purchase,1048.0,2025-08-27 11:32:00
14045,1365,visit,,2025-09-24 23:48:00
14046,1365,product_view,1064.0,2025-09-24 23:51:00
14047,1365,add_to_cart,1064.0,2025-09-24 23:54:00
14048,981,visit,,2025-09-05 22:40:00
14049,981,product_view,1027.0,2025-09-05 22:43:00
14050,981,add_to_cart,1027.0,2025-09-05 22:47:00
14051,981,checkout,1027.0,2025-09-05 22:48:00
14052,778,visit,,2025-07-15 13:56:00
14053,1381,visit,,2025-07-09 21:21:00
14054,1381,product_view,1111.0,2025-07-09 21:22:00
14055,1381,add_to_cart,1111.0,2025-07-09 21:26:00
14056,1381,checkout,1111.0,2025-07-09 21:29:00
14057,1381,purchase,1111.0,2025-07-09 21:31:00
14058,768,visit,,2025-09-15 14:44:00
14059,768,product_view,1049.0,2025-09-15 14:49:00
14060,768,add_to_cart,1049.0,2025-09-15 14:51:00
14061,768,checkout,1049.0,2025-09-15 14:54:00
14062,793,visit,,2025-09-18 14:21:00
14063,793,product_view,1111.0,2025-09-18 14:24:00
14064,793,add_to_cart,1111.0,2025-09-18 14:25:00
14065,793,checkout,1111.0,2025-09-18 14:26:00
14066,793,purchase,1111.0,2025-09-18 14:27:00
14067,44,visit,,2025-07-25 07:55:00
14068,44,product_view,1048.0,2025-07-25 07:57:00
14069,636,visit,,2025-09-29 18:27:00
14070,636,product_view,1078.0,2025-09-29 18:31:00
14071,1120,visit,,2025-09-26 03:32:00
14072,1120,product_view,1091.0,2025-09-26 03:35:00
14073,1120,add_to_cart,1091.0,2025-09-26 03:36:00
14074,1120,checkout,1091.0,2025-09-26 03:38:00
14075,1120,purchase,1091.0,2025-09-26 03:39:00
14076,457,visit,,2025-09-06 14:16:00
14077,457,product_view,1040.0,2025-09-06 14:18:00
14078,800,visit,,2025-09-11 07:55:00
14079,800,product_view,1016.0,2025-09-11 07:56:00
14080,324,visit,,2025-09-16 06:56:00
14081,324,product_view,1084.0,2025-09-16 06:59:00
14082,324,add_to_cart,1084.0,2025-09-16 07:00:00
14083,174,visit,,2025-07-26 08:54:00
14084,174,product_view,1102.0,2025-07-26 08:57:00
14085,1243,visit,,2025-09-15 00:58:00
14086,1243,product_view,1079.0,2025-09-15 01:00:00
14087,1243,add_to_cart,1079.0,2025-09-15 01:04:00
14088,1141,visit,,2025-07-17 07:03:00
14089,1141,product_view,1063.0,2025-07-17 07:05:00
14090,714,visit,,2025-09-06 06:28:00
14091,714,product_view,1058.0,2025-09-06 06:31:00
14092,714,add_to_cart,1058.0,2025-09-06 06:32:00
14093,714,checkout,1058.0,2025-09-06 06:33:00
14094,714,purchase,1058.0,2025-09-06 06:35:00
14095,778,visit,,2025-09-16 11:51:00
14096,778,product_view,1063.0,2025-09-16 11:53:00
14097,1474,visit,,2025-08-04 19:24:00
14098,1474,product_view,1017.0,2025-08-04 19:28:00
14099,1474,add_to_cart,1017.0,2025-08-04 19:32:00
14100,1474,checkout,1017.0,2025-08-04 19:34:00
14101,1194,visit,,2025-07-17 00:53:00
14102,1194,product_view,1016.0,2025-07-17 00:56:00
14103,1194,add_to_cart,1016.0,2025-07-17 00:57:00
14104,1103,visit,,2025-09-18 22:17:00
14105,417,visit,,2025-09-06 04:24:00
14106,417,product_view,1072.0,2025-09-06 04:28:00
14107,417,add_to_cart,1072.0,2025-09-06 04:31:00
14108,483,visit,,2025-08-19 12:31:00
14109,483,product_view,1087.0,2025-08-19 12:36:00
14110,483,add_to_cart,1087.0,2025-08-19 12:40:00
14111,483,checkout,1087.0,2025-08-19 12:41:00
14112,483,purchase,1087.0,2025-08-19 12:43:00
